experiment,algorithm,size_chars,size_bits,probability,flipped_bits,frame_bits_len,overhead_bits,overhead_pct,status,errors_detected,errors_corrected,message_correct,silent_corruption,malformed_json
A_overhead,HAMMING,1,8,0.0,0,13,5,62.5,OK,0,0,1,0,0
A_overhead,HAMMING,2,16,0.0,0,22,6,37.5,OK,0,0,1,0,0
A_overhead,HAMMING,4,32,0.0,0,39,7,21.875,OK,0,0,1,0,0
A_overhead,HAMMING,8,64,0.0,0,72,8,12.5,OK,0,0,1,0,0
A_overhead,HAMMING,16,128,0.0,0,137,9,7.0312,OK,0,0,1,0,0
A_overhead,HAMMING,32,256,0.0,0,266,10,3.9062,OK,0,0,1,0,0
A_overhead,HAMMING,64,512,0.0,0,523,11,2.1484,OK,0,0,1,0,0
A_overhead,HAMMING,128,1024,0.0,0,1036,12,1.1719,OK,0,0,1,0,0
A_overhead,CRC32,1,8,0.0,0,64,56,700.0,OK,0,0,1,0,0
A_overhead,CRC32,2,16,0.0,0,64,48,300.0,OK,0,0,1,0,0
A_overhead,CRC32,4,32,0.0,0,64,32,100.0,OK,0,0,1,0,0
A_overhead,CRC32,8,64,0.0,0,96,32,50.0,OK,0,0,1,0,0
A_overhead,CRC32,16,128,0.0,0,160,32,25.0,OK,0,0,1,0,0
A_overhead,CRC32,32,256,0.0,0,288,32,12.5,OK,0,0,1,0,0
A_overhead,CRC32,64,512,0.0,0,544,32,6.25,OK,0,0,1,0,0
A_overhead,CRC32,128,1024,0.0,0,1056,32,3.125,OK,0,0,1,0,0
B_vs_probabilidad,HAMMING,32,256,0.0,0,266,10,3.9062,OK,0,0,1,0,0
B_vs_probabilidad,HAMMING,32,256,0.0,0,266,10,3.9062,OK,0,0,1,0,0
B_vs_probabilidad,HAMMING,32,256,0.0,0,266,10,3.9062,OK,0,0,1,0,0
B_vs_probabilidad,HAMMING,32,256,0.0,0,266,10,3.9062,OK,0,0,1,0,0
B_vs_probabilidad,HAMMING,32,256,0.0,0,266,10,3.9062,OK,0,0,1,0,0
B_vs_probabilidad,HAMMING,32,256,0.0,0,266,10,3.9062,OK,0,0,1,0,0
B_vs_probabilidad,HAMMING,32,256,0.0,0,266,10,3.9062,OK,0,0,1,0,0
B_vs_probabilidad,HAMMING,32,256,0.0,0,266,10,3.9062,OK,0,0,1,0,0
B_vs_probabilidad,HAMMING,32,256,0.0,0,266,10,3.9062,OK,0,0,1,0,0
B_vs_probabilidad,HAMMING,32,256,0.0,0,266,10,3.9062,OK,0,0,1,0,0
B_vs_probabilidad,HAMMING,32,256,0.0,0,266,10,3.9062,OK,0,0,1,0,0
B_vs_probabilidad,HAMMING,32,256,0.0,0,266,10,3.9062,OK,0,0,1,0,0
B_vs_probabilidad,HAMMING,32,256,0.0,0,266,10,3.9062,OK,0,0,1,0,0
B_vs_probabilidad,HAMMING,32,256,0.0,0,266,10,3.9062,OK,0,0,1,0,0
B_vs_probabilidad,HAMMING,32,256,0.0,0,266,10,3.9062,OK,0,0,1,0,0
B_vs_probabilidad,HAMMING,32,256,0.0,0,266,10,3.9062,OK,0,0,1,0,0
B_vs_probabilidad,HAMMING,32,256,0.0,0,266,10,3.9062,OK,0,0,1,0,0
B_vs_probabilidad,HAMMING,32,256,0.0,0,266,10,3.9062,OK,0,0,1,0,0
B_vs_probabilidad,HAMMING,32,256,0.0,0,266,10,3.9062,OK,0,0,1,0,0
B_vs_probabilidad,HAMMING,32,256,0.0,0,266,10,3.9062,OK,0,0,1,0,0
B_vs_probabilidad,HAMMING,32,256,0.0,0,266,10,3.9062,OK,0,0,1,0,0
B_vs_probabilidad,HAMMING,32,256,0.0,0,266,10,3.9062,OK,0,0,1,0,0
B_vs_probabilidad,HAMMING,32,256,0.0,0,266,10,3.9062,OK,0,0,1,0,0
B_vs_probabilidad,HAMMING,32,256,0.0,0,266,10,3.9062,OK,0,0,1,0,0
B_vs_probabilidad,HAMMING,32,256,0.0,0,266,10,3.9062,OK,0,0,1,0,0
B_vs_probabilidad,HAMMING,32,256,0.0,0,266,10,3.9062,OK,0,0,1,0,0
B_vs_probabilidad,HAMMING,32,256,0.0,0,266,10,3.9062,OK,0,0,1,0,0
B_vs_probabilidad,HAMMING,32,256,0.0,0,266,10,3.9062,OK,0,0,1,0,0
B_vs_probabilidad,HAMMING,32,256,0.0,0,266,10,3.9062,OK,0,0,1,0,0
B_vs_probabilidad,HAMMING,32,256,0.0,0,266,10,3.9062,OK,0,0,1,0,0
B_vs_probabilidad,HAMMING,32,256,0.0,0,266,10,3.9062,OK,0,0,1,0,0
B_vs_probabilidad,HAMMING,32,256,0.0,0,266,10,3.9062,OK,0,0,1,0,0
B_vs_probabilidad,HAMMING,32,256,0.0,0,266,10,3.9062,OK,0,0,1,0,0
B_vs_probabilidad,HAMMING,32,256,0.0,0,266,10,3.9062,OK,0,0,1,0,0
B_vs_probabilidad,HAMMING,32,256,0.0,0,266,10,3.9062,OK,0,0,1,0,0
B_vs_probabilidad,HAMMING,32,256,0.0,0,266,10,3.9062,OK,0,0,1,0,0
B_vs_probabilidad,HAMMING,32,256,0.0,0,266,10,3.9062,OK,0,0,1,0,0
B_vs_probabilidad,HAMMING,32,256,0.0,0,266,10,3.9062,OK,0,0,1,0,0
B_vs_probabilidad,HAMMING,32,256,0.0,0,266,10,3.9062,OK,0,0,1,0,0
B_vs_probabilidad,HAMMING,32,256,0.0,0,266,10,3.9062,OK,0,0,1,0,0
B_vs_probabilidad,HAMMING,32,256,0.0,0,266,10,3.9062,OK,0,0,1,0,0
B_vs_probabilidad,HAMMING,32,256,0.0,0,266,10,3.9062,OK,0,0,1,0,0
B_vs_probabilidad,HAMMING,32,256,0.0,0,266,10,3.9062,OK,0,0,1,0,0
B_vs_probabilidad,HAMMING,32,256,0.0,0,266,10,3.9062,OK,0,0,1,0,0
B_vs_probabilidad,HAMMING,32,256,0.0,0,266,10,3.9062,OK,0,0,1,0,0
B_vs_probabilidad,HAMMING,32,256,0.0,0,266,10,3.9062,OK,0,0,1,0,0
B_vs_probabilidad,HAMMING,32,256,0.0,0,266,10,3.9062,OK,0,0,1,0,0
B_vs_probabilidad,HAMMING,32,256,0.0,0,266,10,3.9062,OK,0,0,1,0,0
B_vs_probabilidad,HAMMING,32,256,0.0,0,266,10,3.9062,OK,0,0,1,0,0
B_vs_probabilidad,HAMMING,32,256,0.0,0,266,10,3.9062,OK,0,0,1,0,0
B_vs_probabilidad,HAMMING,32,256,0.0,0,266,10,3.9062,OK,0,0,1,0,0
B_vs_probabilidad,HAMMING,32,256,0.0,0,266,10,3.9062,OK,0,0,1,0,0
B_vs_probabilidad,HAMMING,32,256,0.0,0,266,10,3.9062,OK,0,0,1,0,0
B_vs_probabilidad,HAMMING,32,256,0.0,0,266,10,3.9062,OK,0,0,1,0,0
B_vs_probabilidad,HAMMING,32,256,0.0,0,266,10,3.9062,OK,0,0,1,0,0
B_vs_probabilidad,HAMMING,32,256,0.0,0,266,10,3.9062,OK,0,0,1,0,0
B_vs_probabilidad,HAMMING,32,256,0.0,0,266,10,3.9062,OK,0,0,1,0,0
B_vs_probabilidad,HAMMING,32,256,0.0,0,266,10,3.9062,OK,0,0,1,0,0
B_vs_probabilidad,HAMMING,32,256,0.0,0,266,10,3.9062,OK,0,0,1,0,0
B_vs_probabilidad,HAMMING,32,256,0.0,0,266,10,3.9062,OK,0,0,1,0,0
B_vs_probabilidad,HAMMING,32,256,0.0,0,266,10,3.9062,OK,0,0,1,0,0
B_vs_probabilidad,HAMMING,32,256,0.0,0,266,10,3.9062,OK,0,0,1,0,0
B_vs_probabilidad,HAMMING,32,256,0.0,0,266,10,3.9062,OK,0,0,1,0,0
B_vs_probabilidad,HAMMING,32,256,0.0,0,266,10,3.9062,OK,0,0,1,0,0
B_vs_probabilidad,HAMMING,32,256,0.0,0,266,10,3.9062,OK,0,0,1,0,0
B_vs_probabilidad,HAMMING,32,256,0.0,0,266,10,3.9062,OK,0,0,1,0,0
B_vs_probabilidad,HAMMING,32,256,0.0,0,266,10,3.9062,OK,0,0,1,0,0
B_vs_probabilidad,HAMMING,32,256,0.0,0,266,10,3.9062,OK,0,0,1,0,0
B_vs_probabilidad,HAMMING,32,256,0.0,0,266,10,3.9062,OK,0,0,1,0,0
B_vs_probabilidad,HAMMING,32,256,0.0,0,266,10,3.9062,OK,0,0,1,0,0
B_vs_probabilidad,HAMMING,32,256,0.0,0,266,10,3.9062,OK,0,0,1,0,0
B_vs_probabilidad,HAMMING,32,256,0.0,0,266,10,3.9062,OK,0,0,1,0,0
B_vs_probabilidad,HAMMING,32,256,0.0,0,266,10,3.9062,OK,0,0,1,0,0
B_vs_probabilidad,HAMMING,32,256,0.0,0,266,10,3.9062,OK,0,0,1,0,0
B_vs_probabilidad,HAMMING,32,256,0.0,0,266,10,3.9062,OK,0,0,1,0,0
B_vs_probabilidad,HAMMING,32,256,0.0,0,266,10,3.9062,OK,0,0,1,0,0
B_vs_probabilidad,HAMMING,32,256,0.0,0,266,10,3.9062,OK,0,0,1,0,0
B_vs_probabilidad,HAMMING,32,256,0.0,0,266,10,3.9062,OK,0,0,1,0,0
B_vs_probabilidad,HAMMING,32,256,0.0,0,266,10,3.9062,OK,0,0,1,0,0
B_vs_probabilidad,HAMMING,32,256,0.0,0,266,10,3.9062,OK,0,0,1,0,0
B_vs_probabilidad,HAMMING,32,256,0.0,0,266,10,3.9062,OK,0,0,1,0,0
B_vs_probabilidad,HAMMING,32,256,0.0,0,266,10,3.9062,OK,0,0,1,0,0
B_vs_probabilidad,HAMMING,32,256,0.0,0,266,10,3.9062,OK,0,0,1,0,0
B_vs_probabilidad,HAMMING,32,256,0.0,0,266,10,3.9062,OK,0,0,1,0,0
B_vs_probabilidad,HAMMING,32,256,0.0,0,266,10,3.9062,OK,0,0,1,0,0
B_vs_probabilidad,HAMMING,32,256,0.0,0,266,10,3.9062,OK,0,0,1,0,0
B_vs_probabilidad,HAMMING,32,256,0.0,0,266,10,3.9062,OK,0,0,1,0,0
B_vs_probabilidad,HAMMING,32,256,0.0,0,266,10,3.9062,OK,0,0,1,0,0
B_vs_probabilidad,HAMMING,32,256,0.0,0,266,10,3.9062,OK,0,0,1,0,0
B_vs_probabilidad,HAMMING,32,256,0.0,0,266,10,3.9062,OK,0,0,1,0,0
B_vs_probabilidad,HAMMING,32,256,0.0,0,266,10,3.9062,OK,0,0,1,0,0
B_vs_probabilidad,HAMMING,32,256,0.0,0,266,10,3.9062,OK,0,0,1,0,0
B_vs_probabilidad,HAMMING,32,256,0.0,0,266,10,3.9062,OK,0,0,1,0,0
B_vs_probabilidad,HAMMING,32,256,0.0,0,266,10,3.9062,OK,0,0,1,0,0
B_vs_probabilidad,HAMMING,32,256,0.0,0,266,10,3.9062,OK,0,0,1,0,0
B_vs_probabilidad,HAMMING,32,256,0.0,0,266,10,3.9062,OK,0,0,1,0,0
B_vs_probabilidad,HAMMING,32,256,0.0,0,266,10,3.9062,OK,0,0,1,0,0
B_vs_probabilidad,HAMMING,32,256,0.0,0,266,10,3.9062,OK,0,0,1,0,0
B_vs_probabilidad,HAMMING,32,256,0.0,0,266,10,3.9062,OK,0,0,1,0,0
B_vs_probabilidad,HAMMING,32,256,0.0,0,266,10,3.9062,OK,0,0,1,0,0
B_vs_probabilidad,HAMMING,32,256,0.0,0,266,10,3.9062,OK,0,0,1,0,0
B_vs_probabilidad,HAMMING,32,256,0.0,0,266,10,3.9062,OK,0,0,1,0,0
B_vs_probabilidad,HAMMING,32,256,0.0,0,266,10,3.9062,OK,0,0,1,0,0
B_vs_probabilidad,HAMMING,32,256,0.0,0,266,10,3.9062,OK,0,0,1,0,0
B_vs_probabilidad,HAMMING,32,256,0.0,0,266,10,3.9062,OK,0,0,1,0,0
B_vs_probabilidad,HAMMING,32,256,0.0,0,266,10,3.9062,OK,0,0,1,0,0
B_vs_probabilidad,HAMMING,32,256,0.0,0,266,10,3.9062,OK,0,0,1,0,0
B_vs_probabilidad,HAMMING,32,256,0.0,0,266,10,3.9062,OK,0,0,1,0,0
B_vs_probabilidad,HAMMING,32,256,0.0,0,266,10,3.9062,OK,0,0,1,0,0
B_vs_probabilidad,HAMMING,32,256,0.0,0,266,10,3.9062,OK,0,0,1,0,0
B_vs_probabilidad,HAMMING,32,256,0.0,0,266,10,3.9062,OK,0,0,1,0,0
B_vs_probabilidad,HAMMING,32,256,0.0,0,266,10,3.9062,OK,0,0,1,0,0
B_vs_probabilidad,HAMMING,32,256,0.0,0,266,10,3.9062,OK,0,0,1,0,0
B_vs_probabilidad,HAMMING,32,256,0.0,0,266,10,3.9062,OK,0,0,1,0,0
B_vs_probabilidad,HAMMING,32,256,0.0,0,266,10,3.9062,OK,0,0,1,0,0
B_vs_probabilidad,HAMMING,32,256,0.0,0,266,10,3.9062,OK,0,0,1,0,0
B_vs_probabilidad,HAMMING,32,256,0.0,0,266,10,3.9062,OK,0,0,1,0,0
B_vs_probabilidad,HAMMING,32,256,0.0,0,266,10,3.9062,OK,0,0,1,0,0
B_vs_probabilidad,HAMMING,32,256,0.0,0,266,10,3.9062,OK,0,0,1,0,0
B_vs_probabilidad,HAMMING,32,256,0.0,0,266,10,3.9062,OK,0,0,1,0,0
B_vs_probabilidad,HAMMING,32,256,0.0,0,266,10,3.9062,OK,0,0,1,0,0
B_vs_probabilidad,HAMMING,32,256,0.0,0,266,10,3.9062,OK,0,0,1,0,0
B_vs_probabilidad,HAMMING,32,256,0.0,0,266,10,3.9062,OK,0,0,1,0,0
B_vs_probabilidad,HAMMING,32,256,0.0,0,266,10,3.9062,OK,0,0,1,0,0
B_vs_probabilidad,HAMMING,32,256,0.0,0,266,10,3.9062,OK,0,0,1,0,0
B_vs_probabilidad,HAMMING,32,256,0.0,0,266,10,3.9062,OK,0,0,1,0,0
B_vs_probabilidad,HAMMING,32,256,0.0,0,266,10,3.9062,OK,0,0,1,0,0
B_vs_probabilidad,HAMMING,32,256,0.0,0,266,10,3.9062,OK,0,0,1,0,0
B_vs_probabilidad,HAMMING,32,256,0.0,0,266,10,3.9062,OK,0,0,1,0,0
B_vs_probabilidad,HAMMING,32,256,0.0,0,266,10,3.9062,OK,0,0,1,0,0
B_vs_probabilidad,HAMMING,32,256,0.0,0,266,10,3.9062,OK,0,0,1,0,0
B_vs_probabilidad,HAMMING,32,256,0.0,0,266,10,3.9062,OK,0,0,1,0,0
B_vs_probabilidad,HAMMING,32,256,0.0,0,266,10,3.9062,OK,0,0,1,0,0
B_vs_probabilidad,HAMMING,32,256,0.0,0,266,10,3.9062,OK,0,0,1,0,0
B_vs_probabilidad,HAMMING,32,256,0.0,0,266,10,3.9062,OK,0,0,1,0,0
B_vs_probabilidad,HAMMING,32,256,0.0,0,266,10,3.9062,OK,0,0,1,0,0
B_vs_probabilidad,HAMMING,32,256,0.0,0,266,10,3.9062,OK,0,0,1,0,0
B_vs_probabilidad,HAMMING,32,256,0.0,0,266,10,3.9062,OK,0,0,1,0,0
B_vs_probabilidad,HAMMING,32,256,0.0,0,266,10,3.9062,OK,0,0,1,0,0
B_vs_probabilidad,HAMMING,32,256,0.0,0,266,10,3.9062,OK,0,0,1,0,0
B_vs_probabilidad,HAMMING,32,256,0.0,0,266,10,3.9062,OK,0,0,1,0,0
B_vs_probabilidad,HAMMING,32,256,0.0,0,266,10,3.9062,OK,0,0,1,0,0
B_vs_probabilidad,HAMMING,32,256,0.0,0,266,10,3.9062,OK,0,0,1,0,0
B_vs_probabilidad,HAMMING,32,256,0.0,0,266,10,3.9062,OK,0,0,1,0,0
B_vs_probabilidad,HAMMING,32,256,0.0,0,266,10,3.9062,OK,0,0,1,0,0
B_vs_probabilidad,HAMMING,32,256,0.0,0,266,10,3.9062,OK,0,0,1,0,0
B_vs_probabilidad,HAMMING,32,256,0.0,0,266,10,3.9062,OK,0,0,1,0,0
B_vs_probabilidad,HAMMING,32,256,0.0,0,266,10,3.9062,OK,0,0,1,0,0
B_vs_probabilidad,HAMMING,32,256,0.0,0,266,10,3.9062,OK,0,0,1,0,0
B_vs_probabilidad,HAMMING,32,256,0.0,0,266,10,3.9062,OK,0,0,1,0,0
B_vs_probabilidad,HAMMING,32,256,0.0,0,266,10,3.9062,OK,0,0,1,0,0
B_vs_probabilidad,HAMMING,32,256,0.0,0,266,10,3.9062,OK,0,0,1,0,0
B_vs_probabilidad,HAMMING,32,256,0.0,0,266,10,3.9062,OK,0,0,1,0,0
B_vs_probabilidad,HAMMING,32,256,0.0,0,266,10,3.9062,OK,0,0,1,0,0
B_vs_probabilidad,HAMMING,32,256,0.0,0,266,10,3.9062,OK,0,0,1,0,0
B_vs_probabilidad,HAMMING,32,256,0.0,0,266,10,3.9062,OK,0,0,1,0,0
B_vs_probabilidad,HAMMING,32,256,0.0,0,266,10,3.9062,OK,0,0,1,0,0
B_vs_probabilidad,HAMMING,32,256,0.0,0,266,10,3.9062,OK,0,0,1,0,0
B_vs_probabilidad,HAMMING,32,256,0.0,0,266,10,3.9062,OK,0,0,1,0,0
B_vs_probabilidad,HAMMING,32,256,0.0,0,266,10,3.9062,OK,0,0,1,0,0
B_vs_probabilidad,HAMMING,32,256,0.0,0,266,10,3.9062,OK,0,0,1,0,0
B_vs_probabilidad,HAMMING,32,256,0.0,0,266,10,3.9062,OK,0,0,1,0,0
B_vs_probabilidad,HAMMING,32,256,0.0,0,266,10,3.9062,OK,0,0,1,0,0
B_vs_probabilidad,HAMMING,32,256,0.0,0,266,10,3.9062,OK,0,0,1,0,0
B_vs_probabilidad,HAMMING,32,256,0.0,0,266,10,3.9062,OK,0,0,1,0,0
B_vs_probabilidad,HAMMING,32,256,0.0,0,266,10,3.9062,OK,0,0,1,0,0
B_vs_probabilidad,HAMMING,32,256,0.0,0,266,10,3.9062,OK,0,0,1,0,0
B_vs_probabilidad,HAMMING,32,256,0.0,0,266,10,3.9062,OK,0,0,1,0,0
B_vs_probabilidad,HAMMING,32,256,0.0,0,266,10,3.9062,OK,0,0,1,0,0
B_vs_probabilidad,HAMMING,32,256,0.0,0,266,10,3.9062,OK,0,0,1,0,0
B_vs_probabilidad,HAMMING,32,256,0.0,0,266,10,3.9062,OK,0,0,1,0,0
B_vs_probabilidad,HAMMING,32,256,0.0,0,266,10,3.9062,OK,0,0,1,0,0
B_vs_probabilidad,HAMMING,32,256,0.0,0,266,10,3.9062,OK,0,0,1,0,0
B_vs_probabilidad,HAMMING,32,256,0.0,0,266,10,3.9062,OK,0,0,1,0,0
B_vs_probabilidad,HAMMING,32,256,0.0,0,266,10,3.9062,OK,0,0,1,0,0
B_vs_probabilidad,HAMMING,32,256,0.0,0,266,10,3.9062,OK,0,0,1,0,0
B_vs_probabilidad,HAMMING,32,256,0.0,0,266,10,3.9062,OK,0,0,1,0,0
B_vs_probabilidad,HAMMING,32,256,0.0,0,266,10,3.9062,OK,0,0,1,0,0
B_vs_probabilidad,HAMMING,32,256,0.0,0,266,10,3.9062,OK,0,0,1,0,0
B_vs_probabilidad,HAMMING,32,256,0.0,0,266,10,3.9062,OK,0,0,1,0,0
B_vs_probabilidad,HAMMING,32,256,0.0,0,266,10,3.9062,OK,0,0,1,0,0
B_vs_probabilidad,HAMMING,32,256,0.0,0,266,10,3.9062,OK,0,0,1,0,0
B_vs_probabilidad,HAMMING,32,256,0.0,0,266,10,3.9062,OK,0,0,1,0,0
B_vs_probabilidad,HAMMING,32,256,0.0,0,266,10,3.9062,OK,0,0,1,0,0
B_vs_probabilidad,HAMMING,32,256,0.0,0,266,10,3.9062,OK,0,0,1,0,0
B_vs_probabilidad,HAMMING,32,256,0.0,0,266,10,3.9062,OK,0,0,1,0,0
B_vs_probabilidad,HAMMING,32,256,0.0,0,266,10,3.9062,OK,0,0,1,0,0
B_vs_probabilidad,HAMMING,32,256,0.0,0,266,10,3.9062,OK,0,0,1,0,0
B_vs_probabilidad,HAMMING,32,256,0.0,0,266,10,3.9062,OK,0,0,1,0,0
B_vs_probabilidad,HAMMING,32,256,0.0,0,266,10,3.9062,OK,0,0,1,0,0
B_vs_probabilidad,HAMMING,32,256,0.0,0,266,10,3.9062,OK,0,0,1,0,0
B_vs_probabilidad,HAMMING,32,256,0.0,0,266,10,3.9062,OK,0,0,1,0,0
B_vs_probabilidad,HAMMING,32,256,0.0,0,266,10,3.9062,OK,0,0,1,0,0
B_vs_probabilidad,HAMMING,32,256,0.0,0,266,10,3.9062,OK,0,0,1,0,0
B_vs_probabilidad,HAMMING,32,256,0.0,0,266,10,3.9062,OK,0,0,1,0,0
B_vs_probabilidad,HAMMING,32,256,0.0,0,266,10,3.9062,OK,0,0,1,0,0
B_vs_probabilidad,HAMMING,32,256,0.0,0,266,10,3.9062,OK,0,0,1,0,0
B_vs_probabilidad,HAMMING,32,256,0.0,0,266,10,3.9062,OK,0,0,1,0,0
B_vs_probabilidad,HAMMING,32,256,0.0,0,266,10,3.9062,OK,0,0,1,0,0
B_vs_probabilidad,HAMMING,32,256,0.0,0,266,10,3.9062,OK,0,0,1,0,0
B_vs_probabilidad,HAMMING,32,256,0.001,1,266,10,3.9062,CORRECTED,1,1,1,0,0
B_vs_probabilidad,HAMMING,32,256,0.001,0,266,10,3.9062,OK,0,0,1,0,0
B_vs_probabilidad,HAMMING,32,256,0.001,0,266,10,3.9062,OK,0,0,1,0,0
B_vs_probabilidad,HAMMING,32,256,0.001,0,266,10,3.9062,OK,0,0,1,0,0
B_vs_probabilidad,HAMMING,32,256,0.001,0,266,10,3.9062,OK,0,0,1,0,0
B_vs_probabilidad,HAMMING,32,256,0.001,0,266,10,3.9062,OK,0,0,1,0,0
B_vs_probabilidad,HAMMING,32,256,0.001,1,266,10,3.9062,CORRECTED,1,1,1,0,0
B_vs_probabilidad,HAMMING,32,256,0.001,0,266,10,3.9062,OK,0,0,1,0,0
B_vs_probabilidad,HAMMING,32,256,0.001,0,266,10,3.9062,OK,0,0,1,0,0
B_vs_probabilidad,HAMMING,32,256,0.001,0,266,10,3.9062,OK,0,0,1,0,0
B_vs_probabilidad,HAMMING,32,256,0.001,1,266,10,3.9062,CORRECTED,1,1,1,0,0
B_vs_probabilidad,HAMMING,32,256,0.001,0,266,10,3.9062,OK,0,0,1,0,0
B_vs_probabilidad,HAMMING,32,256,0.001,0,266,10,3.9062,OK,0,0,1,0,0
B_vs_probabilidad,HAMMING,32,256,0.001,0,266,10,3.9062,OK,0,0,1,0,0
B_vs_probabilidad,HAMMING,32,256,0.001,0,266,10,3.9062,OK,0,0,1,0,0
B_vs_probabilidad,HAMMING,32,256,0.001,0,266,10,3.9062,OK,0,0,1,0,0
B_vs_probabilidad,HAMMING,32,256,0.001,0,266,10,3.9062,OK,0,0,1,0,0
B_vs_probabilidad,HAMMING,32,256,0.001,0,266,10,3.9062,OK,0,0,1,0,0
B_vs_probabilidad,HAMMING,32,256,0.001,0,266,10,3.9062,OK,0,0,1,0,0
B_vs_probabilidad,HAMMING,32,256,0.001,0,266,10,3.9062,OK,0,0,1,0,0
B_vs_probabilidad,HAMMING,32,256,0.001,0,266,10,3.9062,OK,0,0,1,0,0
B_vs_probabilidad,HAMMING,32,256,0.001,1,266,10,3.9062,CORRECTED,1,1,1,0,0
B_vs_probabilidad,HAMMING,32,256,0.001,0,266,10,3.9062,OK,0,0,1,0,0
B_vs_probabilidad,HAMMING,32,256,0.001,1,266,10,3.9062,CORRECTED,1,1,1,0,0
B_vs_probabilidad,HAMMING,32,256,0.001,0,266,10,3.9062,OK,0,0,1,0,0
B_vs_probabilidad,HAMMING,32,256,0.001,0,266,10,3.9062,OK,0,0,1,0,0
B_vs_probabilidad,HAMMING,32,256,0.001,0,266,10,3.9062,OK,0,0,1,0,0
B_vs_probabilidad,HAMMING,32,256,0.001,1,266,10,3.9062,CORRECTED,1,1,1,0,0
B_vs_probabilidad,HAMMING,32,256,0.001,1,266,10,3.9062,CORRECTED,1,1,1,0,0
B_vs_probabilidad,HAMMING,32,256,0.001,0,266,10,3.9062,OK,0,0,1,0,0
B_vs_probabilidad,HAMMING,32,256,0.001,0,266,10,3.9062,OK,0,0,1,0,0
B_vs_probabilidad,HAMMING,32,256,0.001,0,266,10,3.9062,OK,0,0,1,0,0
B_vs_probabilidad,HAMMING,32,256,0.001,0,266,10,3.9062,OK,0,0,1,0,0
B_vs_probabilidad,HAMMING,32,256,0.001,0,266,10,3.9062,OK,0,0,1,0,0
B_vs_probabilidad,HAMMING,32,256,0.001,1,266,10,3.9062,CORRECTED,1,1,1,0,0
B_vs_probabilidad,HAMMING,32,256,0.001,0,266,10,3.9062,OK,0,0,1,0,0
B_vs_probabilidad,HAMMING,32,256,0.001,0,266,10,3.9062,OK,0,0,1,0,0
B_vs_probabilidad,HAMMING,32,256,0.001,0,266,10,3.9062,OK,0,0,1,0,0
B_vs_probabilidad,HAMMING,32,256,0.001,0,266,10,3.9062,OK,0,0,1,0,0
B_vs_probabilidad,HAMMING,32,256,0.001,0,266,10,3.9062,OK,0,0,1,0,0
B_vs_probabilidad,HAMMING,32,256,0.001,1,266,10,3.9062,CORRECTED,1,1,1,0,0
B_vs_probabilidad,HAMMING,32,256,0.001,1,266,10,3.9062,CORRECTED,1,1,1,0,0
B_vs_probabilidad,HAMMING,32,256,0.001,1,266,10,3.9062,CORRECTED,1,1,1,0,0
B_vs_probabilidad,HAMMING,32,256,0.001,0,266,10,3.9062,OK,0,0,1,0,0
B_vs_probabilidad,HAMMING,32,256,0.001,0,266,10,3.9062,OK,0,0,1,0,0
B_vs_probabilidad,HAMMING,32,256,0.001,0,266,10,3.9062,OK,0,0,1,0,0
B_vs_probabilidad,HAMMING,32,256,0.001,0,266,10,3.9062,OK,0,0,1,0,0
B_vs_probabilidad,HAMMING,32,256,0.001,0,266,10,3.9062,OK,0,0,1,0,0
B_vs_probabilidad,HAMMING,32,256,0.001,1,266,10,3.9062,CORRECTED,1,1,1,0,0
B_vs_probabilidad,HAMMING,32,256,0.001,0,266,10,3.9062,OK,0,0,1,0,0
B_vs_probabilidad,HAMMING,32,256,0.001,1,266,10,3.9062,CORRECTED,1,1,1,0,0
B_vs_probabilidad,HAMMING,32,256,0.001,0,266,10,3.9062,OK,0,0,1,0,0
B_vs_probabilidad,HAMMING,32,256,0.001,0,266,10,3.9062,OK,0,0,1,0,0
B_vs_probabilidad,HAMMING,32,256,0.001,0,266,10,3.9062,OK,0,0,1,0,0
B_vs_probabilidad,HAMMING,32,256,0.001,0,266,10,3.9062,OK,0,0,1,0,0
B_vs_probabilidad,HAMMING,32,256,0.001,0,266,10,3.9062,OK,0,0,1,0,0
B_vs_probabilidad,HAMMING,32,256,0.001,0,266,10,3.9062,OK,0,0,1,0,0
B_vs_probabilidad,HAMMING,32,256,0.001,1,266,10,3.9062,CORRECTED,1,1,1,0,0
B_vs_probabilidad,HAMMING,32,256,0.001,1,266,10,3.9062,CORRECTED,1,1,1,0,0
B_vs_probabilidad,HAMMING,32,256,0.001,0,266,10,3.9062,OK,0,0,1,0,0
B_vs_probabilidad,HAMMING,32,256,0.001,0,266,10,3.9062,OK,0,0,1,0,0
B_vs_probabilidad,HAMMING,32,256,0.001,0,266,10,3.9062,OK,0,0,1,0,0
B_vs_probabilidad,HAMMING,32,256,0.001,0,266,10,3.9062,OK,0,0,1,0,0
B_vs_probabilidad,HAMMING,32,256,0.001,0,266,10,3.9062,OK,0,0,1,0,0
B_vs_probabilidad,HAMMING,32,256,0.001,0,266,10,3.9062,OK,0,0,1,0,0
B_vs_probabilidad,HAMMING,32,256,0.001,0,266,10,3.9062,OK,0,0,1,0,0
B_vs_probabilidad,HAMMING,32,256,0.001,0,266,10,3.9062,OK,0,0,1,0,0
B_vs_probabilidad,HAMMING,32,256,0.001,1,266,10,3.9062,CORRECTED,1,1,1,0,0
B_vs_probabilidad,HAMMING,32,256,0.001,1,266,10,3.9062,CORRECTED,1,1,1,0,0
B_vs_probabilidad,HAMMING,32,256,0.001,0,266,10,3.9062,OK,0,0,1,0,0
B_vs_probabilidad,HAMMING,32,256,0.001,0,266,10,3.9062,OK,0,0,1,0,0
B_vs_probabilidad,HAMMING,32,256,0.001,1,266,10,3.9062,CORRECTED,1,1,1,0,0
B_vs_probabilidad,HAMMING,32,256,0.001,0,266,10,3.9062,OK,0,0,1,0,0
B_vs_probabilidad,HAMMING,32,256,0.001,0,266,10,3.9062,OK,0,0,1,0,0
B_vs_probabilidad,HAMMING,32,256,0.001,0,266,10,3.9062,OK,0,0,1,0,0
B_vs_probabilidad,HAMMING,32,256,0.001,0,266,10,3.9062,OK,0,0,1,0,0
B_vs_probabilidad,HAMMING,32,256,0.001,2,266,10,3.9062,ERROR_DETECTED,1,0,0,0,0
B_vs_probabilidad,HAMMING,32,256,0.001,0,266,10,3.9062,OK,0,0,1,0,0
B_vs_probabilidad,HAMMING,32,256,0.001,0,266,10,3.9062,OK,0,0,1,0,0
B_vs_probabilidad,HAMMING,32,256,0.001,0,266,10,3.9062,OK,0,0,1,0,0
B_vs_probabilidad,HAMMING,32,256,0.001,0,266,10,3.9062,OK,0,0,1,0,0
B_vs_probabilidad,HAMMING,32,256,0.001,1,266,10,3.9062,CORRECTED,1,1,1,0,0
B_vs_probabilidad,HAMMING,32,256,0.001,1,266,10,3.9062,CORRECTED,1,1,1,0,0
B_vs_probabilidad,HAMMING,32,256,0.001,0,266,10,3.9062,OK,0,0,1,0,0
B_vs_probabilidad,HAMMING,32,256,0.001,0,266,10,3.9062,OK,0,0,1,0,0
B_vs_probabilidad,HAMMING,32,256,0.001,1,266,10,3.9062,CORRECTED,1,1,1,0,0
B_vs_probabilidad,HAMMING,32,256,0.001,0,266,10,3.9062,OK,0,0,1,0,0
B_vs_probabilidad,HAMMING,32,256,0.001,0,266,10,3.9062,OK,0,0,1,0,0
B_vs_probabilidad,HAMMING,32,256,0.001,0,266,10,3.9062,OK,0,0,1,0,0
B_vs_probabilidad,HAMMING,32,256,0.001,0,266,10,3.9062,OK,0,0,1,0,0
B_vs_probabilidad,HAMMING,32,256,0.001,0,266,10,3.9062,OK,0,0,1,0,0
B_vs_probabilidad,HAMMING,32,256,0.001,0,266,10,3.9062,OK,0,0,1,0,0
B_vs_probabilidad,HAMMING,32,256,0.001,0,266,10,3.9062,OK,0,0,1,0,0
B_vs_probabilidad,HAMMING,32,256,0.001,0,266,10,3.9062,OK,0,0,1,0,0
B_vs_probabilidad,HAMMING,32,256,0.001,0,266,10,3.9062,OK,0,0,1,0,0
B_vs_probabilidad,HAMMING,32,256,0.001,0,266,10,3.9062,OK,0,0,1,0,0
B_vs_probabilidad,HAMMING,32,256,0.001,0,266,10,3.9062,OK,0,0,1,0,0
B_vs_probabilidad,HAMMING,32,256,0.001,0,266,10,3.9062,OK,0,0,1,0,0
B_vs_probabilidad,HAMMING,32,256,0.001,1,266,10,3.9062,CORRECTED,1,1,1,0,0
B_vs_probabilidad,HAMMING,32,256,0.001,0,266,10,3.9062,OK,0,0,1,0,0
B_vs_probabilidad,HAMMING,32,256,0.001,0,266,10,3.9062,OK,0,0,1,0,0
B_vs_probabilidad,HAMMING,32,256,0.001,1,266,10,3.9062,CORRECTED,1,1,1,0,0
B_vs_probabilidad,HAMMING,32,256,0.001,0,266,10,3.9062,OK,0,0,1,0,0
B_vs_probabilidad,HAMMING,32,256,0.001,0,266,10,3.9062,OK,0,0,1,0,0
B_vs_probabilidad,HAMMING,32,256,0.001,0,266,10,3.9062,OK,0,0,1,0,0
B_vs_probabilidad,HAMMING,32,256,0.001,1,266,10,3.9062,CORRECTED,1,1,1,0,0
B_vs_probabilidad,HAMMING,32,256,0.001,0,266,10,3.9062,OK,0,0,1,0,0
B_vs_probabilidad,HAMMING,32,256,0.001,0,266,10,3.9062,OK,0,0,1,0,0
B_vs_probabilidad,HAMMING,32,256,0.001,0,266,10,3.9062,OK,0,0,1,0,0
B_vs_probabilidad,HAMMING,32,256,0.001,0,266,10,3.9062,OK,0,0,1,0,0
B_vs_probabilidad,HAMMING,32,256,0.001,0,266,10,3.9062,OK,0,0,1,0,0
B_vs_probabilidad,HAMMING,32,256,0.001,0,266,10,3.9062,OK,0,0,1,0,0
B_vs_probabilidad,HAMMING,32,256,0.001,1,266,10,3.9062,CORRECTED,1,1,1,0,0
B_vs_probabilidad,HAMMING,32,256,0.001,0,266,10,3.9062,OK,0,0,1,0,0
B_vs_probabilidad,HAMMING,32,256,0.001,0,266,10,3.9062,OK,0,0,1,0,0
B_vs_probabilidad,HAMMING,32,256,0.001,1,266,10,3.9062,CORRECTED,1,1,1,0,0
B_vs_probabilidad,HAMMING,32,256,0.001,1,266,10,3.9062,CORRECTED,1,1,1,0,0
B_vs_probabilidad,HAMMING,32,256,0.001,0,266,10,3.9062,OK,0,0,1,0,0
B_vs_probabilidad,HAMMING,32,256,0.001,0,266,10,3.9062,OK,0,0,1,0,0
B_vs_probabilidad,HAMMING,32,256,0.001,0,266,10,3.9062,OK,0,0,1,0,0
B_vs_probabilidad,HAMMING,32,256,0.001,1,266,10,3.9062,CORRECTED,1,1,1,0,0
B_vs_probabilidad,HAMMING,32,256,0.001,0,266,10,3.9062,OK,0,0,1,0,0
B_vs_probabilidad,HAMMING,32,256,0.001,0,266,10,3.9062,OK,0,0,1,0,0
B_vs_probabilidad,HAMMING,32,256,0.001,0,266,10,3.9062,OK,0,0,1,0,0
B_vs_probabilidad,HAMMING,32,256,0.001,1,266,10,3.9062,CORRECTED,1,1,1,0,0
B_vs_probabilidad,HAMMING,32,256,0.001,0,266,10,3.9062,OK,0,0,1,0,0
B_vs_probabilidad,HAMMING,32,256,0.001,0,266,10,3.9062,OK,0,0,1,0,0
B_vs_probabilidad,HAMMING,32,256,0.001,0,266,10,3.9062,OK,0,0,1,0,0
B_vs_probabilidad,HAMMING,32,256,0.001,0,266,10,3.9062,OK,0,0,1,0,0
B_vs_probabilidad,HAMMING,32,256,0.001,0,266,10,3.9062,OK,0,0,1,0,0
B_vs_probabilidad,HAMMING,32,256,0.001,0,266,10,3.9062,OK,0,0,1,0,0
B_vs_probabilidad,HAMMING,32,256,0.001,0,266,10,3.9062,OK,0,0,1,0,0
B_vs_probabilidad,HAMMING,32,256,0.001,0,266,10,3.9062,OK,0,0,1,0,0
B_vs_probabilidad,HAMMING,32,256,0.001,0,266,10,3.9062,OK,0,0,1,0,0
B_vs_probabilidad,HAMMING,32,256,0.001,0,266,10,3.9062,OK,0,0,1,0,0
B_vs_probabilidad,HAMMING,32,256,0.001,0,266,10,3.9062,OK,0,0,1,0,0
B_vs_probabilidad,HAMMING,32,256,0.001,0,266,10,3.9062,OK,0,0,1,0,0
B_vs_probabilidad,HAMMING,32,256,0.001,1,266,10,3.9062,CORRECTED,1,1,1,0,0
B_vs_probabilidad,HAMMING,32,256,0.001,0,266,10,3.9062,OK,0,0,1,0,0
B_vs_probabilidad,HAMMING,32,256,0.001,0,266,10,3.9062,OK,0,0,1,0,0
B_vs_probabilidad,HAMMING,32,256,0.001,0,266,10,3.9062,OK,0,0,1,0,0
B_vs_probabilidad,HAMMING,32,256,0.001,0,266,10,3.9062,OK,0,0,1,0,0
B_vs_probabilidad,HAMMING,32,256,0.001,1,266,10,3.9062,CORRECTED,1,1,1,0,0
B_vs_probabilidad,HAMMING,32,256,0.001,0,266,10,3.9062,OK,0,0,1,0,0
B_vs_probabilidad,HAMMING,32,256,0.001,0,266,10,3.9062,OK,0,0,1,0,0
B_vs_probabilidad,HAMMING,32,256,0.001,0,266,10,3.9062,OK,0,0,1,0,0
B_vs_probabilidad,HAMMING,32,256,0.001,0,266,10,3.9062,OK,0,0,1,0,0
B_vs_probabilidad,HAMMING,32,256,0.001,0,266,10,3.9062,OK,0,0,1,0,0
B_vs_probabilidad,HAMMING,32,256,0.001,1,266,10,3.9062,CORRECTED,1,1,1,0,0
B_vs_probabilidad,HAMMING,32,256,0.001,0,266,10,3.9062,OK,0,0,1,0,0
B_vs_probabilidad,HAMMING,32,256,0.001,2,266,10,3.9062,ERROR_DETECTED,1,0,0,0,0
B_vs_probabilidad,HAMMING,32,256,0.001,0,266,10,3.9062,OK,0,0,1,0,0
B_vs_probabilidad,HAMMING,32,256,0.001,0,266,10,3.9062,OK,0,0,1,0,0
B_vs_probabilidad,HAMMING,32,256,0.001,0,266,10,3.9062,OK,0,0,1,0,0
B_vs_probabilidad,HAMMING,32,256,0.001,0,266,10,3.9062,OK,0,0,1,0,0
B_vs_probabilidad,HAMMING,32,256,0.001,0,266,10,3.9062,OK,0,0,1,0,0
B_vs_probabilidad,HAMMING,32,256,0.001,0,266,10,3.9062,OK,0,0,1,0,0
B_vs_probabilidad,HAMMING,32,256,0.001,0,266,10,3.9062,OK,0,0,1,0,0
B_vs_probabilidad,HAMMING,32,256,0.001,1,266,10,3.9062,CORRECTED,1,1,1,0,0
B_vs_probabilidad,HAMMING,32,256,0.001,1,266,10,3.9062,CORRECTED,1,1,1,0,0
B_vs_probabilidad,HAMMING,32,256,0.001,0,266,10,3.9062,OK,0,0,1,0,0
B_vs_probabilidad,HAMMING,32,256,0.001,0,266,10,3.9062,OK,0,0,1,0,0
B_vs_probabilidad,HAMMING,32,256,0.001,0,266,10,3.9062,OK,0,0,1,0,0
B_vs_probabilidad,HAMMING,32,256,0.001,0,266,10,3.9062,OK,0,0,1,0,0
B_vs_probabilidad,HAMMING,32,256,0.001,0,266,10,3.9062,OK,0,0,1,0,0
B_vs_probabilidad,HAMMING,32,256,0.001,0,266,10,3.9062,OK,0,0,1,0,0
B_vs_probabilidad,HAMMING,32,256,0.001,0,266,10,3.9062,OK,0,0,1,0,0
B_vs_probabilidad,HAMMING,32,256,0.001,0,266,10,3.9062,OK,0,0,1,0,0
B_vs_probabilidad,HAMMING,32,256,0.001,0,266,10,3.9062,OK,0,0,1,0,0
B_vs_probabilidad,HAMMING,32,256,0.001,1,266,10,3.9062,CORRECTED,1,1,1,0,0
B_vs_probabilidad,HAMMING,32,256,0.001,0,266,10,3.9062,OK,0,0,1,0,0
B_vs_probabilidad,HAMMING,32,256,0.001,1,266,10,3.9062,CORRECTED,1,1,1,0,0
B_vs_probabilidad,HAMMING,32,256,0.001,0,266,10,3.9062,OK,0,0,1,0,0
B_vs_probabilidad,HAMMING,32,256,0.001,0,266,10,3.9062,OK,0,0,1,0,0
B_vs_probabilidad,HAMMING,32,256,0.001,0,266,10,3.9062,OK,0,0,1,0,0
B_vs_probabilidad,HAMMING,32,256,0.001,0,266,10,3.9062,OK,0,0,1,0,0
B_vs_probabilidad,HAMMING,32,256,0.001,1,266,10,3.9062,CORRECTED,1,1,1,0,0
B_vs_probabilidad,HAMMING,32,256,0.001,0,266,10,3.9062,OK,0,0,1,0,0
B_vs_probabilidad,HAMMING,32,256,0.001,0,266,10,3.9062,OK,0,0,1,0,0
B_vs_probabilidad,HAMMING,32,256,0.001,1,266,10,3.9062,CORRECTED,1,1,1,0,0
B_vs_probabilidad,HAMMING,32,256,0.001,0,266,10,3.9062,OK,0,0,1,0,0
B_vs_probabilidad,HAMMING,32,256,0.001,0,266,10,3.9062,OK,0,0,1,0,0
B_vs_probabilidad,HAMMING,32,256,0.001,0,266,10,3.9062,OK,0,0,1,0,0
B_vs_probabilidad,HAMMING,32,256,0.001,0,266,10,3.9062,OK,0,0,1,0,0
B_vs_probabilidad,HAMMING,32,256,0.001,0,266,10,3.9062,OK,0,0,1,0,0
B_vs_probabilidad,HAMMING,32,256,0.001,0,266,10,3.9062,OK,0,0,1,0,0
B_vs_probabilidad,HAMMING,32,256,0.001,0,266,10,3.9062,OK,0,0,1,0,0
B_vs_probabilidad,HAMMING,32,256,0.001,1,266,10,3.9062,CORRECTED,1,1,1,0,0
B_vs_probabilidad,HAMMING,32,256,0.001,0,266,10,3.9062,OK,0,0,1,0,0
B_vs_probabilidad,HAMMING,32,256,0.001,2,266,10,3.9062,ERROR_DETECTED,1,0,0,0,0
B_vs_probabilidad,HAMMING,32,256,0.001,1,266,10,3.9062,CORRECTED,1,1,1,0,0
B_vs_probabilidad,HAMMING,32,256,0.001,0,266,10,3.9062,OK,0,0,1,0,0
B_vs_probabilidad,HAMMING,32,256,0.001,0,266,10,3.9062,OK,0,0,1,0,0
B_vs_probabilidad,HAMMING,32,256,0.001,0,266,10,3.9062,OK,0,0,1,0,0
B_vs_probabilidad,HAMMING,32,256,0.001,0,266,10,3.9062,OK,0,0,1,0,0
B_vs_probabilidad,HAMMING,32,256,0.001,0,266,10,3.9062,OK,0,0,1,0,0
B_vs_probabilidad,HAMMING,32,256,0.001,0,266,10,3.9062,OK,0,0,1,0,0
B_vs_probabilidad,HAMMING,32,256,0.001,0,266,10,3.9062,OK,0,0,1,0,0
B_vs_probabilidad,HAMMING,32,256,0.001,0,266,10,3.9062,OK,0,0,1,0,0
B_vs_probabilidad,HAMMING,32,256,0.001,0,266,10,3.9062,OK,0,0,1,0,0
B_vs_probabilidad,HAMMING,32,256,0.002,0,266,10,3.9062,OK,0,0,1,0,0
B_vs_probabilidad,HAMMING,32,256,0.002,0,266,10,3.9062,OK,0,0,1,0,0
B_vs_probabilidad,HAMMING,32,256,0.002,0,266,10,3.9062,OK,0,0,1,0,0
B_vs_probabilidad,HAMMING,32,256,0.002,0,266,10,3.9062,OK,0,0,1,0,0
B_vs_probabilidad,HAMMING,32,256,0.002,0,266,10,3.9062,OK,0,0,1,0,0
B_vs_probabilidad,HAMMING,32,256,0.002,0,266,10,3.9062,OK,0,0,1,0,0
B_vs_probabilidad,HAMMING,32,256,0.002,0,266,10,3.9062,OK,0,0,1,0,0
B_vs_probabilidad,HAMMING,32,256,0.002,1,266,10,3.9062,CORRECTED,1,1,1,0,0
B_vs_probabilidad,HAMMING,32,256,0.002,1,266,10,3.9062,CORRECTED,1,1,1,0,0
B_vs_probabilidad,HAMMING,32,256,0.002,0,266,10,3.9062,OK,0,0,1,0,0
B_vs_probabilidad,HAMMING,32,256,0.002,1,266,10,3.9062,CORRECTED,1,1,1,0,0
B_vs_probabilidad,HAMMING,32,256,0.002,1,266,10,3.9062,CORRECTED,1,1,1,0,0
B_vs_probabilidad,HAMMING,32,256,0.002,0,266,10,3.9062,OK,0,0,1,0,0
B_vs_probabilidad,HAMMING,32,256,0.002,0,266,10,3.9062,OK,0,0,1,0,0
B_vs_probabilidad,HAMMING,32,256,0.002,0,266,10,3.9062,OK,0,0,1,0,0
B_vs_probabilidad,HAMMING,32,256,0.002,0,266,10,3.9062,OK,0,0,1,0,0
B_vs_probabilidad,HAMMING,32,256,0.002,0,266,10,3.9062,OK,0,0,1,0,0
B_vs_probabilidad,HAMMING,32,256,0.002,2,266,10,3.9062,ERROR_DETECTED,1,0,0,0,0
B_vs_probabilidad,HAMMING,32,256,0.002,2,266,10,3.9062,ERROR_DETECTED,1,0,0,0,0
B_vs_probabilidad,HAMMING,32,256,0.002,1,266,10,3.9062,CORRECTED,1,1,1,0,0
B_vs_probabilidad,HAMMING,32,256,0.002,0,266,10,3.9062,OK,0,0,1,0,0
B_vs_probabilidad,HAMMING,32,256,0.002,0,266,10,3.9062,OK,0,0,1,0,0
B_vs_probabilidad,HAMMING,32,256,0.002,1,266,10,3.9062,CORRECTED,1,1,1,0,0
B_vs_probabilidad,HAMMING,32,256,0.002,0,266,10,3.9062,OK,0,0,1,0,0
B_vs_probabilidad,HAMMING,32,256,0.002,0,266,10,3.9062,OK,0,0,1,0,0
B_vs_probabilidad,HAMMING,32,256,0.002,1,266,10,3.9062,CORRECTED,1,1,1,0,0
B_vs_probabilidad,HAMMING,32,256,0.002,0,266,10,3.9062,OK,0,0,1,0,0
B_vs_probabilidad,HAMMING,32,256,0.002,0,266,10,3.9062,OK,0,0,1,0,0
B_vs_probabilidad,HAMMING,32,256,0.002,2,266,10,3.9062,ERROR_DETECTED,1,0,0,0,0
B_vs_probabilidad,HAMMING,32,256,0.002,0,266,10,3.9062,OK,0,0,1,0,0
B_vs_probabilidad,HAMMING,32,256,0.002,0,266,10,3.9062,OK,0,0,1,0,0
B_vs_probabilidad,HAMMING,32,256,0.002,0,266,10,3.9062,OK,0,0,1,0,0
B_vs_probabilidad,HAMMING,32,256,0.002,0,266,10,3.9062,OK,0,0,1,0,0
B_vs_probabilidad,HAMMING,32,256,0.002,0,266,10,3.9062,OK,0,0,1,0,0
B_vs_probabilidad,HAMMING,32,256,0.002,0,266,10,3.9062,OK,0,0,1,0,0
B_vs_probabilidad,HAMMING,32,256,0.002,0,266,10,3.9062,OK,0,0,1,0,0
B_vs_probabilidad,HAMMING,32,256,0.002,1,266,10,3.9062,CORRECTED,1,1,1,0,0
B_vs_probabilidad,HAMMING,32,256,0.002,0,266,10,3.9062,OK,0,0,1,0,0
B_vs_probabilidad,HAMMING,32,256,0.002,1,266,10,3.9062,CORRECTED,1,1,1,0,0
B_vs_probabilidad,HAMMING,32,256,0.002,0,266,10,3.9062,OK,0,0,1,0,0
B_vs_probabilidad,HAMMING,32,256,0.002,0,266,10,3.9062,OK,0,0,1,0,0
B_vs_probabilidad,HAMMING,32,256,0.002,0,266,10,3.9062,OK,0,0,1,0,0
B_vs_probabilidad,HAMMING,32,256,0.002,1,266,10,3.9062,CORRECTED,1,1,1,0,0
B_vs_probabilidad,HAMMING,32,256,0.002,1,266,10,3.9062,CORRECTED,1,1,1,0,0
B_vs_probabilidad,HAMMING,32,256,0.002,1,266,10,3.9062,CORRECTED,1,1,1,0,0
B_vs_probabilidad,HAMMING,32,256,0.002,1,266,10,3.9062,CORRECTED,1,1,1,0,0
B_vs_probabilidad,HAMMING,32,256,0.002,0,266,10,3.9062,OK,0,0,1,0,0
B_vs_probabilidad,HAMMING,32,256,0.002,1,266,10,3.9062,CORRECTED,1,1,1,0,0
B_vs_probabilidad,HAMMING,32,256,0.002,0,266,10,3.9062,OK,0,0,1,0,0
B_vs_probabilidad,HAMMING,32,256,0.002,1,266,10,3.9062,CORRECTED,1,1,1,0,0
B_vs_probabilidad,HAMMING,32,256,0.002,0,266,10,3.9062,OK,0,0,1,0,0
B_vs_probabilidad,HAMMING,32,256,0.002,0,266,10,3.9062,OK,0,0,1,0,0
B_vs_probabilidad,HAMMING,32,256,0.002,0,266,10,3.9062,OK,0,0,1,0,0
B_vs_probabilidad,HAMMING,32,256,0.002,1,266,10,3.9062,CORRECTED,1,1,1,0,0
B_vs_probabilidad,HAMMING,32,256,0.002,1,266,10,3.9062,CORRECTED,1,1,1,0,0
B_vs_probabilidad,HAMMING,32,256,0.002,1,266,10,3.9062,CORRECTED,1,1,1,0,0
B_vs_probabilidad,HAMMING,32,256,0.002,0,266,10,3.9062,OK,0,0,1,0,0
B_vs_probabilidad,HAMMING,32,256,0.002,0,266,10,3.9062,OK,0,0,1,0,0
B_vs_probabilidad,HAMMING,32,256,0.002,2,266,10,3.9062,ERROR_DETECTED,1,0,0,0,0
B_vs_probabilidad,HAMMING,32,256,0.002,0,266,10,3.9062,OK,0,0,1,0,0
B_vs_probabilidad,HAMMING,32,256,0.002,1,266,10,3.9062,CORRECTED,1,1,1,0,0
B_vs_probabilidad,HAMMING,32,256,0.002,1,266,10,3.9062,CORRECTED,1,1,1,0,0
B_vs_probabilidad,HAMMING,32,256,0.002,0,266,10,3.9062,OK,0,0,1,0,0
B_vs_probabilidad,HAMMING,32,256,0.002,0,266,10,3.9062,OK,0,0,1,0,0
B_vs_probabilidad,HAMMING,32,256,0.002,0,266,10,3.9062,OK,0,0,1,0,0
B_vs_probabilidad,HAMMING,32,256,0.002,0,266,10,3.9062,OK,0,0,1,0,0
B_vs_probabilidad,HAMMING,32,256,0.002,0,266,10,3.9062,OK,0,0,1,0,0
B_vs_probabilidad,HAMMING,32,256,0.002,0,266,10,3.9062,OK,0,0,1,0,0
B_vs_probabilidad,HAMMING,32,256,0.002,0,266,10,3.9062,OK,0,0,1,0,0
B_vs_probabilidad,HAMMING,32,256,0.002,0,266,10,3.9062,OK,0,0,1,0,0
B_vs_probabilidad,HAMMING,32,256,0.002,3,266,10,3.9062,CORRECTED,1,1,0,1,1
B_vs_probabilidad,HAMMING,32,256,0.002,0,266,10,3.9062,OK,0,0,1,0,0
B_vs_probabilidad,HAMMING,32,256,0.002,1,266,10,3.9062,CORRECTED,1,1,1,0,0
B_vs_probabilidad,HAMMING,32,256,0.002,1,266,10,3.9062,CORRECTED,1,1,1,0,0
B_vs_probabilidad,HAMMING,32,256,0.002,0,266,10,3.9062,OK,0,0,1,0,0
B_vs_probabilidad,HAMMING,32,256,0.002,1,266,10,3.9062,CORRECTED,1,1,1,0,0
B_vs_probabilidad,HAMMING,32,256,0.002,0,266,10,3.9062,OK,0,0,1,0,0
B_vs_probabilidad,HAMMING,32,256,0.002,0,266,10,3.9062,OK,0,0,1,0,0
B_vs_probabilidad,HAMMING,32,256,0.002,0,266,10,3.9062,OK,0,0,1,0,0
B_vs_probabilidad,HAMMING,32,256,0.002,0,266,10,3.9062,OK,0,0,1,0,0
B_vs_probabilidad,HAMMING,32,256,0.002,1,266,10,3.9062,CORRECTED,1,1,1,0,0
B_vs_probabilidad,HAMMING,32,256,0.002,0,266,10,3.9062,OK,0,0,1,0,0
B_vs_probabilidad,HAMMING,32,256,0.002,1,266,10,3.9062,CORRECTED,1,1,1,0,0
B_vs_probabilidad,HAMMING,32,256,0.002,0,266,10,3.9062,OK,0,0,1,0,0
B_vs_probabilidad,HAMMING,32,256,0.002,0,266,10,3.9062,OK,0,0,1,0,0
B_vs_probabilidad,HAMMING,32,256,0.002,0,266,10,3.9062,OK,0,0,1,0,0
B_vs_probabilidad,HAMMING,32,256,0.002,0,266,10,3.9062,OK,0,0,1,0,0
B_vs_probabilidad,HAMMING,32,256,0.002,1,266,10,3.9062,CORRECTED,1,1,1,0,0
B_vs_probabilidad,HAMMING,32,256,0.002,1,266,10,3.9062,CORRECTED,1,1,1,0,0
B_vs_probabilidad,HAMMING,32,256,0.002,0,266,10,3.9062,OK,0,0,1,0,0
B_vs_probabilidad,HAMMING,32,256,0.002,1,266,10,3.9062,CORRECTED,1,1,1,0,0
B_vs_probabilidad,HAMMING,32,256,0.002,2,266,10,3.9062,ERROR_DETECTED,1,0,0,0,0
B_vs_probabilidad,HAMMING,32,256,0.002,0,266,10,3.9062,OK,0,0,1,0,0
B_vs_probabilidad,HAMMING,32,256,0.002,1,266,10,3.9062,CORRECTED,1,1,1,0,0
B_vs_probabilidad,HAMMING,32,256,0.002,2,266,10,3.9062,ERROR_DETECTED,1,0,0,0,0
B_vs_probabilidad,HAMMING,32,256,0.002,0,266,10,3.9062,OK,0,0,1,0,0
B_vs_probabilidad,HAMMING,32,256,0.002,0,266,10,3.9062,OK,0,0,1,0,0
B_vs_probabilidad,HAMMING,32,256,0.002,1,266,10,3.9062,CORRECTED,1,1,1,0,0
B_vs_probabilidad,HAMMING,32,256,0.002,1,266,10,3.9062,CORRECTED,1,1,1,0,0
B_vs_probabilidad,HAMMING,32,256,0.002,0,266,10,3.9062,OK,0,0,1,0,0
B_vs_probabilidad,HAMMING,32,256,0.002,0,266,10,3.9062,OK,0,0,1,0,0
B_vs_probabilidad,HAMMING,32,256,0.002,0,266,10,3.9062,OK,0,0,1,0,0
B_vs_probabilidad,HAMMING,32,256,0.002,0,266,10,3.9062,OK,0,0,1,0,0
B_vs_probabilidad,HAMMING,32,256,0.002,1,266,10,3.9062,CORRECTED,1,1,1,0,0
B_vs_probabilidad,HAMMING,32,256,0.002,1,266,10,3.9062,CORRECTED,1,1,1,0,0
B_vs_probabilidad,HAMMING,32,256,0.002,0,266,10,3.9062,OK,0,0,1,0,0
B_vs_probabilidad,HAMMING,32,256,0.002,1,266,10,3.9062,CORRECTED,1,1,1,0,0
B_vs_probabilidad,HAMMING,32,256,0.002,2,266,10,3.9062,ERROR_DETECTED,1,0,0,0,0
B_vs_probabilidad,HAMMING,32,256,0.002,1,266,10,3.9062,CORRECTED,1,1,1,0,0
B_vs_probabilidad,HAMMING,32,256,0.002,0,266,10,3.9062,OK,0,0,1,0,0
B_vs_probabilidad,HAMMING,32,256,0.002,1,266,10,3.9062,CORRECTED,1,1,1,0,0
B_vs_probabilidad,HAMMING,32,256,0.002,3,266,10,3.9062,CORRECTED,1,1,0,1,0
B_vs_probabilidad,HAMMING,32,256,0.002,1,266,10,3.9062,CORRECTED,1,1,1,0,0
B_vs_probabilidad,HAMMING,32,256,0.002,1,266,10,3.9062,CORRECTED,1,1,1,0,0
B_vs_probabilidad,HAMMING,32,256,0.002,2,266,10,3.9062,ERROR_DETECTED,1,0,0,0,0
B_vs_probabilidad,HAMMING,32,256,0.002,1,266,10,3.9062,CORRECTED,1,1,1,0,0
B_vs_probabilidad,HAMMING,32,256,0.002,0,266,10,3.9062,OK,0,0,1,0,0
B_vs_probabilidad,HAMMING,32,256,0.002,0,266,10,3.9062,OK,0,0,1,0,0
B_vs_probabilidad,HAMMING,32,256,0.002,1,266,10,3.9062,CORRECTED,1,1,1,0,0
B_vs_probabilidad,HAMMING,32,256,0.002,0,266,10,3.9062,OK,0,0,1,0,0
B_vs_probabilidad,HAMMING,32,256,0.002,1,266,10,3.9062,CORRECTED,1,1,1,0,0
B_vs_probabilidad,HAMMING,32,256,0.002,0,266,10,3.9062,OK,0,0,1,0,0
B_vs_probabilidad,HAMMING,32,256,0.002,0,266,10,3.9062,OK,0,0,1,0,0
B_vs_probabilidad,HAMMING,32,256,0.002,0,266,10,3.9062,OK,0,0,1,0,0
B_vs_probabilidad,HAMMING,32,256,0.002,1,266,10,3.9062,CORRECTED,1,1,1,0,0
B_vs_probabilidad,HAMMING,32,256,0.002,1,266,10,3.9062,CORRECTED,1,1,1,0,0
B_vs_probabilidad,HAMMING,32,256,0.002,0,266,10,3.9062,OK,0,0,1,0,0
B_vs_probabilidad,HAMMING,32,256,0.002,1,266,10,3.9062,CORRECTED,1,1,1,0,0
B_vs_probabilidad,HAMMING,32,256,0.002,1,266,10,3.9062,CORRECTED,1,1,1,0,0
B_vs_probabilidad,HAMMING,32,256,0.002,0,266,10,3.9062,OK,0,0,1,0,0
B_vs_probabilidad,HAMMING,32,256,0.002,1,266,10,3.9062,CORRECTED,1,1,1,0,0
B_vs_probabilidad,HAMMING,32,256,0.002,2,266,10,3.9062,ERROR_DETECTED,1,0,0,0,0
B_vs_probabilidad,HAMMING,32,256,0.002,0,266,10,3.9062,OK,0,0,1,0,0
B_vs_probabilidad,HAMMING,32,256,0.002,0,266,10,3.9062,OK,0,0,1,0,0
B_vs_probabilidad,HAMMING,32,256,0.002,1,266,10,3.9062,CORRECTED,1,1,1,0,0
B_vs_probabilidad,HAMMING,32,256,0.002,1,266,10,3.9062,CORRECTED,1,1,1,0,0
B_vs_probabilidad,HAMMING,32,256,0.002,0,266,10,3.9062,OK,0,0,1,0,0
B_vs_probabilidad,HAMMING,32,256,0.002,0,266,10,3.9062,OK,0,0,1,0,0
B_vs_probabilidad,HAMMING,32,256,0.002,0,266,10,3.9062,OK,0,0,1,0,0
B_vs_probabilidad,HAMMING,32,256,0.002,0,266,10,3.9062,OK,0,0,1,0,0
B_vs_probabilidad,HAMMING,32,256,0.002,1,266,10,3.9062,CORRECTED,1,1,1,0,0
B_vs_probabilidad,HAMMING,32,256,0.002,1,266,10,3.9062,CORRECTED,1,1,1,0,0
B_vs_probabilidad,HAMMING,32,256,0.002,2,266,10,3.9062,ERROR_DETECTED,1,0,0,0,0
B_vs_probabilidad,HAMMING,32,256,0.002,0,266,10,3.9062,OK,0,0,1,0,0
B_vs_probabilidad,HAMMING,32,256,0.002,0,266,10,3.9062,OK,0,0,1,0,0
B_vs_probabilidad,HAMMING,32,256,0.002,0,266,10,3.9062,OK,0,0,1,0,0
B_vs_probabilidad,HAMMING,32,256,0.002,0,266,10,3.9062,OK,0,0,1,0,0
B_vs_probabilidad,HAMMING,32,256,0.002,0,266,10,3.9062,OK,0,0,1,0,0
B_vs_probabilidad,HAMMING,32,256,0.002,1,266,10,3.9062,CORRECTED,1,1,1,0,0
B_vs_probabilidad,HAMMING,32,256,0.002,0,266,10,3.9062,OK,0,0,1,0,0
B_vs_probabilidad,HAMMING,32,256,0.002,1,266,10,3.9062,CORRECTED,1,1,1,0,0
B_vs_probabilidad,HAMMING,32,256,0.002,0,266,10,3.9062,OK,0,0,1,0,0
B_vs_probabilidad,HAMMING,32,256,0.002,0,266,10,3.9062,OK,0,0,1,0,0
B_vs_probabilidad,HAMMING,32,256,0.002,0,266,10,3.9062,OK,0,0,1,0,0
B_vs_probabilidad,HAMMING,32,256,0.002,1,266,10,3.9062,CORRECTED,1,1,1,0,0
B_vs_probabilidad,HAMMING,32,256,0.002,1,266,10,3.9062,CORRECTED,1,1,1,0,0
B_vs_probabilidad,HAMMING,32,256,0.002,0,266,10,3.9062,OK,0,0,1,0,0
B_vs_probabilidad,HAMMING,32,256,0.002,1,266,10,3.9062,CORRECTED,1,1,1,0,0
B_vs_probabilidad,HAMMING,32,256,0.002,0,266,10,3.9062,OK,0,0,1,0,0
B_vs_probabilidad,HAMMING,32,256,0.002,0,266,10,3.9062,OK,0,0,1,0,0
B_vs_probabilidad,HAMMING,32,256,0.002,1,266,10,3.9062,CORRECTED,1,1,1,0,0
B_vs_probabilidad,HAMMING,32,256,0.002,0,266,10,3.9062,OK,0,0,1,0,0
B_vs_probabilidad,HAMMING,32,256,0.002,0,266,10,3.9062,OK,0,0,1,0,0
B_vs_probabilidad,HAMMING,32,256,0.002,0,266,10,3.9062,OK,0,0,1,0,0
B_vs_probabilidad,HAMMING,32,256,0.002,0,266,10,3.9062,OK,0,0,1,0,0
B_vs_probabilidad,HAMMING,32,256,0.002,2,266,10,3.9062,ERROR_DETECTED,1,0,0,0,0
B_vs_probabilidad,HAMMING,32,256,0.002,0,266,10,3.9062,OK,0,0,1,0,0
B_vs_probabilidad,HAMMING,32,256,0.002,0,266,10,3.9062,OK,0,0,1,0,0
B_vs_probabilidad,HAMMING,32,256,0.002,1,266,10,3.9062,CORRECTED,1,1,1,0,0
B_vs_probabilidad,HAMMING,32,256,0.002,0,266,10,3.9062,OK,0,0,1,0,0
B_vs_probabilidad,HAMMING,32,256,0.002,0,266,10,3.9062,OK,0,0,1,0,0
B_vs_probabilidad,HAMMING,32,256,0.002,0,266,10,3.9062,OK,0,0,1,0,0
B_vs_probabilidad,HAMMING,32,256,0.002,0,266,10,3.9062,OK,0,0,1,0,0
B_vs_probabilidad,HAMMING,32,256,0.002,0,266,10,3.9062,OK,0,0,1,0,0
B_vs_probabilidad,HAMMING,32,256,0.002,0,266,10,3.9062,OK,0,0,1,0,0
B_vs_probabilidad,HAMMING,32,256,0.002,0,266,10,3.9062,OK,0,0,1,0,0
B_vs_probabilidad,HAMMING,32,256,0.002,0,266,10,3.9062,OK,0,0,1,0,0
B_vs_probabilidad,HAMMING,32,256,0.002,1,266,10,3.9062,CORRECTED,1,1,1,0,0
B_vs_probabilidad,HAMMING,32,256,0.002,1,266,10,3.9062,CORRECTED,1,1,1,0,0
B_vs_probabilidad,HAMMING,32,256,0.002,0,266,10,3.9062,OK,0,0,1,0,0
B_vs_probabilidad,HAMMING,32,256,0.002,0,266,10,3.9062,OK,0,0,1,0,0
B_vs_probabilidad,HAMMING,32,256,0.002,0,266,10,3.9062,OK,0,0,1,0,0
B_vs_probabilidad,HAMMING,32,256,0.002,1,266,10,3.9062,CORRECTED,1,1,1,0,0
B_vs_probabilidad,HAMMING,32,256,0.002,0,266,10,3.9062,OK,0,0,1,0,0
B_vs_probabilidad,HAMMING,32,256,0.002,1,266,10,3.9062,CORRECTED,1,1,1,0,0
B_vs_probabilidad,HAMMING,32,256,0.002,0,266,10,3.9062,OK,0,0,1,0,0
B_vs_probabilidad,HAMMING,32,256,0.002,1,266,10,3.9062,CORRECTED,1,1,1,0,0
B_vs_probabilidad,HAMMING,32,256,0.002,0,266,10,3.9062,OK,0,0,1,0,0
B_vs_probabilidad,HAMMING,32,256,0.002,3,266,10,3.9062,ERROR_DETECTED,1,0,0,0,0
B_vs_probabilidad,HAMMING,32,256,0.002,0,266,10,3.9062,OK,0,0,1,0,0
B_vs_probabilidad,HAMMING,32,256,0.002,0,266,10,3.9062,OK,0,0,1,0,0
B_vs_probabilidad,HAMMING,32,256,0.002,0,266,10,3.9062,OK,0,0,1,0,0
B_vs_probabilidad,HAMMING,32,256,0.002,1,266,10,3.9062,CORRECTED,1,1,1,0,0
B_vs_probabilidad,HAMMING,32,256,0.002,0,266,10,3.9062,OK,0,0,1,0,0
B_vs_probabilidad,HAMMING,32,256,0.002,0,266,10,3.9062,OK,0,0,1,0,0
B_vs_probabilidad,HAMMING,32,256,0.002,0,266,10,3.9062,OK,0,0,1,0,0
B_vs_probabilidad,HAMMING,32,256,0.002,1,266,10,3.9062,CORRECTED,1,1,1,0,0
B_vs_probabilidad,HAMMING,32,256,0.002,0,266,10,3.9062,OK,0,0,1,0,0
B_vs_probabilidad,HAMMING,32,256,0.002,0,266,10,3.9062,OK,0,0,1,0,0
B_vs_probabilidad,HAMMING,32,256,0.002,0,266,10,3.9062,OK,0,0,1,0,0
B_vs_probabilidad,HAMMING,32,256,0.005,0,266,10,3.9062,OK,0,0,1,0,0
B_vs_probabilidad,HAMMING,32,256,0.005,3,266,10,3.9062,CORRECTED,1,1,0,1,1
B_vs_probabilidad,HAMMING,32,256,0.005,0,266,10,3.9062,OK,0,0,1,0,0
B_vs_probabilidad,HAMMING,32,256,0.005,2,266,10,3.9062,ERROR_DETECTED,1,0,0,0,0
B_vs_probabilidad,HAMMING,32,256,0.005,1,266,10,3.9062,CORRECTED,1,1,1,0,0
B_vs_probabilidad,HAMMING,32,256,0.005,2,266,10,3.9062,ERROR_DETECTED,1,0,0,0,0
B_vs_probabilidad,HAMMING,32,256,0.005,2,266,10,3.9062,ERROR_DETECTED,1,0,0,0,0
B_vs_probabilidad,HAMMING,32,256,0.005,1,266,10,3.9062,CORRECTED,1,1,1,0,0
B_vs_probabilidad,HAMMING,32,256,0.005,2,266,10,3.9062,ERROR_DETECTED,1,0,0,0,0
B_vs_probabilidad,HAMMING,32,256,0.005,1,266,10,3.9062,CORRECTED,1,1,1,0,0
B_vs_probabilidad,HAMMING,32,256,0.005,0,266,10,3.9062,OK,0,0,1,0,0
B_vs_probabilidad,HAMMING,32,256,0.005,3,266,10,3.9062,CORRECTED,1,1,0,1,0
B_vs_probabilidad,HAMMING,32,256,0.005,3,266,10,3.9062,ERROR_DETECTED,1,0,0,0,0
B_vs_probabilidad,HAMMING,32,256,0.005,0,266,10,3.9062,OK,0,0,1,0,0
B_vs_probabilidad,HAMMING,32,256,0.005,0,266,10,3.9062,OK,0,0,1,0,0
B_vs_probabilidad,HAMMING,32,256,0.005,2,266,10,3.9062,ERROR_DETECTED,1,0,0,0,0
B_vs_probabilidad,HAMMING,32,256,0.005,2,266,10,3.9062,ERROR_DETECTED,1,0,0,0,0
B_vs_probabilidad,HAMMING,32,256,0.005,1,266,10,3.9062,CORRECTED,1,1,1,0,0
B_vs_probabilidad,HAMMING,32,256,0.005,4,266,10,3.9062,ERROR_DETECTED,1,0,0,0,0
B_vs_probabilidad,HAMMING,32,256,0.005,0,266,10,3.9062,OK,0,0,1,0,0
B_vs_probabilidad,HAMMING,32,256,0.005,0,266,10,3.9062,OK,0,0,1,0,0
B_vs_probabilidad,HAMMING,32,256,0.005,2,266,10,3.9062,ERROR_DETECTED,1,0,0,0,0
B_vs_probabilidad,HAMMING,32,256,0.005,2,266,10,3.9062,ERROR_DETECTED,1,0,0,0,0
B_vs_probabilidad,HAMMING,32,256,0.005,0,266,10,3.9062,OK,0,0,1,0,0
B_vs_probabilidad,HAMMING,32,256,0.005,0,266,10,3.9062,OK,0,0,1,0,0
B_vs_probabilidad,HAMMING,32,256,0.005,0,266,10,3.9062,OK,0,0,1,0,0
B_vs_probabilidad,HAMMING,32,256,0.005,0,266,10,3.9062,OK,0,0,1,0,0
B_vs_probabilidad,HAMMING,32,256,0.005,2,266,10,3.9062,ERROR_DETECTED,1,0,0,0,0
B_vs_probabilidad,HAMMING,32,256,0.005,2,266,10,3.9062,ERROR_DETECTED,1,0,0,0,0
B_vs_probabilidad,HAMMING,32,256,0.005,1,266,10,3.9062,CORRECTED,1,1,1,0,0
B_vs_probabilidad,HAMMING,32,256,0.005,0,266,10,3.9062,OK,0,0,1,0,0
B_vs_probabilidad,HAMMING,32,256,0.005,1,266,10,3.9062,CORRECTED,1,1,1,0,0
B_vs_probabilidad,HAMMING,32,256,0.005,2,266,10,3.9062,ERROR_DETECTED,1,0,0,0,0
B_vs_probabilidad,HAMMING,32,256,0.005,0,266,10,3.9062,OK,0,0,1,0,0
B_vs_probabilidad,HAMMING,32,256,0.005,0,266,10,3.9062,OK,0,0,1,0,0
B_vs_probabilidad,HAMMING,32,256,0.005,1,266,10,3.9062,CORRECTED,1,1,1,0,0
B_vs_probabilidad,HAMMING,32,256,0.005,1,266,10,3.9062,CORRECTED,1,1,1,0,0
B_vs_probabilidad,HAMMING,32,256,0.005,1,266,10,3.9062,CORRECTED,1,1,1,0,0
B_vs_probabilidad,HAMMING,32,256,0.005,0,266,10,3.9062,OK,0,0,1,0,0
B_vs_probabilidad,HAMMING,32,256,0.005,1,266,10,3.9062,CORRECTED,1,1,1,0,0
B_vs_probabilidad,HAMMING,32,256,0.005,1,266,10,3.9062,CORRECTED,1,1,1,0,0
B_vs_probabilidad,HAMMING,32,256,0.005,0,266,10,3.9062,OK,0,0,1,0,0
B_vs_probabilidad,HAMMING,32,256,0.005,1,266,10,3.9062,CORRECTED,1,1,1,0,0
B_vs_probabilidad,HAMMING,32,256,0.005,2,266,10,3.9062,ERROR_DETECTED,1,0,0,0,0
B_vs_probabilidad,HAMMING,32,256,0.005,2,266,10,3.9062,ERROR_DETECTED,1,0,0,0,0
B_vs_probabilidad,HAMMING,32,256,0.005,3,266,10,3.9062,CORRECTED,1,1,0,1,0
B_vs_probabilidad,HAMMING,32,256,0.005,3,266,10,3.9062,ERROR_DETECTED,1,0,0,0,0
B_vs_probabilidad,HAMMING,32,256,0.005,1,266,10,3.9062,CORRECTED,1,1,1,0,0
B_vs_probabilidad,HAMMING,32,256,0.005,0,266,10,3.9062,OK,0,0,1,0,0
B_vs_probabilidad,HAMMING,32,256,0.005,3,266,10,3.9062,CORRECTED,1,1,0,1,1
B_vs_probabilidad,HAMMING,32,256,0.005,0,266,10,3.9062,OK,0,0,1,0,0
B_vs_probabilidad,HAMMING,32,256,0.005,0,266,10,3.9062,OK,0,0,1,0,0
B_vs_probabilidad,HAMMING,32,256,0.005,3,266,10,3.9062,CORRECTED,1,1,0,1,0
B_vs_probabilidad,HAMMING,32,256,0.005,0,266,10,3.9062,OK,0,0,1,0,0
B_vs_probabilidad,HAMMING,32,256,0.005,1,266,10,3.9062,CORRECTED,1,1,1,0,0
B_vs_probabilidad,HAMMING,32,256,0.005,0,266,10,3.9062,OK,0,0,1,0,0
B_vs_probabilidad,HAMMING,32,256,0.005,0,266,10,3.9062,OK,0,0,1,0,0
B_vs_probabilidad,HAMMING,32,256,0.005,1,266,10,3.9062,CORRECTED,1,1,1,0,0
B_vs_probabilidad,HAMMING,32,256,0.005,1,266,10,3.9062,CORRECTED,1,1,1,0,0
B_vs_probabilidad,HAMMING,32,256,0.005,2,266,10,3.9062,ERROR_DETECTED,1,0,0,0,0
B_vs_probabilidad,HAMMING,32,256,0.005,3,266,10,3.9062,ERROR_DETECTED,1,0,0,0,0
B_vs_probabilidad,HAMMING,32,256,0.005,4,266,10,3.9062,ERROR_DETECTED,1,0,0,0,0
B_vs_probabilidad,HAMMING,32,256,0.005,1,266,10,3.9062,CORRECTED,1,1,1,0,0
B_vs_probabilidad,HAMMING,32,256,0.005,0,266,10,3.9062,OK,0,0,1,0,0
B_vs_probabilidad,HAMMING,32,256,0.005,0,266,10,3.9062,OK,0,0,1,0,0
B_vs_probabilidad,HAMMING,32,256,0.005,1,266,10,3.9062,CORRECTED,1,1,1,0,0
B_vs_probabilidad,HAMMING,32,256,0.005,0,266,10,3.9062,OK,0,0,1,0,0
B_vs_probabilidad,HAMMING,32,256,0.005,1,266,10,3.9062,CORRECTED,1,1,1,0,0
B_vs_probabilidad,HAMMING,32,256,0.005,0,266,10,3.9062,OK,0,0,1,0,0
B_vs_probabilidad,HAMMING,32,256,0.005,2,266,10,3.9062,ERROR_DETECTED,1,0,0,0,0
B_vs_probabilidad,HAMMING,32,256,0.005,0,266,10,3.9062,OK,0,0,1,0,0
B_vs_probabilidad,HAMMING,32,256,0.005,0,266,10,3.9062,OK,0,0,1,0,0
B_vs_probabilidad,HAMMING,32,256,0.005,1,266,10,3.9062,CORRECTED,1,1,1,0,0
B_vs_probabilidad,HAMMING,32,256,0.005,1,266,10,3.9062,CORRECTED,1,1,1,0,0
B_vs_probabilidad,HAMMING,32,256,0.005,0,266,10,3.9062,OK,0,0,1,0,0
B_vs_probabilidad,HAMMING,32,256,0.005,3,266,10,3.9062,CORRECTED,1,1,0,1,0
B_vs_probabilidad,HAMMING,32,256,0.005,4,266,10,3.9062,ERROR_DETECTED,1,0,0,0,0
B_vs_probabilidad,HAMMING,32,256,0.005,4,266,10,3.9062,ERROR_DETECTED,1,0,0,0,0
B_vs_probabilidad,HAMMING,32,256,0.005,0,266,10,3.9062,OK,0,0,1,0,0
B_vs_probabilidad,HAMMING,32,256,0.005,1,266,10,3.9062,CORRECTED,1,1,1,0,0
B_vs_probabilidad,HAMMING,32,256,0.005,1,266,10,3.9062,CORRECTED,1,1,1,0,0
B_vs_probabilidad,HAMMING,32,256,0.005,0,266,10,3.9062,OK,0,0,1,0,0
B_vs_probabilidad,HAMMING,32,256,0.005,3,266,10,3.9062,ERROR_DETECTED,1,0,0,0,0
B_vs_probabilidad,HAMMING,32,256,0.005,2,266,10,3.9062,ERROR_DETECTED,1,0,0,0,0
B_vs_probabilidad,HAMMING,32,256,0.005,3,266,10,3.9062,ERROR_DETECTED,1,0,0,0,0
B_vs_probabilidad,HAMMING,32,256,0.005,1,266,10,3.9062,CORRECTED,1,1,1,0,0
B_vs_probabilidad,HAMMING,32,256,0.005,1,266,10,3.9062,CORRECTED,1,1,1,0,0
B_vs_probabilidad,HAMMING,32,256,0.005,1,266,10,3.9062,CORRECTED,1,1,1,0,0
B_vs_probabilidad,HAMMING,32,256,0.005,1,266,10,3.9062,CORRECTED,1,1,1,0,0
B_vs_probabilidad,HAMMING,32,256,0.005,3,266,10,3.9062,ERROR_DETECTED,1,0,0,0,0
B_vs_probabilidad,HAMMING,32,256,0.005,3,266,10,3.9062,CORRECTED,1,1,0,1,0
B_vs_probabilidad,HAMMING,32,256,0.005,0,266,10,3.9062,OK,0,0,1,0,0
B_vs_probabilidad,HAMMING,32,256,0.005,4,266,10,3.9062,ERROR_DETECTED,1,0,0,0,0
B_vs_probabilidad,HAMMING,32,256,0.005,3,266,10,3.9062,CORRECTED,1,1,0,1,0
B_vs_probabilidad,HAMMING,32,256,0.005,3,266,10,3.9062,CORRECTED,1,1,0,1,0
B_vs_probabilidad,HAMMING,32,256,0.005,3,266,10,3.9062,CORRECTED,1,1,0,1,0
B_vs_probabilidad,HAMMING,32,256,0.005,2,266,10,3.9062,ERROR_DETECTED,1,0,0,0,0
B_vs_probabilidad,HAMMING,32,256,0.005,1,266,10,3.9062,CORRECTED,1,1,1,0,0
B_vs_probabilidad,HAMMING,32,256,0.005,3,266,10,3.9062,ERROR_DETECTED,1,0,0,0,0
B_vs_probabilidad,HAMMING,32,256,0.005,0,266,10,3.9062,OK,0,0,1,0,0
B_vs_probabilidad,HAMMING,32,256,0.005,2,266,10,3.9062,ERROR_DETECTED,1,0,0,0,0
B_vs_probabilidad,HAMMING,32,256,0.005,2,266,10,3.9062,ERROR_DETECTED,1,0,0,0,0
B_vs_probabilidad,HAMMING,32,256,0.005,1,266,10,3.9062,CORRECTED,1,1,1,0,0
B_vs_probabilidad,HAMMING,32,256,0.005,2,266,10,3.9062,ERROR_DETECTED,1,0,0,0,0
B_vs_probabilidad,HAMMING,32,256,0.005,0,266,10,3.9062,OK,0,0,1,0,0
B_vs_probabilidad,HAMMING,32,256,0.005,1,266,10,3.9062,CORRECTED,1,1,1,0,0
B_vs_probabilidad,HAMMING,32,256,0.005,1,266,10,3.9062,CORRECTED,1,1,1,0,0
B_vs_probabilidad,HAMMING,32,256,0.005,2,266,10,3.9062,ERROR_DETECTED,1,0,0,0,0
B_vs_probabilidad,HAMMING,32,256,0.005,3,266,10,3.9062,ERROR_DETECTED,1,0,0,0,0
B_vs_probabilidad,HAMMING,32,256,0.005,2,266,10,3.9062,ERROR_DETECTED,1,0,0,0,0
B_vs_probabilidad,HAMMING,32,256,0.005,1,266,10,3.9062,CORRECTED,1,1,1,0,0
B_vs_probabilidad,HAMMING,32,256,0.005,0,266,10,3.9062,OK,0,0,1,0,0
B_vs_probabilidad,HAMMING,32,256,0.005,0,266,10,3.9062,OK,0,0,1,0,0
B_vs_probabilidad,HAMMING,32,256,0.005,1,266,10,3.9062,CORRECTED,1,1,1,0,0
B_vs_probabilidad,HAMMING,32,256,0.005,0,266,10,3.9062,OK,0,0,1,0,0
B_vs_probabilidad,HAMMING,32,256,0.005,1,266,10,3.9062,CORRECTED,1,1,1,0,0
B_vs_probabilidad,HAMMING,32,256,0.005,1,266,10,3.9062,CORRECTED,1,1,1,0,0
B_vs_probabilidad,HAMMING,32,256,0.005,0,266,10,3.9062,OK,0,0,1,0,0
B_vs_probabilidad,HAMMING,32,256,0.005,3,266,10,3.9062,CORRECTED,1,1,0,1,1
B_vs_probabilidad,HAMMING,32,256,0.005,3,266,10,3.9062,ERROR_DETECTED,1,0,0,0,0
B_vs_probabilidad,HAMMING,32,256,0.005,2,266,10,3.9062,ERROR_DETECTED,1,0,0,0,0
B_vs_probabilidad,HAMMING,32,256,0.005,0,266,10,3.9062,OK,0,0,1,0,0
B_vs_probabilidad,HAMMING,32,256,0.005,1,266,10,3.9062,CORRECTED,1,1,1,0,0
B_vs_probabilidad,HAMMING,32,256,0.005,1,266,10,3.9062,CORRECTED,1,1,1,0,0
B_vs_probabilidad,HAMMING,32,256,0.005,1,266,10,3.9062,CORRECTED,1,1,1,0,0
B_vs_probabilidad,HAMMING,32,256,0.005,4,266,10,3.9062,ERROR_DETECTED,1,0,0,0,0
B_vs_probabilidad,HAMMING,32,256,0.005,5,266,10,3.9062,ERROR_DETECTED,1,0,0,0,0
B_vs_probabilidad,HAMMING,32,256,0.005,0,266,10,3.9062,OK,0,0,1,0,0
B_vs_probabilidad,HAMMING,32,256,0.005,1,266,10,3.9062,CORRECTED,1,1,1,0,0
B_vs_probabilidad,HAMMING,32,256,0.005,0,266,10,3.9062,OK,0,0,1,0,0
B_vs_probabilidad,HAMMING,32,256,0.005,1,266,10,3.9062,CORRECTED,1,1,1,0,0
B_vs_probabilidad,HAMMING,32,256,0.005,1,266,10,3.9062,CORRECTED,1,1,1,0,0
B_vs_probabilidad,HAMMING,32,256,0.005,1,266,10,3.9062,CORRECTED,1,1,1,0,0
B_vs_probabilidad,HAMMING,32,256,0.005,0,266,10,3.9062,OK,0,0,1,0,0
B_vs_probabilidad,HAMMING,32,256,0.005,3,266,10,3.9062,CORRECTED,1,1,0,1,1
B_vs_probabilidad,HAMMING,32,256,0.005,3,266,10,3.9062,ERROR_DETECTED,1,0,0,0,0
B_vs_probabilidad,HAMMING,32,256,0.005,1,266,10,3.9062,CORRECTED,1,1,1,0,0
B_vs_probabilidad,HAMMING,32,256,0.005,1,266,10,3.9062,CORRECTED,1,1,1,0,0
B_vs_probabilidad,HAMMING,32,256,0.005,3,266,10,3.9062,CORRECTED,1,1,0,1,0
B_vs_probabilidad,HAMMING,32,256,0.005,1,266,10,3.9062,CORRECTED,1,1,1,0,0
B_vs_probabilidad,HAMMING,32,256,0.005,3,266,10,3.9062,ERROR_DETECTED,1,0,0,0,0
B_vs_probabilidad,HAMMING,32,256,0.005,2,266,10,3.9062,ERROR_DETECTED,1,0,0,0,0
B_vs_probabilidad,HAMMING,32,256,0.005,0,266,10,3.9062,OK,0,0,1,0,0
B_vs_probabilidad,HAMMING,32,256,0.005,0,266,10,3.9062,OK,0,0,1,0,0
B_vs_probabilidad,HAMMING,32,256,0.005,1,266,10,3.9062,CORRECTED,1,1,1,0,0
B_vs_probabilidad,HAMMING,32,256,0.005,1,266,10,3.9062,CORRECTED,1,1,1,0,0
B_vs_probabilidad,HAMMING,32,256,0.005,0,266,10,3.9062,OK,0,0,1,0,0
B_vs_probabilidad,HAMMING,32,256,0.005,4,266,10,3.9062,ERROR_DETECTED,1,0,0,0,0
B_vs_probabilidad,HAMMING,32,256,0.005,3,266,10,3.9062,CORRECTED,1,1,0,1,0
B_vs_probabilidad,HAMMING,32,256,0.005,1,266,10,3.9062,CORRECTED,1,1,1,0,0
B_vs_probabilidad,HAMMING,32,256,0.005,0,266,10,3.9062,OK,0,0,1,0,0
B_vs_probabilidad,HAMMING,32,256,0.005,1,266,10,3.9062,CORRECTED,1,1,1,0,0
B_vs_probabilidad,HAMMING,32,256,0.005,0,266,10,3.9062,OK,0,0,1,0,0
B_vs_probabilidad,HAMMING,32,256,0.005,0,266,10,3.9062,OK,0,0,1,0,0
B_vs_probabilidad,HAMMING,32,256,0.005,6,266,10,3.9062,ERROR_DETECTED,1,0,0,0,0
B_vs_probabilidad,HAMMING,32,256,0.005,2,266,10,3.9062,ERROR_DETECTED,1,0,0,0,0
B_vs_probabilidad,HAMMING,32,256,0.005,0,266,10,3.9062,OK,0,0,1,0,0
B_vs_probabilidad,HAMMING,32,256,0.005,0,266,10,3.9062,OK,0,0,1,0,0
B_vs_probabilidad,HAMMING,32,256,0.005,1,266,10,3.9062,CORRECTED,1,1,1,0,0
B_vs_probabilidad,HAMMING,32,256,0.005,2,266,10,3.9062,ERROR_DETECTED,1,0,0,0,0
B_vs_probabilidad,HAMMING,32,256,0.005,0,266,10,3.9062,OK,0,0,1,0,0
B_vs_probabilidad,HAMMING,32,256,0.005,0,266,10,3.9062,OK,0,0,1,0,0
B_vs_probabilidad,HAMMING,32,256,0.005,1,266,10,3.9062,CORRECTED,1,1,1,0,0
B_vs_probabilidad,HAMMING,32,256,0.005,2,266,10,3.9062,ERROR_DETECTED,1,0,0,0,0
B_vs_probabilidad,HAMMING,32,256,0.005,1,266,10,3.9062,CORRECTED,1,1,1,0,0
B_vs_probabilidad,HAMMING,32,256,0.005,0,266,10,3.9062,OK,0,0,1,0,0
B_vs_probabilidad,HAMMING,32,256,0.005,0,266,10,3.9062,OK,0,0,1,0,0
B_vs_probabilidad,HAMMING,32,256,0.005,3,266,10,3.9062,CORRECTED,1,1,0,1,0
B_vs_probabilidad,HAMMING,32,256,0.005,0,266,10,3.9062,OK,0,0,1,0,0
B_vs_probabilidad,HAMMING,32,256,0.005,0,266,10,3.9062,OK,0,0,1,0,0
B_vs_probabilidad,HAMMING,32,256,0.005,3,266,10,3.9062,ERROR_DETECTED,1,0,0,0,0
B_vs_probabilidad,HAMMING,32,256,0.005,1,266,10,3.9062,CORRECTED,1,1,1,0,0
B_vs_probabilidad,HAMMING,32,256,0.005,2,266,10,3.9062,ERROR_DETECTED,1,0,0,0,0
B_vs_probabilidad,HAMMING,32,256,0.005,1,266,10,3.9062,CORRECTED,1,1,1,0,0
B_vs_probabilidad,HAMMING,32,256,0.005,1,266,10,3.9062,CORRECTED,1,1,1,0,0
B_vs_probabilidad,HAMMING,32,256,0.005,3,266,10,3.9062,ERROR_DETECTED,1,0,0,0,0
B_vs_probabilidad,HAMMING,32,256,0.005,2,266,10,3.9062,ERROR_DETECTED,1,0,0,0,0
B_vs_probabilidad,HAMMING,32,256,0.005,0,266,10,3.9062,OK,0,0,1,0,0
B_vs_probabilidad,HAMMING,32,256,0.005,3,266,10,3.9062,ERROR_DETECTED,1,0,0,0,0
B_vs_probabilidad,HAMMING,32,256,0.005,0,266,10,3.9062,OK,0,0,1,0,0
B_vs_probabilidad,HAMMING,32,256,0.005,2,266,10,3.9062,ERROR_DETECTED,1,0,0,0,0
B_vs_probabilidad,HAMMING,32,256,0.005,2,266,10,3.9062,ERROR_DETECTED,1,0,0,0,0
B_vs_probabilidad,HAMMING,32,256,0.005,1,266,10,3.9062,CORRECTED,1,1,1,0,0
B_vs_probabilidad,HAMMING,32,256,0.005,0,266,10,3.9062,OK,0,0,1,0,0
B_vs_probabilidad,HAMMING,32,256,0.005,1,266,10,3.9062,CORRECTED,1,1,1,0,0
B_vs_probabilidad,HAMMING,32,256,0.005,3,266,10,3.9062,CORRECTED,1,1,0,1,0
B_vs_probabilidad,HAMMING,32,256,0.005,1,266,10,3.9062,CORRECTED,1,1,1,0,0
B_vs_probabilidad,HAMMING,32,256,0.005,0,266,10,3.9062,OK,0,0,1,0,0
B_vs_probabilidad,HAMMING,32,256,0.005,1,266,10,3.9062,CORRECTED,1,1,1,0,0
B_vs_probabilidad,HAMMING,32,256,0.005,1,266,10,3.9062,CORRECTED,1,1,1,0,0
B_vs_probabilidad,HAMMING,32,256,0.005,2,266,10,3.9062,ERROR_DETECTED,1,0,0,0,0
B_vs_probabilidad,HAMMING,32,256,0.005,1,266,10,3.9062,CORRECTED,1,1,1,0,0
B_vs_probabilidad,HAMMING,32,256,0.005,0,266,10,3.9062,OK,0,0,1,0,0
B_vs_probabilidad,HAMMING,32,256,0.005,1,266,10,3.9062,CORRECTED,1,1,1,0,0
B_vs_probabilidad,HAMMING,32,256,0.005,4,266,10,3.9062,ERROR_DETECTED,1,0,0,0,0
B_vs_probabilidad,HAMMING,32,256,0.005,1,266,10,3.9062,CORRECTED,1,1,1,0,0
B_vs_probabilidad,HAMMING,32,256,0.005,0,266,10,3.9062,OK,0,0,1,0,0
B_vs_probabilidad,HAMMING,32,256,0.005,1,266,10,3.9062,CORRECTED,1,1,1,0,0
B_vs_probabilidad,HAMMING,32,256,0.005,2,266,10,3.9062,ERROR_DETECTED,1,0,0,0,0
B_vs_probabilidad,HAMMING,32,256,0.005,0,266,10,3.9062,OK,0,0,1,0,0
B_vs_probabilidad,HAMMING,32,256,0.01,2,266,10,3.9062,ERROR_DETECTED,1,0,0,0,0
B_vs_probabilidad,HAMMING,32,256,0.01,2,266,10,3.9062,ERROR_DETECTED,1,0,0,0,0
B_vs_probabilidad,HAMMING,32,256,0.01,3,266,10,3.9062,CORRECTED,1,1,0,1,0
B_vs_probabilidad,HAMMING,32,256,0.01,3,266,10,3.9062,CORRECTED,1,1,0,1,0
B_vs_probabilidad,HAMMING,32,256,0.01,1,266,10,3.9062,CORRECTED,1,1,1,0,0
B_vs_probabilidad,HAMMING,32,256,0.01,2,266,10,3.9062,ERROR_DETECTED,1,0,0,0,0
B_vs_probabilidad,HAMMING,32,256,0.01,2,266,10,3.9062,ERROR_DETECTED,1,0,0,0,0
B_vs_probabilidad,HAMMING,32,256,0.01,2,266,10,3.9062,ERROR_DETECTED,1,0,0,0,0
B_vs_probabilidad,HAMMING,32,256,0.01,7,266,10,3.9062,ERROR_DETECTED,1,0,0,0,0
B_vs_probabilidad,HAMMING,32,256,0.01,1,266,10,3.9062,CORRECTED,1,1,1,0,0
B_vs_probabilidad,HAMMING,32,256,0.01,2,266,10,3.9062,ERROR_DETECTED,1,0,0,0,0
B_vs_probabilidad,HAMMING,32,256,0.01,4,266,10,3.9062,ERROR_DETECTED,1,0,0,0,0
B_vs_probabilidad,HAMMING,32,256,0.01,2,266,10,3.9062,ERROR_DETECTED,1,0,0,0,0
B_vs_probabilidad,HAMMING,32,256,0.01,2,266,10,3.9062,ERROR_DETECTED,1,0,0,0,0
B_vs_probabilidad,HAMMING,32,256,0.01,3,266,10,3.9062,ERROR_DETECTED,1,0,0,0,0
B_vs_probabilidad,HAMMING,32,256,0.01,5,266,10,3.9062,CORRECTED,1,1,0,1,0
B_vs_probabilidad,HAMMING,32,256,0.01,4,266,10,3.9062,ERROR_DETECTED,1,0,0,0,0
B_vs_probabilidad,HAMMING,32,256,0.01,1,266,10,3.9062,CORRECTED,1,1,1,0,0
B_vs_probabilidad,HAMMING,32,256,0.01,1,266,10,3.9062,CORRECTED,1,1,1,0,0
B_vs_probabilidad,HAMMING,32,256,0.01,4,266,10,3.9062,ERROR_DETECTED,1,0,0,0,0
B_vs_probabilidad,HAMMING,32,256,0.01,4,266,10,3.9062,ERROR_DETECTED,1,0,0,0,0
B_vs_probabilidad,HAMMING,32,256,0.01,7,266,10,3.9062,CORRECTED,1,1,0,1,1
B_vs_probabilidad,HAMMING,32,256,0.01,2,266,10,3.9062,ERROR_DETECTED,1,0,0,0,0
B_vs_probabilidad,HAMMING,32,256,0.01,3,266,10,3.9062,CORRECTED,1,1,0,1,0
B_vs_probabilidad,HAMMING,32,256,0.01,4,266,10,3.9062,ERROR_DETECTED,1,0,0,0,0
B_vs_probabilidad,HAMMING,32,256,0.01,4,266,10,3.9062,ERROR_DETECTED,1,0,0,0,0
B_vs_probabilidad,HAMMING,32,256,0.01,2,266,10,3.9062,ERROR_DETECTED,1,0,0,0,0
B_vs_probabilidad,HAMMING,32,256,0.01,1,266,10,3.9062,CORRECTED,1,1,1,0,0
B_vs_probabilidad,HAMMING,32,256,0.01,2,266,10,3.9062,ERROR_DETECTED,1,0,0,0,0
B_vs_probabilidad,HAMMING,32,256,0.01,5,266,10,3.9062,CORRECTED,1,1,0,1,1
B_vs_probabilidad,HAMMING,32,256,0.01,3,266,10,3.9062,ERROR_DETECTED,1,0,0,0,0
B_vs_probabilidad,HAMMING,32,256,0.01,1,266,10,3.9062,CORRECTED,1,1,1,0,0
B_vs_probabilidad,HAMMING,32,256,0.01,4,266,10,3.9062,ERROR_DETECTED,1,0,0,0,0
B_vs_probabilidad,HAMMING,32,256,0.01,2,266,10,3.9062,ERROR_DETECTED,1,0,0,0,0
B_vs_probabilidad,HAMMING,32,256,0.01,2,266,10,3.9062,ERROR_DETECTED,1,0,0,0,0
B_vs_probabilidad,HAMMING,32,256,0.01,5,266,10,3.9062,CORRECTED,1,1,0,1,0
B_vs_probabilidad,HAMMING,32,256,0.01,0,266,10,3.9062,OK,0,0,1,0,0
B_vs_probabilidad,HAMMING,32,256,0.01,1,266,10,3.9062,CORRECTED,1,1,1,0,0
B_vs_probabilidad,HAMMING,32,256,0.01,4,266,10,3.9062,ERROR_DETECTED,1,0,0,0,0
B_vs_probabilidad,HAMMING,32,256,0.01,0,266,10,3.9062,OK,0,0,1,0,0
B_vs_probabilidad,HAMMING,32,256,0.01,3,266,10,3.9062,CORRECTED,1,1,0,1,0
B_vs_probabilidad,HAMMING,32,256,0.01,4,266,10,3.9062,ERROR_DETECTED,1,0,0,0,0
B_vs_probabilidad,HAMMING,32,256,0.01,3,266,10,3.9062,ERROR_DETECTED,1,0,0,0,0
B_vs_probabilidad,HAMMING,32,256,0.01,3,266,10,3.9062,CORRECTED,1,1,0,1,0
B_vs_probabilidad,HAMMING,32,256,0.01,3,266,10,3.9062,CORRECTED,1,1,0,1,0
B_vs_probabilidad,HAMMING,32,256,0.01,2,266,10,3.9062,ERROR_DETECTED,1,0,0,0,0
B_vs_probabilidad,HAMMING,32,256,0.01,1,266,10,3.9062,CORRECTED,1,1,1,0,0
B_vs_probabilidad,HAMMING,32,256,0.01,6,266,10,3.9062,ERROR_DETECTED,1,0,0,0,0
B_vs_probabilidad,HAMMING,32,256,0.01,2,266,10,3.9062,ERROR_DETECTED,1,0,0,0,0
B_vs_probabilidad,HAMMING,32,256,0.01,1,266,10,3.9062,CORRECTED,1,1,1,0,0
B_vs_probabilidad,HAMMING,32,256,0.01,3,266,10,3.9062,CORRECTED,1,1,0,1,0
B_vs_probabilidad,HAMMING,32,256,0.01,1,266,10,3.9062,CORRECTED,1,1,1,0,0
B_vs_probabilidad,HAMMING,32,256,0.01,3,266,10,3.9062,CORRECTED,1,1,0,1,0
B_vs_probabilidad,HAMMING,32,256,0.01,2,266,10,3.9062,ERROR_DETECTED,1,0,0,0,0
B_vs_probabilidad,HAMMING,32,256,0.01,4,266,10,3.9062,ERROR_DETECTED,1,0,0,0,0
B_vs_probabilidad,HAMMING,32,256,0.01,3,266,10,3.9062,ERROR_DETECTED,1,0,0,0,0
B_vs_probabilidad,HAMMING,32,256,0.01,3,266,10,3.9062,ERROR_DETECTED,1,0,0,0,0
B_vs_probabilidad,HAMMING,32,256,0.01,0,266,10,3.9062,OK,0,0,1,0,0
B_vs_probabilidad,HAMMING,32,256,0.01,4,266,10,3.9062,ERROR_DETECTED,1,0,0,0,0
B_vs_probabilidad,HAMMING,32,256,0.01,1,266,10,3.9062,CORRECTED,1,1,1,0,0
B_vs_probabilidad,HAMMING,32,256,0.01,3,266,10,3.9062,CORRECTED,1,1,0,1,0
B_vs_probabilidad,HAMMING,32,256,0.01,6,266,10,3.9062,ERROR_DETECTED,1,0,0,0,0
B_vs_probabilidad,HAMMING,32,256,0.01,0,266,10,3.9062,OK,0,0,1,0,0
B_vs_probabilidad,HAMMING,32,256,0.01,4,266,10,3.9062,ERROR_DETECTED,1,0,0,0,0
B_vs_probabilidad,HAMMING,32,256,0.01,0,266,10,3.9062,OK,0,0,1,0,0
B_vs_probabilidad,HAMMING,32,256,0.01,4,266,10,3.9062,ERROR_DETECTED,1,0,0,0,0
B_vs_probabilidad,HAMMING,32,256,0.01,2,266,10,3.9062,ERROR_DETECTED,1,0,0,0,0
B_vs_probabilidad,HAMMING,32,256,0.01,3,266,10,3.9062,CORRECTED,1,1,0,1,0
B_vs_probabilidad,HAMMING,32,256,0.01,5,266,10,3.9062,ERROR_DETECTED,1,0,0,0,0
B_vs_probabilidad,HAMMING,32,256,0.01,3,266,10,3.9062,CORRECTED,1,1,0,1,0
B_vs_probabilidad,HAMMING,32,256,0.01,4,266,10,3.9062,OK,0,0,0,1,1
B_vs_probabilidad,HAMMING,32,256,0.01,1,266,10,3.9062,CORRECTED,1,1,1,0,0
B_vs_probabilidad,HAMMING,32,256,0.01,5,266,10,3.9062,CORRECTED,1,1,0,1,0
B_vs_probabilidad,HAMMING,32,256,0.01,6,266,10,3.9062,ERROR_DETECTED,1,0,0,0,0
B_vs_probabilidad,HAMMING,32,256,0.01,3,266,10,3.9062,CORRECTED,1,1,0,1,0
B_vs_probabilidad,HAMMING,32,256,0.01,0,266,10,3.9062,OK,0,0,1,0,0
B_vs_probabilidad,HAMMING,32,256,0.01,5,266,10,3.9062,CORRECTED,1,1,0,1,0
B_vs_probabilidad,HAMMING,32,256,0.01,1,266,10,3.9062,CORRECTED,1,1,1,0,0
B_vs_probabilidad,HAMMING,32,256,0.01,3,266,10,3.9062,ERROR_DETECTED,1,0,0,0,0
B_vs_probabilidad,HAMMING,32,256,0.01,1,266,10,3.9062,CORRECTED,1,1,1,0,0
B_vs_probabilidad,HAMMING,32,256,0.01,3,266,10,3.9062,ERROR_DETECTED,1,0,0,0,0
B_vs_probabilidad,HAMMING,32,256,0.01,3,266,10,3.9062,CORRECTED,1,1,0,1,0
B_vs_probabilidad,HAMMING,32,256,0.01,6,266,10,3.9062,ERROR_DETECTED,1,0,0,0,0
B_vs_probabilidad,HAMMING,32,256,0.01,4,266,10,3.9062,ERROR_DETECTED,1,0,0,0,0
B_vs_probabilidad,HAMMING,32,256,0.01,2,266,10,3.9062,ERROR_DETECTED,1,0,0,0,0
B_vs_probabilidad,HAMMING,32,256,0.01,6,266,10,3.9062,ERROR_DETECTED,1,0,0,0,0
B_vs_probabilidad,HAMMING,32,256,0.01,2,266,10,3.9062,ERROR_DETECTED,1,0,0,0,0
B_vs_probabilidad,HAMMING,32,256,0.01,2,266,10,3.9062,ERROR_DETECTED,1,0,0,0,0
B_vs_probabilidad,HAMMING,32,256,0.01,2,266,10,3.9062,ERROR_DETECTED,1,0,0,0,0
B_vs_probabilidad,HAMMING,32,256,0.01,4,266,10,3.9062,ERROR_DETECTED,1,0,0,0,0
B_vs_probabilidad,HAMMING,32,256,0.01,1,266,10,3.9062,CORRECTED,1,1,1,0,0
B_vs_probabilidad,HAMMING,32,256,0.01,3,266,10,3.9062,CORRECTED,1,1,0,1,0
B_vs_probabilidad,HAMMING,32,256,0.01,0,266,10,3.9062,OK,0,0,1,0,0
B_vs_probabilidad,HAMMING,32,256,0.01,2,266,10,3.9062,ERROR_DETECTED,1,0,0,0,0
B_vs_probabilidad,HAMMING,32,256,0.01,3,266,10,3.9062,CORRECTED,1,1,0,1,0
B_vs_probabilidad,HAMMING,32,256,0.01,1,266,10,3.9062,CORRECTED,1,1,1,0,0
B_vs_probabilidad,HAMMING,32,256,0.01,6,266,10,3.9062,ERROR_DETECTED,1,0,0,0,0
B_vs_probabilidad,HAMMING,32,256,0.01,3,266,10,3.9062,CORRECTED,1,1,0,1,0
B_vs_probabilidad,HAMMING,32,256,0.01,2,266,10,3.9062,ERROR_DETECTED,1,0,0,0,0
B_vs_probabilidad,HAMMING,32,256,0.01,4,266,10,3.9062,ERROR_DETECTED,1,0,0,0,0
B_vs_probabilidad,HAMMING,32,256,0.01,2,266,10,3.9062,ERROR_DETECTED,1,0,0,0,0
B_vs_probabilidad,HAMMING,32,256,0.01,1,266,10,3.9062,CORRECTED,1,1,1,0,0
B_vs_probabilidad,HAMMING,32,256,0.01,1,266,10,3.9062,CORRECTED,1,1,1,0,0
B_vs_probabilidad,HAMMING,32,256,0.01,2,266,10,3.9062,ERROR_DETECTED,1,0,0,0,0
B_vs_probabilidad,HAMMING,32,256,0.01,3,266,10,3.9062,ERROR_DETECTED,1,0,0,0,0
B_vs_probabilidad,HAMMING,32,256,0.01,2,266,10,3.9062,ERROR_DETECTED,1,0,0,0,0
B_vs_probabilidad,HAMMING,32,256,0.01,4,266,10,3.9062,ERROR_DETECTED,1,0,0,0,0
B_vs_probabilidad,HAMMING,32,256,0.01,4,266,10,3.9062,ERROR_DETECTED,1,0,0,0,0
B_vs_probabilidad,HAMMING,32,256,0.01,7,266,10,3.9062,ERROR_DETECTED,1,0,0,0,0
B_vs_probabilidad,HAMMING,32,256,0.01,2,266,10,3.9062,ERROR_DETECTED,1,0,0,0,0
B_vs_probabilidad,HAMMING,32,256,0.01,5,266,10,3.9062,CORRECTED,1,1,0,1,1
B_vs_probabilidad,HAMMING,32,256,0.01,1,266,10,3.9062,CORRECTED,1,1,1,0,0
B_vs_probabilidad,HAMMING,32,256,0.01,4,266,10,3.9062,ERROR_DETECTED,1,0,0,0,0
B_vs_probabilidad,HAMMING,32,256,0.01,1,266,10,3.9062,CORRECTED,1,1,1,0,0
B_vs_probabilidad,HAMMING,32,256,0.01,1,266,10,3.9062,CORRECTED,1,1,1,0,0
B_vs_probabilidad,HAMMING,32,256,0.01,4,266,10,3.9062,ERROR_DETECTED,1,0,0,0,0
B_vs_probabilidad,HAMMING,32,256,0.01,6,266,10,3.9062,ERROR_DETECTED,1,0,0,0,0
B_vs_probabilidad,HAMMING,32,256,0.01,1,266,10,3.9062,CORRECTED,1,1,1,0,0
B_vs_probabilidad,HAMMING,32,256,0.01,6,266,10,3.9062,ERROR_DETECTED,1,0,0,0,0
B_vs_probabilidad,HAMMING,32,256,0.01,1,266,10,3.9062,CORRECTED,1,1,1,0,0
B_vs_probabilidad,HAMMING,32,256,0.01,2,266,10,3.9062,ERROR_DETECTED,1,0,0,0,0
B_vs_probabilidad,HAMMING,32,256,0.01,2,266,10,3.9062,ERROR_DETECTED,1,0,0,0,0
B_vs_probabilidad,HAMMING,32,256,0.01,3,266,10,3.9062,CORRECTED,1,1,0,1,0
B_vs_probabilidad,HAMMING,32,256,0.01,2,266,10,3.9062,ERROR_DETECTED,1,0,0,0,0
B_vs_probabilidad,HAMMING,32,256,0.01,1,266,10,3.9062,CORRECTED,1,1,1,0,0
B_vs_probabilidad,HAMMING,32,256,0.01,3,266,10,3.9062,ERROR_DETECTED,1,0,0,0,0
B_vs_probabilidad,HAMMING,32,256,0.01,1,266,10,3.9062,CORRECTED,1,1,1,0,0
B_vs_probabilidad,HAMMING,32,256,0.01,2,266,10,3.9062,ERROR_DETECTED,1,0,0,0,0
B_vs_probabilidad,HAMMING,32,256,0.01,0,266,10,3.9062,OK,0,0,1,0,0
B_vs_probabilidad,HAMMING,32,256,0.01,2,266,10,3.9062,ERROR_DETECTED,1,0,0,0,0
B_vs_probabilidad,HAMMING,32,256,0.01,2,266,10,3.9062,ERROR_DETECTED,1,0,0,0,0
B_vs_probabilidad,HAMMING,32,256,0.01,1,266,10,3.9062,CORRECTED,1,1,1,0,0
B_vs_probabilidad,HAMMING,32,256,0.01,3,266,10,3.9062,CORRECTED,1,1,0,1,0
B_vs_probabilidad,HAMMING,32,256,0.01,2,266,10,3.9062,ERROR_DETECTED,1,0,0,0,0
B_vs_probabilidad,HAMMING,32,256,0.01,5,266,10,3.9062,CORRECTED,1,1,0,1,0
B_vs_probabilidad,HAMMING,32,256,0.01,2,266,10,3.9062,ERROR_DETECTED,1,0,0,0,0
B_vs_probabilidad,HAMMING,32,256,0.01,4,266,10,3.9062,ERROR_DETECTED,1,0,0,0,0
B_vs_probabilidad,HAMMING,32,256,0.01,2,266,10,3.9062,ERROR_DETECTED,1,0,0,0,0
B_vs_probabilidad,HAMMING,32,256,0.01,4,266,10,3.9062,ERROR_DETECTED,1,0,0,0,0
B_vs_probabilidad,HAMMING,32,256,0.01,0,266,10,3.9062,OK,0,0,1,0,0
B_vs_probabilidad,HAMMING,32,256,0.01,4,266,10,3.9062,ERROR_DETECTED,1,0,0,0,0
B_vs_probabilidad,HAMMING,32,256,0.01,1,266,10,3.9062,CORRECTED,1,1,1,0,0
B_vs_probabilidad,HAMMING,32,256,0.01,0,266,10,3.9062,OK,0,0,1,0,0
B_vs_probabilidad,HAMMING,32,256,0.01,2,266,10,3.9062,ERROR_DETECTED,1,0,0,0,0
B_vs_probabilidad,HAMMING,32,256,0.01,2,266,10,3.9062,ERROR_DETECTED,1,0,0,0,0
B_vs_probabilidad,HAMMING,32,256,0.01,0,266,10,3.9062,OK,0,0,1,0,0
B_vs_probabilidad,HAMMING,32,256,0.01,3,266,10,3.9062,ERROR_DETECTED,1,0,0,0,0
B_vs_probabilidad,HAMMING,32,256,0.01,3,266,10,3.9062,CORRECTED,1,1,0,1,0
B_vs_probabilidad,HAMMING,32,256,0.01,2,266,10,3.9062,ERROR_DETECTED,1,0,0,0,0
B_vs_probabilidad,HAMMING,32,256,0.01,2,266,10,3.9062,ERROR_DETECTED,1,0,0,0,0
B_vs_probabilidad,HAMMING,32,256,0.01,4,266,10,3.9062,ERROR_DETECTED,1,0,0,0,0
B_vs_probabilidad,HAMMING,32,256,0.01,1,266,10,3.9062,CORRECTED,1,1,1,0,0
B_vs_probabilidad,HAMMING,32,256,0.01,1,266,10,3.9062,CORRECTED,1,1,1,0,0
B_vs_probabilidad,HAMMING,32,256,0.01,6,266,10,3.9062,ERROR_DETECTED,1,0,0,0,0
B_vs_probabilidad,HAMMING,32,256,0.01,2,266,10,3.9062,ERROR_DETECTED,1,0,0,0,0
B_vs_probabilidad,HAMMING,32,256,0.01,1,266,10,3.9062,CORRECTED,1,1,1,0,0
B_vs_probabilidad,HAMMING,32,256,0.01,2,266,10,3.9062,ERROR_DETECTED,1,0,0,0,0
B_vs_probabilidad,HAMMING,32,256,0.01,4,266,10,3.9062,ERROR_DETECTED,1,0,0,0,0
B_vs_probabilidad,HAMMING,32,256,0.01,4,266,10,3.9062,ERROR_DETECTED,1,0,0,0,0
B_vs_probabilidad,HAMMING,32,256,0.01,6,266,10,3.9062,ERROR_DETECTED,1,0,0,0,0
B_vs_probabilidad,HAMMING,32,256,0.01,4,266,10,3.9062,ERROR_DETECTED,1,0,0,0,0
B_vs_probabilidad,HAMMING,32,256,0.01,1,266,10,3.9062,CORRECTED,1,1,1,0,0
B_vs_probabilidad,HAMMING,32,256,0.01,3,266,10,3.9062,ERROR_DETECTED,1,0,0,0,0
B_vs_probabilidad,HAMMING,32,256,0.01,3,266,10,3.9062,CORRECTED,1,1,0,1,0
B_vs_probabilidad,HAMMING,32,256,0.01,2,266,10,3.9062,ERROR_DETECTED,1,0,0,0,0
B_vs_probabilidad,HAMMING,32,256,0.01,1,266,10,3.9062,CORRECTED,1,1,1,0,0
B_vs_probabilidad,HAMMING,32,256,0.01,0,266,10,3.9062,OK,0,0,1,0,0
B_vs_probabilidad,HAMMING,32,256,0.01,3,266,10,3.9062,CORRECTED,1,1,0,1,1
B_vs_probabilidad,HAMMING,32,256,0.01,3,266,10,3.9062,CORRECTED,1,1,0,1,0
B_vs_probabilidad,HAMMING,32,256,0.01,2,266,10,3.9062,ERROR_DETECTED,1,0,0,0,0
B_vs_probabilidad,HAMMING,32,256,0.01,1,266,10,3.9062,CORRECTED,1,1,1,0,0
B_vs_probabilidad,HAMMING,32,256,0.01,1,266,10,3.9062,CORRECTED,1,1,1,0,0
B_vs_probabilidad,HAMMING,32,256,0.01,3,266,10,3.9062,CORRECTED,1,1,0,1,0
B_vs_probabilidad,HAMMING,32,256,0.01,3,266,10,3.9062,ERROR_DETECTED,1,0,0,0,0
B_vs_probabilidad,HAMMING,32,256,0.01,2,266,10,3.9062,ERROR_DETECTED,1,0,0,0,0
B_vs_probabilidad,HAMMING,32,256,0.01,3,266,10,3.9062,CORRECTED,1,1,0,1,0
B_vs_probabilidad,HAMMING,32,256,0.01,2,266,10,3.9062,ERROR_DETECTED,1,0,0,0,0
B_vs_probabilidad,HAMMING,32,256,0.01,5,266,10,3.9062,ERROR_DETECTED,1,0,0,0,0
B_vs_probabilidad,HAMMING,32,256,0.01,0,266,10,3.9062,OK,0,0,1,0,0
B_vs_probabilidad,HAMMING,32,256,0.01,2,266,10,3.9062,ERROR_DETECTED,1,0,0,0,0
B_vs_probabilidad,HAMMING,32,256,0.01,0,266,10,3.9062,OK,0,0,1,0,0
B_vs_probabilidad,HAMMING,32,256,0.01,2,266,10,3.9062,ERROR_DETECTED,1,0,0,0,0
B_vs_probabilidad,HAMMING,32,256,0.01,2,266,10,3.9062,ERROR_DETECTED,1,0,0,0,0
B_vs_probabilidad,HAMMING,32,256,0.01,3,266,10,3.9062,CORRECTED,1,1,0,1,0
B_vs_probabilidad,HAMMING,32,256,0.01,4,266,10,3.9062,ERROR_DETECTED,1,0,0,0,0
B_vs_probabilidad,HAMMING,32,256,0.01,5,266,10,3.9062,ERROR_DETECTED,1,0,0,0,0
B_vs_probabilidad,HAMMING,32,256,0.01,4,266,10,3.9062,ERROR_DETECTED,1,0,0,0,0
B_vs_probabilidad,HAMMING,32,256,0.01,6,266,10,3.9062,ERROR_DETECTED,1,0,0,0,0
B_vs_probabilidad,HAMMING,32,256,0.01,1,266,10,3.9062,CORRECTED,1,1,1,0,0
B_vs_probabilidad,HAMMING,32,256,0.01,3,266,10,3.9062,CORRECTED,1,1,0,1,0
B_vs_probabilidad,HAMMING,32,256,0.01,3,266,10,3.9062,CORRECTED,1,1,0,1,1
B_vs_probabilidad,HAMMING,32,256,0.01,3,266,10,3.9062,CORRECTED,1,1,0,1,0
B_vs_probabilidad,HAMMING,32,256,0.01,3,266,10,3.9062,CORRECTED,1,1,0,1,0
B_vs_probabilidad,HAMMING,32,256,0.01,3,266,10,3.9062,ERROR_DETECTED,1,0,0,0,0
B_vs_probabilidad,HAMMING,32,256,0.01,4,266,10,3.9062,ERROR_DETECTED,1,0,0,0,0
B_vs_probabilidad,HAMMING,32,256,0.01,2,266,10,3.9062,ERROR_DETECTED,1,0,0,0,0
B_vs_probabilidad,HAMMING,32,256,0.01,3,266,10,3.9062,ERROR_DETECTED,1,0,0,0,0
B_vs_probabilidad,HAMMING,32,256,0.01,4,266,10,3.9062,ERROR_DETECTED,1,0,0,0,0
B_vs_probabilidad,HAMMING,32,256,0.01,0,266,10,3.9062,OK,0,0,1,0,0
B_vs_probabilidad,HAMMING,32,256,0.01,3,266,10,3.9062,CORRECTED,1,1,0,1,1
B_vs_probabilidad,HAMMING,32,256,0.02,9,266,10,3.9062,ERROR_DETECTED,1,0,0,0,0
B_vs_probabilidad,HAMMING,32,256,0.02,8,266,10,3.9062,ERROR_DETECTED,1,0,0,0,0
B_vs_probabilidad,HAMMING,32,256,0.02,3,266,10,3.9062,ERROR_DETECTED,1,0,0,0,0
B_vs_probabilidad,HAMMING,32,256,0.02,2,266,10,3.9062,ERROR_DETECTED,1,0,0,0,0
B_vs_probabilidad,HAMMING,32,256,0.02,8,266,10,3.9062,ERROR_DETECTED,1,0,0,0,0
B_vs_probabilidad,HAMMING,32,256,0.02,3,266,10,3.9062,CORRECTED,1,1,0,1,1
B_vs_probabilidad,HAMMING,32,256,0.02,3,266,10,3.9062,ERROR_DETECTED,1,0,0,0,0
B_vs_probabilidad,HAMMING,32,256,0.02,5,266,10,3.9062,ERROR_DETECTED,1,0,0,0,0
B_vs_probabilidad,HAMMING,32,256,0.02,2,266,10,3.9062,ERROR_DETECTED,1,0,0,0,0
B_vs_probabilidad,HAMMING,32,256,0.02,6,266,10,3.9062,ERROR_DETECTED,1,0,0,0,0
B_vs_probabilidad,HAMMING,32,256,0.02,2,266,10,3.9062,ERROR_DETECTED,1,0,0,0,0
B_vs_probabilidad,HAMMING,32,256,0.02,6,266,10,3.9062,ERROR_DETECTED,1,0,0,0,0
B_vs_probabilidad,HAMMING,32,256,0.02,3,266,10,3.9062,CORRECTED,1,1,0,1,0
B_vs_probabilidad,HAMMING,32,256,0.02,3,266,10,3.9062,ERROR_DETECTED,1,0,0,0,0
B_vs_probabilidad,HAMMING,32,256,0.02,3,266,10,3.9062,ERROR_DETECTED,1,0,0,0,0
B_vs_probabilidad,HAMMING,32,256,0.02,5,266,10,3.9062,CORRECTED,1,1,0,1,1
B_vs_probabilidad,HAMMING,32,256,0.02,2,266,10,3.9062,ERROR_DETECTED,1,0,0,0,0
B_vs_probabilidad,HAMMING,32,256,0.02,5,266,10,3.9062,ERROR_DETECTED,1,0,0,0,0
B_vs_probabilidad,HAMMING,32,256,0.02,4,266,10,3.9062,ERROR_DETECTED,1,0,0,0,0
B_vs_probabilidad,HAMMING,32,256,0.02,5,266,10,3.9062,CORRECTED,1,1,0,1,1
B_vs_probabilidad,HAMMING,32,256,0.02,8,266,10,3.9062,ERROR_DETECTED,1,0,0,0,0
B_vs_probabilidad,HAMMING,32,256,0.02,5,266,10,3.9062,ERROR_DETECTED,1,0,0,0,0
B_vs_probabilidad,HAMMING,32,256,0.02,6,266,10,3.9062,ERROR_DETECTED,1,0,0,0,0
B_vs_probabilidad,HAMMING,32,256,0.02,3,266,10,3.9062,CORRECTED,1,1,0,1,0
B_vs_probabilidad,HAMMING,32,256,0.02,6,266,10,3.9062,ERROR_DETECTED,1,0,0,0,0
B_vs_probabilidad,HAMMING,32,256,0.02,4,266,10,3.9062,ERROR_DETECTED,1,0,0,0,0
B_vs_probabilidad,HAMMING,32,256,0.02,10,266,10,3.9062,ERROR_DETECTED,1,0,0,0,0
B_vs_probabilidad,HAMMING,32,256,0.02,8,266,10,3.9062,ERROR_DETECTED,1,0,0,0,0
B_vs_probabilidad,HAMMING,32,256,0.02,6,266,10,3.9062,ERROR_DETECTED,1,0,0,0,0
B_vs_probabilidad,HAMMING,32,256,0.02,6,266,10,3.9062,ERROR_DETECTED,1,0,0,0,0
B_vs_probabilidad,HAMMING,32,256,0.02,2,266,10,3.9062,ERROR_DETECTED,1,0,0,0,0
B_vs_probabilidad,HAMMING,32,256,0.02,4,266,10,3.9062,ERROR_DETECTED,1,0,0,0,0
B_vs_probabilidad,HAMMING,32,256,0.02,7,266,10,3.9062,CORRECTED,1,1,0,1,0
B_vs_probabilidad,HAMMING,32,256,0.02,5,266,10,3.9062,ERROR_DETECTED,1,0,0,0,0
B_vs_probabilidad,HAMMING,32,256,0.02,7,266,10,3.9062,CORRECTED,1,1,0,1,0
B_vs_probabilidad,HAMMING,32,256,0.02,7,266,10,3.9062,ERROR_DETECTED,1,0,0,0,0
B_vs_probabilidad,HAMMING,32,256,0.02,6,266,10,3.9062,ERROR_DETECTED,1,0,0,0,0
B_vs_probabilidad,HAMMING,32,256,0.02,6,266,10,3.9062,ERROR_DETECTED,1,0,0,0,0
B_vs_probabilidad,HAMMING,32,256,0.02,2,266,10,3.9062,ERROR_DETECTED,1,0,0,0,0
B_vs_probabilidad,HAMMING,32,256,0.02,4,266,10,3.9062,ERROR_DETECTED,1,0,0,0,0
B_vs_probabilidad,HAMMING,32,256,0.02,9,266,10,3.9062,CORRECTED,1,1,0,1,1
B_vs_probabilidad,HAMMING,32,256,0.02,9,266,10,3.9062,ERROR_DETECTED,1,0,0,0,0
B_vs_probabilidad,HAMMING,32,256,0.02,2,266,10,3.9062,ERROR_DETECTED,1,0,0,0,0
B_vs_probabilidad,HAMMING,32,256,0.02,6,266,10,3.9062,ERROR_DETECTED,1,0,0,0,0
B_vs_probabilidad,HAMMING,32,256,0.02,7,266,10,3.9062,ERROR_DETECTED,1,0,0,0,0
B_vs_probabilidad,HAMMING,32,256,0.02,6,266,10,3.9062,ERROR_DETECTED,1,0,0,0,0
B_vs_probabilidad,HAMMING,32,256,0.02,6,266,10,3.9062,ERROR_DETECTED,1,0,0,0,0
B_vs_probabilidad,HAMMING,32,256,0.02,8,266,10,3.9062,ERROR_DETECTED,1,0,0,0,0
B_vs_probabilidad,HAMMING,32,256,0.02,2,266,10,3.9062,ERROR_DETECTED,1,0,0,0,0
B_vs_probabilidad,HAMMING,32,256,0.02,6,266,10,3.9062,ERROR_DETECTED,1,0,0,0,0
B_vs_probabilidad,HAMMING,32,256,0.02,5,266,10,3.9062,CORRECTED,1,1,0,1,1
B_vs_probabilidad,HAMMING,32,256,0.02,5,266,10,3.9062,ERROR_DETECTED,1,0,0,0,0
B_vs_probabilidad,HAMMING,32,256,0.02,3,266,10,3.9062,ERROR_DETECTED,1,0,0,0,0
B_vs_probabilidad,HAMMING,32,256,0.02,4,266,10,3.9062,ERROR_DETECTED,1,0,0,0,0
B_vs_probabilidad,HAMMING,32,256,0.02,7,266,10,3.9062,ERROR_DETECTED,1,0,0,0,0
B_vs_probabilidad,HAMMING,32,256,0.02,5,266,10,3.9062,ERROR_DETECTED,1,0,0,0,0
B_vs_probabilidad,HAMMING,32,256,0.02,3,266,10,3.9062,CORRECTED,1,1,0,1,1
B_vs_probabilidad,HAMMING,32,256,0.02,6,266,10,3.9062,ERROR_DETECTED,1,0,0,0,0
B_vs_probabilidad,HAMMING,32,256,0.02,6,266,10,3.9062,ERROR_DETECTED,1,0,0,0,0
B_vs_probabilidad,HAMMING,32,256,0.02,2,266,10,3.9062,ERROR_DETECTED,1,0,0,0,0
B_vs_probabilidad,HAMMING,32,256,0.02,3,266,10,3.9062,CORRECTED,1,1,0,1,0
B_vs_probabilidad,HAMMING,32,256,0.02,9,266,10,3.9062,ERROR_DETECTED,1,0,0,0,0
B_vs_probabilidad,HAMMING,32,256,0.02,5,266,10,3.9062,ERROR_DETECTED,1,0,0,0,0
B_vs_probabilidad,HAMMING,32,256,0.02,6,266,10,3.9062,ERROR_DETECTED,1,0,0,0,0
B_vs_probabilidad,HAMMING,32,256,0.02,4,266,10,3.9062,ERROR_DETECTED,1,0,0,0,0
B_vs_probabilidad,HAMMING,32,256,0.02,10,266,10,3.9062,ERROR_DETECTED,1,0,0,0,0
B_vs_probabilidad,HAMMING,32,256,0.02,3,266,10,3.9062,CORRECTED,1,1,0,1,0
B_vs_probabilidad,HAMMING,32,256,0.02,10,266,10,3.9062,ERROR_DETECTED,1,0,0,0,0
B_vs_probabilidad,HAMMING,32,256,0.02,2,266,10,3.9062,ERROR_DETECTED,1,0,0,0,0
B_vs_probabilidad,HAMMING,32,256,0.02,6,266,10,3.9062,ERROR_DETECTED,1,0,0,0,0
B_vs_probabilidad,HAMMING,32,256,0.02,5,266,10,3.9062,CORRECTED,1,1,0,1,1
B_vs_probabilidad,HAMMING,32,256,0.02,7,266,10,3.9062,ERROR_DETECTED,1,0,0,0,0
B_vs_probabilidad,HAMMING,32,256,0.02,7,266,10,3.9062,ERROR_DETECTED,1,0,0,0,0
B_vs_probabilidad,HAMMING,32,256,0.02,2,266,10,3.9062,ERROR_DETECTED,1,0,0,0,0
B_vs_probabilidad,HAMMING,32,256,0.02,6,266,10,3.9062,ERROR_DETECTED,1,0,0,0,0
B_vs_probabilidad,HAMMING,32,256,0.02,1,266,10,3.9062,CORRECTED,1,1,1,0,0
B_vs_probabilidad,HAMMING,32,256,0.02,10,266,10,3.9062,ERROR_DETECTED,1,0,0,0,0
B_vs_probabilidad,HAMMING,32,256,0.02,6,266,10,3.9062,ERROR_DETECTED,1,0,0,0,0
B_vs_probabilidad,HAMMING,32,256,0.02,10,266,10,3.9062,ERROR_DETECTED,1,0,0,0,0
B_vs_probabilidad,HAMMING,32,256,0.02,7,266,10,3.9062,ERROR_DETECTED,1,0,0,0,0
B_vs_probabilidad,HAMMING,32,256,0.02,6,266,10,3.9062,ERROR_DETECTED,1,0,0,0,0
B_vs_probabilidad,HAMMING,32,256,0.02,2,266,10,3.9062,ERROR_DETECTED,1,0,0,0,0
B_vs_probabilidad,HAMMING,32,256,0.02,3,266,10,3.9062,ERROR_DETECTED,1,0,0,0,0
B_vs_probabilidad,HAMMING,32,256,0.02,4,266,10,3.9062,ERROR_DETECTED,1,0,0,0,0
B_vs_probabilidad,HAMMING,32,256,0.02,2,266,10,3.9062,ERROR_DETECTED,1,0,0,0,0
B_vs_probabilidad,HAMMING,32,256,0.02,4,266,10,3.9062,ERROR_DETECTED,1,0,0,0,0
B_vs_probabilidad,HAMMING,32,256,0.02,4,266,10,3.9062,ERROR_DETECTED,1,0,0,0,0
B_vs_probabilidad,HAMMING,32,256,0.02,3,266,10,3.9062,CORRECTED,1,1,0,1,0
B_vs_probabilidad,HAMMING,32,256,0.02,6,266,10,3.9062,ERROR_DETECTED,1,0,0,0,0
B_vs_probabilidad,HAMMING,32,256,0.02,3,266,10,3.9062,CORRECTED,1,1,0,1,1
B_vs_probabilidad,HAMMING,32,256,0.02,5,266,10,3.9062,CORRECTED,1,1,0,1,0
B_vs_probabilidad,HAMMING,32,256,0.02,4,266,10,3.9062,ERROR_DETECTED,1,0,0,0,0
B_vs_probabilidad,HAMMING,32,256,0.02,5,266,10,3.9062,ERROR_DETECTED,1,0,0,0,0
B_vs_probabilidad,HAMMING,32,256,0.02,10,266,10,3.9062,ERROR_DETECTED,1,0,0,0,0
B_vs_probabilidad,HAMMING,32,256,0.02,4,266,10,3.9062,ERROR_DETECTED,1,0,0,0,0
B_vs_probabilidad,HAMMING,32,256,0.02,10,266,10,3.9062,ERROR_DETECTED,1,0,0,0,0
B_vs_probabilidad,HAMMING,32,256,0.02,9,266,10,3.9062,ERROR_DETECTED,1,0,0,0,0
B_vs_probabilidad,HAMMING,32,256,0.02,9,266,10,3.9062,ERROR_DETECTED,1,0,0,0,0
B_vs_probabilidad,HAMMING,32,256,0.02,6,266,10,3.9062,ERROR_DETECTED,1,0,0,0,0
B_vs_probabilidad,HAMMING,32,256,0.02,3,266,10,3.9062,ERROR_DETECTED,1,0,0,0,0
B_vs_probabilidad,HAMMING,32,256,0.02,1,266,10,3.9062,CORRECTED,1,1,1,0,0
B_vs_probabilidad,HAMMING,32,256,0.02,5,266,10,3.9062,ERROR_DETECTED,1,0,0,0,0
B_vs_probabilidad,HAMMING,32,256,0.02,5,266,10,3.9062,CORRECTED,1,1,0,1,0
B_vs_probabilidad,HAMMING,32,256,0.02,6,266,10,3.9062,ERROR_DETECTED,1,0,0,0,0
B_vs_probabilidad,HAMMING,32,256,0.02,8,266,10,3.9062,ERROR_DETECTED,1,0,0,0,0
B_vs_probabilidad,HAMMING,32,256,0.02,3,266,10,3.9062,CORRECTED,1,1,0,1,0
B_vs_probabilidad,HAMMING,32,256,0.02,4,266,10,3.9062,ERROR_DETECTED,1,0,0,0,0
B_vs_probabilidad,HAMMING,32,256,0.02,6,266,10,3.9062,ERROR_DETECTED,1,0,0,0,0
B_vs_probabilidad,HAMMING,32,256,0.02,4,266,10,3.9062,ERROR_DETECTED,1,0,0,0,0
B_vs_probabilidad,HAMMING,32,256,0.02,5,266,10,3.9062,ERROR_DETECTED,1,0,0,0,0
B_vs_probabilidad,HAMMING,32,256,0.02,8,266,10,3.9062,ERROR_DETECTED,1,0,0,0,0
B_vs_probabilidad,HAMMING,32,256,0.02,4,266,10,3.9062,ERROR_DETECTED,1,0,0,0,0
B_vs_probabilidad,HAMMING,32,256,0.02,9,266,10,3.9062,ERROR_DETECTED,1,0,0,0,0
B_vs_probabilidad,HAMMING,32,256,0.02,7,266,10,3.9062,ERROR_DETECTED,1,0,0,0,0
B_vs_probabilidad,HAMMING,32,256,0.02,4,266,10,3.9062,ERROR_DETECTED,1,0,0,0,0
B_vs_probabilidad,HAMMING,32,256,0.02,2,266,10,3.9062,ERROR_DETECTED,1,0,0,0,0
B_vs_probabilidad,HAMMING,32,256,0.02,6,266,10,3.9062,ERROR_DETECTED,1,0,0,0,0
B_vs_probabilidad,HAMMING,32,256,0.02,2,266,10,3.9062,ERROR_DETECTED,1,0,0,0,0
B_vs_probabilidad,HAMMING,32,256,0.02,9,266,10,3.9062,ERROR_DETECTED,1,0,0,0,0
B_vs_probabilidad,HAMMING,32,256,0.02,7,266,10,3.9062,CORRECTED,1,1,0,1,1
B_vs_probabilidad,HAMMING,32,256,0.02,4,266,10,3.9062,ERROR_DETECTED,1,0,0,0,0
B_vs_probabilidad,HAMMING,32,256,0.02,6,266,10,3.9062,ERROR_DETECTED,1,0,0,0,0
B_vs_probabilidad,HAMMING,32,256,0.02,5,266,10,3.9062,CORRECTED,1,1,0,1,1
B_vs_probabilidad,HAMMING,32,256,0.02,4,266,10,3.9062,ERROR_DETECTED,1,0,0,0,0
B_vs_probabilidad,HAMMING,32,256,0.02,5,266,10,3.9062,CORRECTED,1,1,0,1,0
B_vs_probabilidad,HAMMING,32,256,0.02,6,266,10,3.9062,ERROR_DETECTED,1,0,0,0,0
B_vs_probabilidad,HAMMING,32,256,0.02,12,266,10,3.9062,ERROR_DETECTED,1,0,0,0,0
B_vs_probabilidad,HAMMING,32,256,0.02,7,266,10,3.9062,ERROR_DETECTED,1,0,0,0,0
B_vs_probabilidad,HAMMING,32,256,0.02,6,266,10,3.9062,ERROR_DETECTED,1,0,0,0,0
B_vs_probabilidad,HAMMING,32,256,0.02,5,266,10,3.9062,CORRECTED,1,1,0,1,1
B_vs_probabilidad,HAMMING,32,256,0.02,5,266,10,3.9062,ERROR_DETECTED,1,0,0,0,0
B_vs_probabilidad,HAMMING,32,256,0.02,3,266,10,3.9062,CORRECTED,1,1,0,1,0
B_vs_probabilidad,HAMMING,32,256,0.02,2,266,10,3.9062,ERROR_DETECTED,1,0,0,0,0
B_vs_probabilidad,HAMMING,32,256,0.02,5,266,10,3.9062,CORRECTED,1,1,0,1,0
B_vs_probabilidad,HAMMING,32,256,0.02,3,266,10,3.9062,CORRECTED,1,1,0,1,1
B_vs_probabilidad,HAMMING,32,256,0.02,7,266,10,3.9062,ERROR_DETECTED,1,0,0,0,0
B_vs_probabilidad,HAMMING,32,256,0.02,4,266,10,3.9062,ERROR_DETECTED,1,0,0,0,0
B_vs_probabilidad,HAMMING,32,256,0.02,5,266,10,3.9062,ERROR_DETECTED,1,0,0,0,0
B_vs_probabilidad,HAMMING,32,256,0.02,4,266,10,3.9062,ERROR_DETECTED,1,0,0,0,0
B_vs_probabilidad,HAMMING,32,256,0.02,4,266,10,3.9062,ERROR_DETECTED,1,0,0,0,0
B_vs_probabilidad,HAMMING,32,256,0.02,8,266,10,3.9062,ERROR_DETECTED,1,0,0,0,0
B_vs_probabilidad,HAMMING,32,256,0.02,5,266,10,3.9062,ERROR_DETECTED,1,0,0,0,0
B_vs_probabilidad,HAMMING,32,256,0.02,4,266,10,3.9062,ERROR_DETECTED,1,0,0,0,0
B_vs_probabilidad,HAMMING,32,256,0.02,11,266,10,3.9062,ERROR_DETECTED,1,0,0,0,0
B_vs_probabilidad,HAMMING,32,256,0.02,5,266,10,3.9062,ERROR_DETECTED,1,0,0,0,0
B_vs_probabilidad,HAMMING,32,256,0.02,2,266,10,3.9062,ERROR_DETECTED,1,0,0,0,0
B_vs_probabilidad,HAMMING,32,256,0.02,0,266,10,3.9062,OK,0,0,1,0,0
B_vs_probabilidad,HAMMING,32,256,0.02,7,266,10,3.9062,ERROR_DETECTED,1,0,0,0,0
B_vs_probabilidad,HAMMING,32,256,0.02,7,266,10,3.9062,ERROR_DETECTED,1,0,0,0,0
B_vs_probabilidad,HAMMING,32,256,0.02,3,266,10,3.9062,CORRECTED,1,1,0,1,0
B_vs_probabilidad,HAMMING,32,256,0.02,5,266,10,3.9062,CORRECTED,1,1,0,1,0
B_vs_probabilidad,HAMMING,32,256,0.02,8,266,10,3.9062,ERROR_DETECTED,1,0,0,0,0
B_vs_probabilidad,HAMMING,32,256,0.02,6,266,10,3.9062,ERROR_DETECTED,1,0,0,0,0
B_vs_probabilidad,HAMMING,32,256,0.02,7,266,10,3.9062,ERROR_DETECTED,1,0,0,0,0
B_vs_probabilidad,HAMMING,32,256,0.02,8,266,10,3.9062,ERROR_DETECTED,1,0,0,0,0
B_vs_probabilidad,HAMMING,32,256,0.02,5,266,10,3.9062,ERROR_DETECTED,1,0,0,0,0
B_vs_probabilidad,HAMMING,32,256,0.02,4,266,10,3.9062,ERROR_DETECTED,1,0,0,0,0
B_vs_probabilidad,HAMMING,32,256,0.02,5,266,10,3.9062,ERROR_DETECTED,1,0,0,0,0
B_vs_probabilidad,HAMMING,32,256,0.02,7,266,10,3.9062,ERROR_DETECTED,1,0,0,0,0
B_vs_probabilidad,HAMMING,32,256,0.02,5,266,10,3.9062,CORRECTED,1,1,0,1,0
B_vs_probabilidad,HAMMING,32,256,0.02,4,266,10,3.9062,ERROR_DETECTED,1,0,0,0,0
B_vs_probabilidad,HAMMING,32,256,0.02,7,266,10,3.9062,ERROR_DETECTED,1,0,0,0,0
B_vs_probabilidad,HAMMING,32,256,0.02,8,266,10,3.9062,ERROR_DETECTED,1,0,0,0,0
B_vs_probabilidad,HAMMING,32,256,0.02,5,266,10,3.9062,CORRECTED,1,1,0,1,1
B_vs_probabilidad,HAMMING,32,256,0.02,3,266,10,3.9062,CORRECTED,1,1,0,1,0
B_vs_probabilidad,HAMMING,32,256,0.02,6,266,10,3.9062,ERROR_DETECTED,1,0,0,0,0
B_vs_probabilidad,HAMMING,32,256,0.02,1,266,10,3.9062,CORRECTED,1,1,1,0,0
B_vs_probabilidad,HAMMING,32,256,0.02,4,266,10,3.9062,ERROR_DETECTED,1,0,0,0,0
B_vs_probabilidad,HAMMING,32,256,0.02,5,266,10,3.9062,ERROR_DETECTED,1,0,0,0,0
B_vs_probabilidad,HAMMING,32,256,0.02,7,266,10,3.9062,CORRECTED,1,1,0,1,0
B_vs_probabilidad,HAMMING,32,256,0.02,7,266,10,3.9062,ERROR_DETECTED,1,0,0,0,0
B_vs_probabilidad,HAMMING,32,256,0.02,7,266,10,3.9062,CORRECTED,1,1,0,1,0
B_vs_probabilidad,HAMMING,32,256,0.02,10,266,10,3.9062,ERROR_DETECTED,1,0,0,0,0
B_vs_probabilidad,HAMMING,32,256,0.02,5,266,10,3.9062,CORRECTED,1,1,0,1,0
B_vs_probabilidad,HAMMING,32,256,0.02,5,266,10,3.9062,ERROR_DETECTED,1,0,0,0,0
B_vs_probabilidad,HAMMING,32,256,0.02,5,266,10,3.9062,ERROR_DETECTED,1,0,0,0,0
B_vs_probabilidad,HAMMING,32,256,0.02,7,266,10,3.9062,CORRECTED,1,1,0,1,1
B_vs_probabilidad,HAMMING,32,256,0.02,3,266,10,3.9062,CORRECTED,1,1,0,1,0
B_vs_probabilidad,HAMMING,32,256,0.02,2,266,10,3.9062,ERROR_DETECTED,1,0,0,0,0
B_vs_probabilidad,HAMMING,32,256,0.02,6,266,10,3.9062,ERROR_DETECTED,1,0,0,0,0
B_vs_probabilidad,HAMMING,32,256,0.02,2,266,10,3.9062,ERROR_DETECTED,1,0,0,0,0
B_vs_probabilidad,HAMMING,32,256,0.02,6,266,10,3.9062,ERROR_DETECTED,1,0,0,0,0
B_vs_probabilidad,HAMMING,32,256,0.02,6,266,10,3.9062,ERROR_DETECTED,1,0,0,0,0
B_vs_probabilidad,HAMMING,32,256,0.02,6,266,10,3.9062,ERROR_DETECTED,1,0,0,0,0
B_vs_probabilidad,HAMMING,32,256,0.02,3,266,10,3.9062,CORRECTED,1,1,0,1,0
B_vs_probabilidad,HAMMING,32,256,0.02,2,266,10,3.9062,ERROR_DETECTED,1,0,0,0,0
B_vs_probabilidad,HAMMING,32,256,0.02,4,266,10,3.9062,ERROR_DETECTED,1,0,0,0,0
B_vs_probabilidad,HAMMING,32,256,0.02,4,266,10,3.9062,ERROR_DETECTED,1,0,0,0,0
B_vs_probabilidad,HAMMING,32,256,0.02,5,266,10,3.9062,ERROR_DETECTED,1,0,0,0,0
B_vs_probabilidad,HAMMING,32,256,0.02,6,266,10,3.9062,ERROR_DETECTED,1,0,0,0,0
B_vs_probabilidad,HAMMING,32,256,0.02,7,266,10,3.9062,ERROR_DETECTED,1,0,0,0,0
B_vs_probabilidad,HAMMING,32,256,0.02,6,266,10,3.9062,ERROR_DETECTED,1,0,0,0,0
B_vs_probabilidad,HAMMING,32,256,0.02,7,266,10,3.9062,ERROR_DETECTED,1,0,0,0,0
B_vs_probabilidad,HAMMING,32,256,0.02,3,266,10,3.9062,ERROR_DETECTED,1,0,0,0,0
B_vs_probabilidad,HAMMING,32,256,0.02,2,266,10,3.9062,ERROR_DETECTED,1,0,0,0,0
B_vs_probabilidad,HAMMING,32,256,0.02,9,266,10,3.9062,ERROR_DETECTED,1,0,0,0,0
B_vs_probabilidad,HAMMING,32,256,0.02,3,266,10,3.9062,ERROR_DETECTED,1,0,0,0,0
B_vs_probabilidad,HAMMING,32,256,0.02,6,266,10,3.9062,ERROR_DETECTED,1,0,0,0,0
B_vs_probabilidad,HAMMING,32,256,0.02,7,266,10,3.9062,CORRECTED,1,1,0,1,1
B_vs_probabilidad,HAMMING,32,256,0.02,5,266,10,3.9062,ERROR_DETECTED,1,0,0,0,0
B_vs_probabilidad,HAMMING,32,256,0.05,15,266,10,3.9062,ERROR_DETECTED,1,0,0,0,0
B_vs_probabilidad,HAMMING,32,256,0.05,11,266,10,3.9062,CORRECTED,1,1,0,1,0
B_vs_probabilidad,HAMMING,32,256,0.05,15,266,10,3.9062,ERROR_DETECTED,1,0,0,0,0
B_vs_probabilidad,HAMMING,32,256,0.05,9,266,10,3.9062,ERROR_DETECTED,1,0,0,0,0
B_vs_probabilidad,HAMMING,32,256,0.05,14,266,10,3.9062,ERROR_DETECTED,1,0,0,0,0
B_vs_probabilidad,HAMMING,32,256,0.05,19,266,10,3.9062,ERROR_DETECTED,1,0,0,0,0
B_vs_probabilidad,HAMMING,32,256,0.05,12,266,10,3.9062,ERROR_DETECTED,1,0,0,0,0
B_vs_probabilidad,HAMMING,32,256,0.05,13,266,10,3.9062,ERROR_DETECTED,1,0,0,0,0
B_vs_probabilidad,HAMMING,32,256,0.05,7,266,10,3.9062,ERROR_DETECTED,1,0,0,0,0
B_vs_probabilidad,HAMMING,32,256,0.05,15,266,10,3.9062,ERROR_DETECTED,1,0,0,0,0
B_vs_probabilidad,HAMMING,32,256,0.05,16,266,10,3.9062,ERROR_DETECTED,1,0,0,0,0
B_vs_probabilidad,HAMMING,32,256,0.05,11,266,10,3.9062,ERROR_DETECTED,1,0,0,0,0
B_vs_probabilidad,HAMMING,32,256,0.05,15,266,10,3.9062,ERROR_DETECTED,1,0,0,0,0
B_vs_probabilidad,HAMMING,32,256,0.05,10,266,10,3.9062,ERROR_DETECTED,1,0,0,0,0
B_vs_probabilidad,HAMMING,32,256,0.05,16,266,10,3.9062,ERROR_DETECTED,1,0,0,0,0
B_vs_probabilidad,HAMMING,32,256,0.05,15,266,10,3.9062,ERROR_DETECTED,1,0,0,0,0
B_vs_probabilidad,HAMMING,32,256,0.05,14,266,10,3.9062,ERROR_DETECTED,1,0,0,0,0
B_vs_probabilidad,HAMMING,32,256,0.05,14,266,10,3.9062,ERROR_DETECTED,1,0,0,0,0
B_vs_probabilidad,HAMMING,32,256,0.05,9,266,10,3.9062,ERROR_DETECTED,1,0,0,0,0
B_vs_probabilidad,HAMMING,32,256,0.05,14,266,10,3.9062,ERROR_DETECTED,1,0,0,0,0
B_vs_probabilidad,HAMMING,32,256,0.05,17,266,10,3.9062,ERROR_DETECTED,1,0,0,0,0
B_vs_probabilidad,HAMMING,32,256,0.05,16,266,10,3.9062,ERROR_DETECTED,1,0,0,0,0
B_vs_probabilidad,HAMMING,32,256,0.05,21,266,10,3.9062,ERROR_DETECTED,1,0,0,0,0
B_vs_probabilidad,HAMMING,32,256,0.05,15,266,10,3.9062,ERROR_DETECTED,1,0,0,0,0
B_vs_probabilidad,HAMMING,32,256,0.05,9,266,10,3.9062,ERROR_DETECTED,1,0,0,0,0
B_vs_probabilidad,HAMMING,32,256,0.05,9,266,10,3.9062,ERROR_DETECTED,1,0,0,0,0
B_vs_probabilidad,HAMMING,32,256,0.05,15,266,10,3.9062,ERROR_DETECTED,1,0,0,0,0
B_vs_probabilidad,HAMMING,32,256,0.05,11,266,10,3.9062,ERROR_DETECTED,1,0,0,0,0
B_vs_probabilidad,HAMMING,32,256,0.05,8,266,10,3.9062,ERROR_DETECTED,1,0,0,0,0
B_vs_probabilidad,HAMMING,32,256,0.05,20,266,10,3.9062,ERROR_DETECTED,1,0,0,0,0
B_vs_probabilidad,HAMMING,32,256,0.05,15,266,10,3.9062,ERROR_DETECTED,1,0,0,0,0
B_vs_probabilidad,HAMMING,32,256,0.05,21,266,10,3.9062,ERROR_DETECTED,1,0,0,0,0
B_vs_probabilidad,HAMMING,32,256,0.05,20,266,10,3.9062,ERROR_DETECTED,1,0,0,0,0
B_vs_probabilidad,HAMMING,32,256,0.05,9,266,10,3.9062,ERROR_DETECTED,1,0,0,0,0
B_vs_probabilidad,HAMMING,32,256,0.05,22,266,10,3.9062,ERROR_DETECTED,1,0,0,0,0
B_vs_probabilidad,HAMMING,32,256,0.05,12,266,10,3.9062,ERROR_DETECTED,1,0,0,0,0
B_vs_probabilidad,HAMMING,32,256,0.05,11,266,10,3.9062,ERROR_DETECTED,1,0,0,0,0
B_vs_probabilidad,HAMMING,32,256,0.05,16,266,10,3.9062,ERROR_DETECTED,1,0,0,0,0
B_vs_probabilidad,HAMMING,32,256,0.05,19,266,10,3.9062,ERROR_DETECTED,1,0,0,0,0
B_vs_probabilidad,HAMMING,32,256,0.05,15,266,10,3.9062,ERROR_DETECTED,1,0,0,0,0
B_vs_probabilidad,HAMMING,32,256,0.05,12,266,10,3.9062,ERROR_DETECTED,1,0,0,0,0
B_vs_probabilidad,HAMMING,32,256,0.05,13,266,10,3.9062,CORRECTED,1,1,0,1,1
B_vs_probabilidad,HAMMING,32,256,0.05,16,266,10,3.9062,ERROR_DETECTED,1,0,0,0,0
B_vs_probabilidad,HAMMING,32,256,0.05,9,266,10,3.9062,ERROR_DETECTED,1,0,0,0,0
B_vs_probabilidad,HAMMING,32,256,0.05,13,266,10,3.9062,ERROR_DETECTED,1,0,0,0,0
B_vs_probabilidad,HAMMING,32,256,0.05,14,266,10,3.9062,ERROR_DETECTED,1,0,0,0,0
B_vs_probabilidad,HAMMING,32,256,0.05,15,266,10,3.9062,ERROR_DETECTED,1,0,0,0,0
B_vs_probabilidad,HAMMING,32,256,0.05,16,266,10,3.9062,ERROR_DETECTED,1,0,0,0,0
B_vs_probabilidad,HAMMING,32,256,0.05,14,266,10,3.9062,ERROR_DETECTED,1,0,0,0,0
B_vs_probabilidad,HAMMING,32,256,0.05,13,266,10,3.9062,ERROR_DETECTED,1,0,0,0,0
B_vs_probabilidad,HAMMING,32,256,0.05,17,266,10,3.9062,ERROR_DETECTED,1,0,0,0,0
B_vs_probabilidad,HAMMING,32,256,0.05,11,266,10,3.9062,ERROR_DETECTED,1,0,0,0,0
B_vs_probabilidad,HAMMING,32,256,0.05,19,266,10,3.9062,ERROR_DETECTED,1,0,0,0,0
B_vs_probabilidad,HAMMING,32,256,0.05,17,266,10,3.9062,ERROR_DETECTED,1,0,0,0,0
B_vs_probabilidad,HAMMING,32,256,0.05,13,266,10,3.9062,ERROR_DETECTED,1,0,0,0,0
B_vs_probabilidad,HAMMING,32,256,0.05,12,266,10,3.9062,ERROR_DETECTED,1,0,0,0,0
B_vs_probabilidad,HAMMING,32,256,0.05,21,266,10,3.9062,ERROR_DETECTED,1,0,0,0,0
B_vs_probabilidad,HAMMING,32,256,0.05,9,266,10,3.9062,ERROR_DETECTED,1,0,0,0,0
B_vs_probabilidad,HAMMING,32,256,0.05,13,266,10,3.9062,ERROR_DETECTED,1,0,0,0,0
B_vs_probabilidad,HAMMING,32,256,0.05,13,266,10,3.9062,ERROR_DETECTED,1,0,0,0,0
B_vs_probabilidad,HAMMING,32,256,0.05,13,266,10,3.9062,ERROR_DETECTED,1,0,0,0,0
B_vs_probabilidad,HAMMING,32,256,0.05,16,266,10,3.9062,ERROR_DETECTED,1,0,0,0,0
B_vs_probabilidad,HAMMING,32,256,0.05,13,266,10,3.9062,ERROR_DETECTED,1,0,0,0,0
B_vs_probabilidad,HAMMING,32,256,0.05,14,266,10,3.9062,ERROR_DETECTED,1,0,0,0,0
B_vs_probabilidad,HAMMING,32,256,0.05,13,266,10,3.9062,ERROR_DETECTED,1,0,0,0,0
B_vs_probabilidad,HAMMING,32,256,0.05,17,266,10,3.9062,ERROR_DETECTED,1,0,0,0,0
B_vs_probabilidad,HAMMING,32,256,0.05,8,266,10,3.9062,ERROR_DETECTED,1,0,0,0,0
B_vs_probabilidad,HAMMING,32,256,0.05,13,266,10,3.9062,ERROR_DETECTED,1,0,0,0,0
B_vs_probabilidad,HAMMING,32,256,0.05,10,266,10,3.9062,ERROR_DETECTED,1,0,0,0,0
B_vs_probabilidad,HAMMING,32,256,0.05,18,266,10,3.9062,ERROR_DETECTED,1,0,0,0,0
B_vs_probabilidad,HAMMING,32,256,0.05,12,266,10,3.9062,ERROR_DETECTED,1,0,0,0,0
B_vs_probabilidad,HAMMING,32,256,0.05,16,266,10,3.9062,ERROR_DETECTED,1,0,0,0,0
B_vs_probabilidad,HAMMING,32,256,0.05,11,266,10,3.9062,ERROR_DETECTED,1,0,0,0,0
B_vs_probabilidad,HAMMING,32,256,0.05,9,266,10,3.9062,ERROR_DETECTED,1,0,0,0,0
B_vs_probabilidad,HAMMING,32,256,0.05,12,266,10,3.9062,ERROR_DETECTED,1,0,0,0,0
B_vs_probabilidad,HAMMING,32,256,0.05,7,266,10,3.9062,CORRECTED,1,1,0,1,0
B_vs_probabilidad,HAMMING,32,256,0.05,18,266,10,3.9062,ERROR_DETECTED,1,0,0,0,0
B_vs_probabilidad,HAMMING,32,256,0.05,16,266,10,3.9062,ERROR_DETECTED,1,0,0,0,0
B_vs_probabilidad,HAMMING,32,256,0.05,12,266,10,3.9062,ERROR_DETECTED,1,0,0,0,0
B_vs_probabilidad,HAMMING,32,256,0.05,15,266,10,3.9062,ERROR_DETECTED,1,0,0,0,0
B_vs_probabilidad,HAMMING,32,256,0.05,16,266,10,3.9062,ERROR_DETECTED,1,0,0,0,0
B_vs_probabilidad,HAMMING,32,256,0.05,11,266,10,3.9062,CORRECTED,1,1,0,1,0
B_vs_probabilidad,HAMMING,32,256,0.05,17,266,10,3.9062,ERROR_DETECTED,1,0,0,0,0
B_vs_probabilidad,HAMMING,32,256,0.05,9,266,10,3.9062,ERROR_DETECTED,1,0,0,0,0
B_vs_probabilidad,HAMMING,32,256,0.05,15,266,10,3.9062,ERROR_DETECTED,1,0,0,0,0
B_vs_probabilidad,HAMMING,32,256,0.05,12,266,10,3.9062,ERROR_DETECTED,1,0,0,0,0
B_vs_probabilidad,HAMMING,32,256,0.05,12,266,10,3.9062,ERROR_DETECTED,1,0,0,0,0
B_vs_probabilidad,HAMMING,32,256,0.05,13,266,10,3.9062,CORRECTED,1,1,0,1,1
B_vs_probabilidad,HAMMING,32,256,0.05,14,266,10,3.9062,ERROR_DETECTED,1,0,0,0,0
B_vs_probabilidad,HAMMING,32,256,0.05,16,266,10,3.9062,ERROR_DETECTED,1,0,0,0,0
B_vs_probabilidad,HAMMING,32,256,0.05,11,266,10,3.9062,ERROR_DETECTED,1,0,0,0,0
B_vs_probabilidad,HAMMING,32,256,0.05,18,266,10,3.9062,ERROR_DETECTED,1,0,0,0,0
B_vs_probabilidad,HAMMING,32,256,0.05,7,266,10,3.9062,ERROR_DETECTED,1,0,0,0,0
B_vs_probabilidad,HAMMING,32,256,0.05,17,266,10,3.9062,ERROR_DETECTED,1,0,0,0,0
B_vs_probabilidad,HAMMING,32,256,0.05,19,266,10,3.9062,ERROR_DETECTED,1,0,0,0,0
B_vs_probabilidad,HAMMING,32,256,0.05,11,266,10,3.9062,ERROR_DETECTED,1,0,0,0,0
B_vs_probabilidad,HAMMING,32,256,0.05,10,266,10,3.9062,ERROR_DETECTED,1,0,0,0,0
B_vs_probabilidad,HAMMING,32,256,0.05,18,266,10,3.9062,ERROR_DETECTED,1,0,0,0,0
B_vs_probabilidad,HAMMING,32,256,0.05,18,266,10,3.9062,ERROR_DETECTED,1,0,0,0,0
B_vs_probabilidad,HAMMING,32,256,0.05,17,266,10,3.9062,ERROR_DETECTED,1,0,0,0,0
B_vs_probabilidad,HAMMING,32,256,0.05,8,266,10,3.9062,ERROR_DETECTED,1,0,0,0,0
B_vs_probabilidad,HAMMING,32,256,0.05,13,266,10,3.9062,ERROR_DETECTED,1,0,0,0,0
B_vs_probabilidad,HAMMING,32,256,0.05,7,266,10,3.9062,ERROR_DETECTED,1,0,0,0,0
B_vs_probabilidad,HAMMING,32,256,0.05,12,266,10,3.9062,ERROR_DETECTED,1,0,0,0,0
B_vs_probabilidad,HAMMING,32,256,0.05,9,266,10,3.9062,ERROR_DETECTED,1,0,0,0,0
B_vs_probabilidad,HAMMING,32,256,0.05,11,266,10,3.9062,ERROR_DETECTED,1,0,0,0,0
B_vs_probabilidad,HAMMING,32,256,0.05,16,266,10,3.9062,ERROR_DETECTED,1,0,0,0,0
B_vs_probabilidad,HAMMING,32,256,0.05,17,266,10,3.9062,ERROR_DETECTED,1,0,0,0,0
B_vs_probabilidad,HAMMING,32,256,0.05,17,266,10,3.9062,ERROR_DETECTED,1,0,0,0,0
B_vs_probabilidad,HAMMING,32,256,0.05,8,266,10,3.9062,ERROR_DETECTED,1,0,0,0,0
B_vs_probabilidad,HAMMING,32,256,0.05,14,266,10,3.9062,ERROR_DETECTED,1,0,0,0,0
B_vs_probabilidad,HAMMING,32,256,0.05,12,266,10,3.9062,ERROR_DETECTED,1,0,0,0,0
B_vs_probabilidad,HAMMING,32,256,0.05,14,266,10,3.9062,ERROR_DETECTED,1,0,0,0,0
B_vs_probabilidad,HAMMING,32,256,0.05,16,266,10,3.9062,ERROR_DETECTED,1,0,0,0,0
B_vs_probabilidad,HAMMING,32,256,0.05,12,266,10,3.9062,ERROR_DETECTED,1,0,0,0,0
B_vs_probabilidad,HAMMING,32,256,0.05,13,266,10,3.9062,ERROR_DETECTED,1,0,0,0,0
B_vs_probabilidad,HAMMING,32,256,0.05,14,266,10,3.9062,ERROR_DETECTED,1,0,0,0,0
B_vs_probabilidad,HAMMING,32,256,0.05,13,266,10,3.9062,ERROR_DETECTED,1,0,0,0,0
B_vs_probabilidad,HAMMING,32,256,0.05,13,266,10,3.9062,ERROR_DETECTED,1,0,0,0,0
B_vs_probabilidad,HAMMING,32,256,0.05,12,266,10,3.9062,ERROR_DETECTED,1,0,0,0,0
B_vs_probabilidad,HAMMING,32,256,0.05,17,266,10,3.9062,ERROR_DETECTED,1,0,0,0,0
B_vs_probabilidad,HAMMING,32,256,0.05,11,266,10,3.9062,ERROR_DETECTED,1,0,0,0,0
B_vs_probabilidad,HAMMING,32,256,0.05,14,266,10,3.9062,ERROR_DETECTED,1,0,0,0,0
B_vs_probabilidad,HAMMING,32,256,0.05,14,266,10,3.9062,ERROR_DETECTED,1,0,0,0,0
B_vs_probabilidad,HAMMING,32,256,0.05,7,266,10,3.9062,ERROR_DETECTED,1,0,0,0,0
B_vs_probabilidad,HAMMING,32,256,0.05,3,266,10,3.9062,ERROR_DETECTED,1,0,0,0,0
B_vs_probabilidad,HAMMING,32,256,0.05,16,266,10,3.9062,ERROR_DETECTED,1,0,0,0,0
B_vs_probabilidad,HAMMING,32,256,0.05,8,266,10,3.9062,ERROR_DETECTED,1,0,0,0,0
B_vs_probabilidad,HAMMING,32,256,0.05,9,266,10,3.9062,ERROR_DETECTED,1,0,0,0,0
B_vs_probabilidad,HAMMING,32,256,0.05,15,266,10,3.9062,ERROR_DETECTED,1,0,0,0,0
B_vs_probabilidad,HAMMING,32,256,0.05,16,266,10,3.9062,ERROR_DETECTED,1,0,0,0,0
B_vs_probabilidad,HAMMING,32,256,0.05,9,266,10,3.9062,ERROR_DETECTED,1,0,0,0,0
B_vs_probabilidad,HAMMING,32,256,0.05,10,266,10,3.9062,ERROR_DETECTED,1,0,0,0,0
B_vs_probabilidad,HAMMING,32,256,0.05,15,266,10,3.9062,ERROR_DETECTED,1,0,0,0,0
B_vs_probabilidad,HAMMING,32,256,0.05,14,266,10,3.9062,ERROR_DETECTED,1,0,0,0,0
B_vs_probabilidad,HAMMING,32,256,0.05,17,266,10,3.9062,ERROR_DETECTED,1,0,0,0,0
B_vs_probabilidad,HAMMING,32,256,0.05,11,266,10,3.9062,ERROR_DETECTED,1,0,0,0,0
B_vs_probabilidad,HAMMING,32,256,0.05,14,266,10,3.9062,ERROR_DETECTED,1,0,0,0,0
B_vs_probabilidad,HAMMING,32,256,0.05,17,266,10,3.9062,ERROR_DETECTED,1,0,0,0,0
B_vs_probabilidad,HAMMING,32,256,0.05,9,266,10,3.9062,ERROR_DETECTED,1,0,0,0,0
B_vs_probabilidad,HAMMING,32,256,0.05,16,266,10,3.9062,ERROR_DETECTED,1,0,0,0,0
B_vs_probabilidad,HAMMING,32,256,0.05,16,266,10,3.9062,ERROR_DETECTED,1,0,0,0,0
B_vs_probabilidad,HAMMING,32,256,0.05,12,266,10,3.9062,ERROR_DETECTED,1,0,0,0,0
B_vs_probabilidad,HAMMING,32,256,0.05,10,266,10,3.9062,ERROR_DETECTED,1,0,0,0,0
B_vs_probabilidad,HAMMING,32,256,0.05,10,266,10,3.9062,ERROR_DETECTED,1,0,0,0,0
B_vs_probabilidad,HAMMING,32,256,0.05,14,266,10,3.9062,ERROR_DETECTED,1,0,0,0,0
B_vs_probabilidad,HAMMING,32,256,0.05,20,266,10,3.9062,ERROR_DETECTED,1,0,0,0,0
B_vs_probabilidad,HAMMING,32,256,0.05,17,266,10,3.9062,ERROR_DETECTED,1,0,0,0,0
B_vs_probabilidad,HAMMING,32,256,0.05,17,266,10,3.9062,ERROR_DETECTED,1,0,0,0,0
B_vs_probabilidad,HAMMING,32,256,0.05,14,266,10,3.9062,ERROR_DETECTED,1,0,0,0,0
B_vs_probabilidad,HAMMING,32,256,0.05,16,266,10,3.9062,ERROR_DETECTED,1,0,0,0,0
B_vs_probabilidad,HAMMING,32,256,0.05,12,266,10,3.9062,ERROR_DETECTED,1,0,0,0,0
B_vs_probabilidad,HAMMING,32,256,0.05,15,266,10,3.9062,ERROR_DETECTED,1,0,0,0,0
B_vs_probabilidad,HAMMING,32,256,0.05,15,266,10,3.9062,ERROR_DETECTED,1,0,0,0,0
B_vs_probabilidad,HAMMING,32,256,0.05,18,266,10,3.9062,ERROR_DETECTED,1,0,0,0,0
B_vs_probabilidad,HAMMING,32,256,0.05,11,266,10,3.9062,ERROR_DETECTED,1,0,0,0,0
B_vs_probabilidad,HAMMING,32,256,0.05,26,266,10,3.9062,ERROR_DETECTED,1,0,0,0,0
B_vs_probabilidad,HAMMING,32,256,0.05,12,266,10,3.9062,ERROR_DETECTED,1,0,0,0,0
B_vs_probabilidad,HAMMING,32,256,0.05,9,266,10,3.9062,ERROR_DETECTED,1,0,0,0,0
B_vs_probabilidad,HAMMING,32,256,0.05,16,266,10,3.9062,ERROR_DETECTED,1,0,0,0,0
B_vs_probabilidad,HAMMING,32,256,0.05,17,266,10,3.9062,ERROR_DETECTED,1,0,0,0,0
B_vs_probabilidad,HAMMING,32,256,0.05,12,266,10,3.9062,ERROR_DETECTED,1,0,0,0,0
B_vs_probabilidad,HAMMING,32,256,0.05,10,266,10,3.9062,ERROR_DETECTED,1,0,0,0,0
B_vs_probabilidad,HAMMING,32,256,0.05,7,266,10,3.9062,ERROR_DETECTED,1,0,0,0,0
B_vs_probabilidad,HAMMING,32,256,0.05,10,266,10,3.9062,ERROR_DETECTED,1,0,0,0,0
B_vs_probabilidad,HAMMING,32,256,0.05,11,266,10,3.9062,ERROR_DETECTED,1,0,0,0,0
B_vs_probabilidad,HAMMING,32,256,0.05,15,266,10,3.9062,ERROR_DETECTED,1,0,0,0,0
B_vs_probabilidad,HAMMING,32,256,0.05,14,266,10,3.9062,ERROR_DETECTED,1,0,0,0,0
B_vs_probabilidad,HAMMING,32,256,0.05,12,266,10,3.9062,ERROR_DETECTED,1,0,0,0,0
B_vs_probabilidad,HAMMING,32,256,0.05,8,266,10,3.9062,ERROR_DETECTED,1,0,0,0,0
B_vs_probabilidad,HAMMING,32,256,0.05,13,266,10,3.9062,ERROR_DETECTED,1,0,0,0,0
B_vs_probabilidad,HAMMING,32,256,0.05,18,266,10,3.9062,ERROR_DETECTED,1,0,0,0,0
B_vs_probabilidad,HAMMING,32,256,0.05,13,266,10,3.9062,ERROR_DETECTED,1,0,0,0,0
B_vs_probabilidad,HAMMING,32,256,0.05,7,266,10,3.9062,CORRECTED,1,1,0,1,1
B_vs_probabilidad,HAMMING,32,256,0.05,13,266,10,3.9062,ERROR_DETECTED,1,0,0,0,0
B_vs_probabilidad,HAMMING,32,256,0.05,12,266,10,3.9062,ERROR_DETECTED,1,0,0,0,0
B_vs_probabilidad,HAMMING,32,256,0.05,18,266,10,3.9062,ERROR_DETECTED,1,0,0,0,0
B_vs_probabilidad,HAMMING,32,256,0.05,13,266,10,3.9062,ERROR_DETECTED,1,0,0,0,0
B_vs_probabilidad,HAMMING,32,256,0.05,20,266,10,3.9062,ERROR_DETECTED,1,0,0,0,0
B_vs_probabilidad,HAMMING,32,256,0.05,10,266,10,3.9062,ERROR_DETECTED,1,0,0,0,0
B_vs_probabilidad,HAMMING,32,256,0.05,8,266,10,3.9062,ERROR_DETECTED,1,0,0,0,0
B_vs_probabilidad,HAMMING,32,256,0.05,16,266,10,3.9062,ERROR_DETECTED,1,0,0,0,0
B_vs_probabilidad,HAMMING,32,256,0.05,17,266,10,3.9062,CORRECTED,1,1,0,1,0
B_vs_probabilidad,HAMMING,32,256,0.05,16,266,10,3.9062,ERROR_DETECTED,1,0,0,0,0
B_vs_probabilidad,HAMMING,32,256,0.05,12,266,10,3.9062,ERROR_DETECTED,1,0,0,0,0
B_vs_probabilidad,HAMMING,32,256,0.05,10,266,10,3.9062,ERROR_DETECTED,1,0,0,0,0
B_vs_probabilidad,HAMMING,32,256,0.05,10,266,10,3.9062,ERROR_DETECTED,1,0,0,0,0
B_vs_probabilidad,HAMMING,32,256,0.05,21,266,10,3.9062,ERROR_DETECTED,1,0,0,0,0
B_vs_probabilidad,HAMMING,32,256,0.05,15,266,10,3.9062,ERROR_DETECTED,1,0,0,0,0
B_vs_probabilidad,HAMMING,32,256,0.05,12,266,10,3.9062,ERROR_DETECTED,1,0,0,0,0
B_vs_probabilidad,HAMMING,32,256,0.05,11,266,10,3.9062,CORRECTED,1,1,0,1,1
B_vs_probabilidad,HAMMING,32,256,0.05,15,266,10,3.9062,ERROR_DETECTED,1,0,0,0,0
B_vs_probabilidad,HAMMING,32,256,0.05,8,266,10,3.9062,ERROR_DETECTED,1,0,0,0,0
B_vs_probabilidad,HAMMING,32,256,0.05,15,266,10,3.9062,ERROR_DETECTED,1,0,0,0,0
B_vs_probabilidad,HAMMING,32,256,0.05,15,266,10,3.9062,ERROR_DETECTED,1,0,0,0,0
B_vs_probabilidad,HAMMING,32,256,0.05,12,266,10,3.9062,ERROR_DETECTED,1,0,0,0,0
B_vs_probabilidad,HAMMING,32,256,0.05,19,266,10,3.9062,ERROR_DETECTED,1,0,0,0,0
B_vs_probabilidad,HAMMING,32,256,0.05,18,266,10,3.9062,ERROR_DETECTED,1,0,0,0,0
B_vs_probabilidad,HAMMING,32,256,0.05,17,266,10,3.9062,ERROR_DETECTED,1,0,0,0,0
B_vs_probabilidad,HAMMING,32,256,0.05,14,266,10,3.9062,ERROR_DETECTED,1,0,0,0,0
B_vs_probabilidad,HAMMING,32,256,0.08,31,266,10,3.9062,ERROR_DETECTED,1,0,0,0,0
B_vs_probabilidad,HAMMING,32,256,0.08,25,266,10,3.9062,ERROR_DETECTED,1,0,0,0,0
B_vs_probabilidad,HAMMING,32,256,0.08,13,266,10,3.9062,ERROR_DETECTED,1,0,0,0,0
B_vs_probabilidad,HAMMING,32,256,0.08,23,266,10,3.9062,ERROR_DETECTED,1,0,0,0,0
B_vs_probabilidad,HAMMING,32,256,0.08,21,266,10,3.9062,ERROR_DETECTED,1,0,0,0,0
B_vs_probabilidad,HAMMING,32,256,0.08,23,266,10,3.9062,ERROR_DETECTED,1,0,0,0,0
B_vs_probabilidad,HAMMING,32,256,0.08,21,266,10,3.9062,ERROR_DETECTED,1,0,0,0,0
B_vs_probabilidad,HAMMING,32,256,0.08,22,266,10,3.9062,ERROR_DETECTED,1,0,0,0,0
B_vs_probabilidad,HAMMING,32,256,0.08,21,266,10,3.9062,ERROR_DETECTED,1,0,0,0,0
B_vs_probabilidad,HAMMING,32,256,0.08,22,266,10,3.9062,ERROR_DETECTED,1,0,0,0,0
B_vs_probabilidad,HAMMING,32,256,0.08,18,266,10,3.9062,ERROR_DETECTED,1,0,0,0,0
B_vs_probabilidad,HAMMING,32,256,0.08,22,266,10,3.9062,ERROR_DETECTED,1,0,0,0,0
B_vs_probabilidad,HAMMING,32,256,0.08,21,266,10,3.9062,ERROR_DETECTED,1,0,0,0,0
B_vs_probabilidad,HAMMING,32,256,0.08,25,266,10,3.9062,ERROR_DETECTED,1,0,0,0,0
B_vs_probabilidad,HAMMING,32,256,0.08,27,266,10,3.9062,ERROR_DETECTED,1,0,0,0,0
B_vs_probabilidad,HAMMING,32,256,0.08,26,266,10,3.9062,ERROR_DETECTED,1,0,0,0,0
B_vs_probabilidad,HAMMING,32,256,0.08,24,266,10,3.9062,ERROR_DETECTED,1,0,0,0,0
B_vs_probabilidad,HAMMING,32,256,0.08,23,266,10,3.9062,ERROR_DETECTED,1,0,0,0,0
B_vs_probabilidad,HAMMING,32,256,0.08,23,266,10,3.9062,ERROR_DETECTED,1,0,0,0,0
B_vs_probabilidad,HAMMING,32,256,0.08,18,266,10,3.9062,ERROR_DETECTED,1,0,0,0,0
B_vs_probabilidad,HAMMING,32,256,0.08,21,266,10,3.9062,ERROR_DETECTED,1,0,0,0,0
B_vs_probabilidad,HAMMING,32,256,0.08,23,266,10,3.9062,ERROR_DETECTED,1,0,0,0,0
B_vs_probabilidad,HAMMING,32,256,0.08,19,266,10,3.9062,ERROR_DETECTED,1,0,0,0,0
B_vs_probabilidad,HAMMING,32,256,0.08,20,266,10,3.9062,ERROR_DETECTED,1,0,0,0,0
B_vs_probabilidad,HAMMING,32,256,0.08,20,266,10,3.9062,ERROR_DETECTED,1,0,0,0,0
B_vs_probabilidad,HAMMING,32,256,0.08,25,266,10,3.9062,ERROR_DETECTED,1,0,0,0,0
B_vs_probabilidad,HAMMING,32,256,0.08,18,266,10,3.9062,ERROR_DETECTED,1,0,0,0,0
B_vs_probabilidad,HAMMING,32,256,0.08,15,266,10,3.9062,ERROR_DETECTED,1,0,0,0,0
B_vs_probabilidad,HAMMING,32,256,0.08,31,266,10,3.9062,ERROR_DETECTED,1,0,0,0,0
B_vs_probabilidad,HAMMING,32,256,0.08,26,266,10,3.9062,ERROR_DETECTED,1,0,0,0,0
B_vs_probabilidad,HAMMING,32,256,0.08,20,266,10,3.9062,ERROR_DETECTED,1,0,0,0,0
B_vs_probabilidad,HAMMING,32,256,0.08,26,266,10,3.9062,ERROR_DETECTED,1,0,0,0,0
B_vs_probabilidad,HAMMING,32,256,0.08,15,266,10,3.9062,ERROR_DETECTED,1,0,0,0,0
B_vs_probabilidad,HAMMING,32,256,0.08,28,266,10,3.9062,ERROR_DETECTED,1,0,0,0,0
B_vs_probabilidad,HAMMING,32,256,0.08,31,266,10,3.9062,ERROR_DETECTED,1,0,0,0,0
B_vs_probabilidad,HAMMING,32,256,0.08,20,266,10,3.9062,ERROR_DETECTED,1,0,0,0,0
B_vs_probabilidad,HAMMING,32,256,0.08,27,266,10,3.9062,ERROR_DETECTED,1,0,0,0,0
B_vs_probabilidad,HAMMING,32,256,0.08,16,266,10,3.9062,ERROR_DETECTED,1,0,0,0,0
B_vs_probabilidad,HAMMING,32,256,0.08,28,266,10,3.9062,ERROR_DETECTED,1,0,0,0,0
B_vs_probabilidad,HAMMING,32,256,0.08,23,266,10,3.9062,ERROR_DETECTED,1,0,0,0,0
B_vs_probabilidad,HAMMING,32,256,0.08,24,266,10,3.9062,ERROR_DETECTED,1,0,0,0,0
B_vs_probabilidad,HAMMING,32,256,0.08,25,266,10,3.9062,ERROR_DETECTED,1,0,0,0,0
B_vs_probabilidad,HAMMING,32,256,0.08,15,266,10,3.9062,CORRECTED,1,1,0,1,1
B_vs_probabilidad,HAMMING,32,256,0.08,18,266,10,3.9062,ERROR_DETECTED,1,0,0,0,0
B_vs_probabilidad,HAMMING,32,256,0.08,18,266,10,3.9062,ERROR_DETECTED,1,0,0,0,0
B_vs_probabilidad,HAMMING,32,256,0.08,12,266,10,3.9062,ERROR_DETECTED,1,0,0,0,0
B_vs_probabilidad,HAMMING,32,256,0.08,20,266,10,3.9062,ERROR_DETECTED,1,0,0,0,0
B_vs_probabilidad,HAMMING,32,256,0.08,30,266,10,3.9062,ERROR_DETECTED,1,0,0,0,0
B_vs_probabilidad,HAMMING,32,256,0.08,20,266,10,3.9062,ERROR_DETECTED,1,0,0,0,0
B_vs_probabilidad,HAMMING,32,256,0.08,24,266,10,3.9062,ERROR_DETECTED,1,0,0,0,0
B_vs_probabilidad,HAMMING,32,256,0.08,16,266,10,3.9062,ERROR_DETECTED,1,0,0,0,0
B_vs_probabilidad,HAMMING,32,256,0.08,23,266,10,3.9062,ERROR_DETECTED,1,0,0,0,0
B_vs_probabilidad,HAMMING,32,256,0.08,21,266,10,3.9062,ERROR_DETECTED,1,0,0,0,0
B_vs_probabilidad,HAMMING,32,256,0.08,18,266,10,3.9062,ERROR_DETECTED,1,0,0,0,0
B_vs_probabilidad,HAMMING,32,256,0.08,25,266,10,3.9062,ERROR_DETECTED,1,0,0,0,0
B_vs_probabilidad,HAMMING,32,256,0.08,21,266,10,3.9062,ERROR_DETECTED,1,0,0,0,0
B_vs_probabilidad,HAMMING,32,256,0.08,28,266,10,3.9062,ERROR_DETECTED,1,0,0,0,0
B_vs_probabilidad,HAMMING,32,256,0.08,25,266,10,3.9062,ERROR_DETECTED,1,0,0,0,0
B_vs_probabilidad,HAMMING,32,256,0.08,18,266,10,3.9062,ERROR_DETECTED,1,0,0,0,0
B_vs_probabilidad,HAMMING,32,256,0.08,20,266,10,3.9062,ERROR_DETECTED,1,0,0,0,0
B_vs_probabilidad,HAMMING,32,256,0.08,19,266,10,3.9062,ERROR_DETECTED,1,0,0,0,0
B_vs_probabilidad,HAMMING,32,256,0.08,11,266,10,3.9062,CORRECTED,1,1,0,1,1
B_vs_probabilidad,HAMMING,32,256,0.08,15,266,10,3.9062,ERROR_DETECTED,1,0,0,0,0
B_vs_probabilidad,HAMMING,32,256,0.08,16,266,10,3.9062,ERROR_DETECTED,1,0,0,0,0
B_vs_probabilidad,HAMMING,32,256,0.08,23,266,10,3.9062,ERROR_DETECTED,1,0,0,0,0
B_vs_probabilidad,HAMMING,32,256,0.08,18,266,10,3.9062,ERROR_DETECTED,1,0,0,0,0
B_vs_probabilidad,HAMMING,32,256,0.08,25,266,10,3.9062,ERROR_DETECTED,1,0,0,0,0
B_vs_probabilidad,HAMMING,32,256,0.08,25,266,10,3.9062,ERROR_DETECTED,1,0,0,0,0
B_vs_probabilidad,HAMMING,32,256,0.08,17,266,10,3.9062,ERROR_DETECTED,1,0,0,0,0
B_vs_probabilidad,HAMMING,32,256,0.08,24,266,10,3.9062,ERROR_DETECTED,1,0,0,0,0
B_vs_probabilidad,HAMMING,32,256,0.08,23,266,10,3.9062,ERROR_DETECTED,1,0,0,0,0
B_vs_probabilidad,HAMMING,32,256,0.08,22,266,10,3.9062,ERROR_DETECTED,1,0,0,0,0
B_vs_probabilidad,HAMMING,32,256,0.08,18,266,10,3.9062,ERROR_DETECTED,1,0,0,0,0
B_vs_probabilidad,HAMMING,32,256,0.08,19,266,10,3.9062,ERROR_DETECTED,1,0,0,0,0
B_vs_probabilidad,HAMMING,32,256,0.08,17,266,10,3.9062,ERROR_DETECTED,1,0,0,0,0
B_vs_probabilidad,HAMMING,32,256,0.08,16,266,10,3.9062,ERROR_DETECTED,1,0,0,0,0
B_vs_probabilidad,HAMMING,32,256,0.08,23,266,10,3.9062,ERROR_DETECTED,1,0,0,0,0
B_vs_probabilidad,HAMMING,32,256,0.08,23,266,10,3.9062,ERROR_DETECTED,1,0,0,0,0
B_vs_probabilidad,HAMMING,32,256,0.08,18,266,10,3.9062,ERROR_DETECTED,1,0,0,0,0
B_vs_probabilidad,HAMMING,32,256,0.08,26,266,10,3.9062,ERROR_DETECTED,1,0,0,0,0
B_vs_probabilidad,HAMMING,32,256,0.08,29,266,10,3.9062,ERROR_DETECTED,1,0,0,0,0
B_vs_probabilidad,HAMMING,32,256,0.08,28,266,10,3.9062,ERROR_DETECTED,1,0,0,0,0
B_vs_probabilidad,HAMMING,32,256,0.08,17,266,10,3.9062,ERROR_DETECTED,1,0,0,0,0
B_vs_probabilidad,HAMMING,32,256,0.08,24,266,10,3.9062,ERROR_DETECTED,1,0,0,0,0
B_vs_probabilidad,HAMMING,32,256,0.08,23,266,10,3.9062,ERROR_DETECTED,1,0,0,0,0
B_vs_probabilidad,HAMMING,32,256,0.08,11,266,10,3.9062,ERROR_DETECTED,1,0,0,0,0
B_vs_probabilidad,HAMMING,32,256,0.08,12,266,10,3.9062,ERROR_DETECTED,1,0,0,0,0
B_vs_probabilidad,HAMMING,32,256,0.08,16,266,10,3.9062,ERROR_DETECTED,1,0,0,0,0
B_vs_probabilidad,HAMMING,32,256,0.08,24,266,10,3.9062,ERROR_DETECTED,1,0,0,0,0
B_vs_probabilidad,HAMMING,32,256,0.08,27,266,10,3.9062,CORRECTED,1,1,0,1,1
B_vs_probabilidad,HAMMING,32,256,0.08,20,266,10,3.9062,ERROR_DETECTED,1,0,0,0,0
B_vs_probabilidad,HAMMING,32,256,0.08,21,266,10,3.9062,ERROR_DETECTED,1,0,0,0,0
B_vs_probabilidad,HAMMING,32,256,0.08,21,266,10,3.9062,ERROR_DETECTED,1,0,0,0,0
B_vs_probabilidad,HAMMING,32,256,0.08,22,266,10,3.9062,ERROR_DETECTED,1,0,0,0,0
B_vs_probabilidad,HAMMING,32,256,0.08,36,266,10,3.9062,ERROR_DETECTED,1,0,0,0,0
B_vs_probabilidad,HAMMING,32,256,0.08,23,266,10,3.9062,ERROR_DETECTED,1,0,0,0,0
B_vs_probabilidad,HAMMING,32,256,0.08,24,266,10,3.9062,ERROR_DETECTED,1,0,0,0,0
B_vs_probabilidad,HAMMING,32,256,0.08,26,266,10,3.9062,ERROR_DETECTED,1,0,0,0,0
B_vs_probabilidad,HAMMING,32,256,0.08,17,266,10,3.9062,ERROR_DETECTED,1,0,0,0,0
B_vs_probabilidad,HAMMING,32,256,0.08,24,266,10,3.9062,ERROR_DETECTED,1,0,0,0,0
B_vs_probabilidad,HAMMING,32,256,0.08,26,266,10,3.9062,ERROR_DETECTED,1,0,0,0,0
B_vs_probabilidad,HAMMING,32,256,0.08,17,266,10,3.9062,ERROR_DETECTED,1,0,0,0,0
B_vs_probabilidad,HAMMING,32,256,0.08,20,266,10,3.9062,ERROR_DETECTED,1,0,0,0,0
B_vs_probabilidad,HAMMING,32,256,0.08,17,266,10,3.9062,ERROR_DETECTED,1,0,0,0,0
B_vs_probabilidad,HAMMING,32,256,0.08,21,266,10,3.9062,ERROR_DETECTED,1,0,0,0,0
B_vs_probabilidad,HAMMING,32,256,0.08,20,266,10,3.9062,ERROR_DETECTED,1,0,0,0,0
B_vs_probabilidad,HAMMING,32,256,0.08,21,266,10,3.9062,ERROR_DETECTED,1,0,0,0,0
B_vs_probabilidad,HAMMING,32,256,0.08,23,266,10,3.9062,ERROR_DETECTED,1,0,0,0,0
B_vs_probabilidad,HAMMING,32,256,0.08,17,266,10,3.9062,ERROR_DETECTED,1,0,0,0,0
B_vs_probabilidad,HAMMING,32,256,0.08,23,266,10,3.9062,ERROR_DETECTED,1,0,0,0,0
B_vs_probabilidad,HAMMING,32,256,0.08,15,266,10,3.9062,ERROR_DETECTED,1,0,0,0,0
B_vs_probabilidad,HAMMING,32,256,0.08,19,266,10,3.9062,ERROR_DETECTED,1,0,0,0,0
B_vs_probabilidad,HAMMING,32,256,0.08,17,266,10,3.9062,CORRECTED,1,1,0,1,0
B_vs_probabilidad,HAMMING,32,256,0.08,18,266,10,3.9062,ERROR_DETECTED,1,0,0,0,0
B_vs_probabilidad,HAMMING,32,256,0.08,21,266,10,3.9062,ERROR_DETECTED,1,0,0,0,0
B_vs_probabilidad,HAMMING,32,256,0.08,16,266,10,3.9062,ERROR_DETECTED,1,0,0,0,0
B_vs_probabilidad,HAMMING,32,256,0.08,25,266,10,3.9062,ERROR_DETECTED,1,0,0,0,0
B_vs_probabilidad,HAMMING,32,256,0.08,24,266,10,3.9062,ERROR_DETECTED,1,0,0,0,0
B_vs_probabilidad,HAMMING,32,256,0.08,22,266,10,3.9062,ERROR_DETECTED,1,0,0,0,0
B_vs_probabilidad,HAMMING,32,256,0.08,26,266,10,3.9062,ERROR_DETECTED,1,0,0,0,0
B_vs_probabilidad,HAMMING,32,256,0.08,18,266,10,3.9062,ERROR_DETECTED,1,0,0,0,0
B_vs_probabilidad,HAMMING,32,256,0.08,26,266,10,3.9062,ERROR_DETECTED,1,0,0,0,0
B_vs_probabilidad,HAMMING,32,256,0.08,30,266,10,3.9062,ERROR_DETECTED,1,0,0,0,0
B_vs_probabilidad,HAMMING,32,256,0.08,21,266,10,3.9062,ERROR_DETECTED,1,0,0,0,0
B_vs_probabilidad,HAMMING,32,256,0.08,22,266,10,3.9062,ERROR_DETECTED,1,0,0,0,0
B_vs_probabilidad,HAMMING,32,256,0.08,20,266,10,3.9062,ERROR_DETECTED,1,0,0,0,0
B_vs_probabilidad,HAMMING,32,256,0.08,15,266,10,3.9062,ERROR_DETECTED,1,0,0,0,0
B_vs_probabilidad,HAMMING,32,256,0.08,18,266,10,3.9062,ERROR_DETECTED,1,0,0,0,0
B_vs_probabilidad,HAMMING,32,256,0.08,20,266,10,3.9062,ERROR_DETECTED,1,0,0,0,0
B_vs_probabilidad,HAMMING,32,256,0.08,20,266,10,3.9062,ERROR_DETECTED,1,0,0,0,0
B_vs_probabilidad,HAMMING,32,256,0.08,22,266,10,3.9062,ERROR_DETECTED,1,0,0,0,0
B_vs_probabilidad,HAMMING,32,256,0.08,19,266,10,3.9062,ERROR_DETECTED,1,0,0,0,0
B_vs_probabilidad,HAMMING,32,256,0.08,23,266,10,3.9062,ERROR_DETECTED,1,0,0,0,0
B_vs_probabilidad,HAMMING,32,256,0.08,26,266,10,3.9062,ERROR_DETECTED,1,0,0,0,0
B_vs_probabilidad,HAMMING,32,256,0.08,19,266,10,3.9062,ERROR_DETECTED,1,0,0,0,0
B_vs_probabilidad,HAMMING,32,256,0.08,17,266,10,3.9062,ERROR_DETECTED,1,0,0,0,0
B_vs_probabilidad,HAMMING,32,256,0.08,15,266,10,3.9062,ERROR_DETECTED,1,0,0,0,0
B_vs_probabilidad,HAMMING,32,256,0.08,26,266,10,3.9062,ERROR_DETECTED,1,0,0,0,0
B_vs_probabilidad,HAMMING,32,256,0.08,21,266,10,3.9062,ERROR_DETECTED,1,0,0,0,0
B_vs_probabilidad,HAMMING,32,256,0.08,21,266,10,3.9062,ERROR_DETECTED,1,0,0,0,0
B_vs_probabilidad,HAMMING,32,256,0.08,19,266,10,3.9062,ERROR_DETECTED,1,0,0,0,0
B_vs_probabilidad,HAMMING,32,256,0.08,21,266,10,3.9062,ERROR_DETECTED,1,0,0,0,0
B_vs_probabilidad,HAMMING,32,256,0.08,20,266,10,3.9062,ERROR_DETECTED,1,0,0,0,0
B_vs_probabilidad,HAMMING,32,256,0.08,21,266,10,3.9062,ERROR_DETECTED,1,0,0,0,0
B_vs_probabilidad,HAMMING,32,256,0.08,17,266,10,3.9062,ERROR_DETECTED,1,0,0,0,0
B_vs_probabilidad,HAMMING,32,256,0.08,15,266,10,3.9062,ERROR_DETECTED,1,0,0,0,0
B_vs_probabilidad,HAMMING,32,256,0.08,17,266,10,3.9062,ERROR_DETECTED,1,0,0,0,0
B_vs_probabilidad,HAMMING,32,256,0.08,20,266,10,3.9062,ERROR_DETECTED,1,0,0,0,0
B_vs_probabilidad,HAMMING,32,256,0.08,26,266,10,3.9062,ERROR_DETECTED,1,0,0,0,0
B_vs_probabilidad,HAMMING,32,256,0.08,23,266,10,3.9062,ERROR_DETECTED,1,0,0,0,0
B_vs_probabilidad,HAMMING,32,256,0.08,22,266,10,3.9062,ERROR_DETECTED,1,0,0,0,0
B_vs_probabilidad,HAMMING,32,256,0.08,18,266,10,3.9062,ERROR_DETECTED,1,0,0,0,0
B_vs_probabilidad,HAMMING,32,256,0.08,11,266,10,3.9062,ERROR_DETECTED,1,0,0,0,0
B_vs_probabilidad,HAMMING,32,256,0.08,23,266,10,3.9062,ERROR_DETECTED,1,0,0,0,0
B_vs_probabilidad,HAMMING,32,256,0.08,19,266,10,3.9062,ERROR_DETECTED,1,0,0,0,0
B_vs_probabilidad,HAMMING,32,256,0.08,18,266,10,3.9062,ERROR_DETECTED,1,0,0,0,0
B_vs_probabilidad,HAMMING,32,256,0.08,17,266,10,3.9062,ERROR_DETECTED,1,0,0,0,0
B_vs_probabilidad,HAMMING,32,256,0.08,29,266,10,3.9062,ERROR_DETECTED,1,0,0,0,0
B_vs_probabilidad,HAMMING,32,256,0.08,17,266,10,3.9062,ERROR_DETECTED,1,0,0,0,0
B_vs_probabilidad,HAMMING,32,256,0.08,13,266,10,3.9062,ERROR_DETECTED,1,0,0,0,0
B_vs_probabilidad,HAMMING,32,256,0.08,15,266,10,3.9062,ERROR_DETECTED,1,0,0,0,0
B_vs_probabilidad,HAMMING,32,256,0.08,19,266,10,3.9062,ERROR_DETECTED,1,0,0,0,0
B_vs_probabilidad,HAMMING,32,256,0.08,24,266,10,3.9062,ERROR_DETECTED,1,0,0,0,0
B_vs_probabilidad,HAMMING,32,256,0.08,22,266,10,3.9062,ERROR_DETECTED,1,0,0,0,0
B_vs_probabilidad,HAMMING,32,256,0.08,19,266,10,3.9062,ERROR_DETECTED,1,0,0,0,0
B_vs_probabilidad,HAMMING,32,256,0.08,31,266,10,3.9062,ERROR_DETECTED,1,0,0,0,0
B_vs_probabilidad,HAMMING,32,256,0.08,15,266,10,3.9062,ERROR_DETECTED,1,0,0,0,0
B_vs_probabilidad,HAMMING,32,256,0.08,30,266,10,3.9062,ERROR_DETECTED,1,0,0,0,0
B_vs_probabilidad,HAMMING,32,256,0.08,18,266,10,3.9062,ERROR_DETECTED,1,0,0,0,0
B_vs_probabilidad,HAMMING,32,256,0.08,27,266,10,3.9062,ERROR_DETECTED,1,0,0,0,0
B_vs_probabilidad,HAMMING,32,256,0.08,20,266,10,3.9062,ERROR_DETECTED,1,0,0,0,0
B_vs_probabilidad,HAMMING,32,256,0.08,26,266,10,3.9062,ERROR_DETECTED,1,0,0,0,0
B_vs_probabilidad,HAMMING,32,256,0.08,27,266,10,3.9062,ERROR_DETECTED,1,0,0,0,0
B_vs_probabilidad,HAMMING,32,256,0.08,15,266,10,3.9062,ERROR_DETECTED,1,0,0,0,0
B_vs_probabilidad,HAMMING,32,256,0.08,27,266,10,3.9062,ERROR_DETECTED,1,0,0,0,0
B_vs_probabilidad,HAMMING,32,256,0.08,15,266,10,3.9062,ERROR_DETECTED,1,0,0,0,0
B_vs_probabilidad,HAMMING,32,256,0.08,19,266,10,3.9062,CORRECTED,1,1,0,1,0
B_vs_probabilidad,HAMMING,32,256,0.08,11,266,10,3.9062,ERROR_DETECTED,1,0,0,0,0
B_vs_probabilidad,HAMMING,32,256,0.08,22,266,10,3.9062,ERROR_DETECTED,1,0,0,0,0
B_vs_probabilidad,HAMMING,32,256,0.08,18,266,10,3.9062,ERROR_DETECTED,1,0,0,0,0
B_vs_probabilidad,HAMMING,32,256,0.08,22,266,10,3.9062,ERROR_DETECTED,1,0,0,0,0
B_vs_probabilidad,HAMMING,32,256,0.08,24,266,10,3.9062,ERROR_DETECTED,1,0,0,0,0
B_vs_probabilidad,HAMMING,32,256,0.08,20,266,10,3.9062,ERROR_DETECTED,1,0,0,0,0
B_vs_probabilidad,HAMMING,32,256,0.08,16,266,10,3.9062,ERROR_DETECTED,1,0,0,0,0
B_vs_probabilidad,HAMMING,32,256,0.08,29,266,10,3.9062,ERROR_DETECTED,1,0,0,0,0
B_vs_probabilidad,HAMMING,32,256,0.08,22,266,10,3.9062,ERROR_DETECTED,1,0,0,0,0
B_vs_probabilidad,HAMMING,32,256,0.08,23,266,10,3.9062,CORRECTED,1,1,0,1,1
B_vs_probabilidad,HAMMING,32,256,0.08,20,266,10,3.9062,ERROR_DETECTED,1,0,0,0,0
B_vs_probabilidad,HAMMING,32,256,0.08,23,266,10,3.9062,ERROR_DETECTED,1,0,0,0,0
B_vs_probabilidad,HAMMING,32,256,0.08,24,266,10,3.9062,ERROR_DETECTED,1,0,0,0,0
B_vs_probabilidad,HAMMING,32,256,0.08,19,266,10,3.9062,ERROR_DETECTED,1,0,0,0,0
B_vs_probabilidad,HAMMING,32,256,0.08,22,266,10,3.9062,ERROR_DETECTED,1,0,0,0,0
B_vs_probabilidad,HAMMING,32,256,0.08,19,266,10,3.9062,ERROR_DETECTED,1,0,0,0,0
B_vs_probabilidad,HAMMING,32,256,0.08,25,266,10,3.9062,ERROR_DETECTED,1,0,0,0,0
B_vs_probabilidad,HAMMING,32,256,0.08,21,266,10,3.9062,ERROR_DETECTED,1,0,0,0,0
B_vs_probabilidad,HAMMING,32,256,0.08,22,266,10,3.9062,ERROR_DETECTED,1,0,0,0,0
B_vs_probabilidad,HAMMING,32,256,0.08,26,266,10,3.9062,ERROR_DETECTED,1,0,0,0,0
B_vs_probabilidad,HAMMING,32,256,0.08,20,266,10,3.9062,ERROR_DETECTED,1,0,0,0,0
B_vs_probabilidad,HAMMING,32,256,0.08,17,266,10,3.9062,ERROR_DETECTED,1,0,0,0,0
B_vs_probabilidad,HAMMING,32,256,0.08,16,266,10,3.9062,ERROR_DETECTED,1,0,0,0,0
B_vs_probabilidad,HAMMING,32,256,0.12,34,266,10,3.9062,ERROR_DETECTED,1,0,0,0,0
B_vs_probabilidad,HAMMING,32,256,0.12,27,266,10,3.9062,ERROR_DETECTED,1,0,0,0,0
B_vs_probabilidad,HAMMING,32,256,0.12,31,266,10,3.9062,ERROR_DETECTED,1,0,0,0,0
B_vs_probabilidad,HAMMING,32,256,0.12,31,266,10,3.9062,ERROR_DETECTED,1,0,0,0,0
B_vs_probabilidad,HAMMING,32,256,0.12,29,266,10,3.9062,ERROR_DETECTED,1,0,0,0,0
B_vs_probabilidad,HAMMING,32,256,0.12,30,266,10,3.9062,ERROR_DETECTED,1,0,0,0,0
B_vs_probabilidad,HAMMING,32,256,0.12,27,266,10,3.9062,ERROR_DETECTED,1,0,0,0,0
B_vs_probabilidad,HAMMING,32,256,0.12,34,266,10,3.9062,ERROR_DETECTED,1,0,0,0,0
B_vs_probabilidad,HAMMING,32,256,0.12,36,266,10,3.9062,ERROR_DETECTED,1,0,0,0,0
B_vs_probabilidad,HAMMING,32,256,0.12,31,266,10,3.9062,ERROR_DETECTED,1,0,0,0,0
B_vs_probabilidad,HAMMING,32,256,0.12,32,266,10,3.9062,ERROR_DETECTED,1,0,0,0,0
B_vs_probabilidad,HAMMING,32,256,0.12,28,266,10,3.9062,ERROR_DETECTED,1,0,0,0,0
B_vs_probabilidad,HAMMING,32,256,0.12,36,266,10,3.9062,ERROR_DETECTED,1,0,0,0,0
B_vs_probabilidad,HAMMING,32,256,0.12,25,266,10,3.9062,ERROR_DETECTED,1,0,0,0,0
B_vs_probabilidad,HAMMING,32,256,0.12,25,266,10,3.9062,ERROR_DETECTED,1,0,0,0,0
B_vs_probabilidad,HAMMING,32,256,0.12,30,266,10,3.9062,ERROR_DETECTED,1,0,0,0,0
B_vs_probabilidad,HAMMING,32,256,0.12,22,266,10,3.9062,ERROR_DETECTED,1,0,0,0,0
B_vs_probabilidad,HAMMING,32,256,0.12,26,266,10,3.9062,ERROR_DETECTED,1,0,0,0,0
B_vs_probabilidad,HAMMING,32,256,0.12,27,266,10,3.9062,ERROR_DETECTED,1,0,0,0,0
B_vs_probabilidad,HAMMING,32,256,0.12,32,266,10,3.9062,ERROR_DETECTED,1,0,0,0,0
B_vs_probabilidad,HAMMING,32,256,0.12,24,266,10,3.9062,ERROR_DETECTED,1,0,0,0,0
B_vs_probabilidad,HAMMING,32,256,0.12,19,266,10,3.9062,ERROR_DETECTED,1,0,0,0,0
B_vs_probabilidad,HAMMING,32,256,0.12,35,266,10,3.9062,ERROR_DETECTED,1,0,0,0,0
B_vs_probabilidad,HAMMING,32,256,0.12,29,266,10,3.9062,ERROR_DETECTED,1,0,0,0,0
B_vs_probabilidad,HAMMING,32,256,0.12,39,266,10,3.9062,ERROR_DETECTED,1,0,0,0,0
B_vs_probabilidad,HAMMING,32,256,0.12,33,266,10,3.9062,ERROR_DETECTED,1,0,0,0,0
B_vs_probabilidad,HAMMING,32,256,0.12,35,266,10,3.9062,ERROR_DETECTED,1,0,0,0,0
B_vs_probabilidad,HAMMING,32,256,0.12,34,266,10,3.9062,ERROR_DETECTED,1,0,0,0,0
B_vs_probabilidad,HAMMING,32,256,0.12,30,266,10,3.9062,ERROR_DETECTED,1,0,0,0,0
B_vs_probabilidad,HAMMING,32,256,0.12,32,266,10,3.9062,ERROR_DETECTED,1,0,0,0,0
B_vs_probabilidad,HAMMING,32,256,0.12,24,266,10,3.9062,ERROR_DETECTED,1,0,0,0,0
B_vs_probabilidad,HAMMING,32,256,0.12,24,266,10,3.9062,ERROR_DETECTED,1,0,0,0,0
B_vs_probabilidad,HAMMING,32,256,0.12,27,266,10,3.9062,ERROR_DETECTED,1,0,0,0,0
B_vs_probabilidad,HAMMING,32,256,0.12,26,266,10,3.9062,ERROR_DETECTED,1,0,0,0,0
B_vs_probabilidad,HAMMING,32,256,0.12,38,266,10,3.9062,ERROR_DETECTED,1,0,0,0,0
B_vs_probabilidad,HAMMING,32,256,0.12,30,266,10,3.9062,ERROR_DETECTED,1,0,0,0,0
B_vs_probabilidad,HAMMING,32,256,0.12,37,266,10,3.9062,ERROR_DETECTED,1,0,0,0,0
B_vs_probabilidad,HAMMING,32,256,0.12,26,266,10,3.9062,ERROR_DETECTED,1,0,0,0,0
B_vs_probabilidad,HAMMING,32,256,0.12,31,266,10,3.9062,ERROR_DETECTED,1,0,0,0,0
B_vs_probabilidad,HAMMING,32,256,0.12,28,266,10,3.9062,ERROR_DETECTED,1,0,0,0,0
B_vs_probabilidad,HAMMING,32,256,0.12,41,266,10,3.9062,ERROR_DETECTED,1,0,0,0,0
B_vs_probabilidad,HAMMING,32,256,0.12,37,266,10,3.9062,ERROR_DETECTED,1,0,0,0,0
B_vs_probabilidad,HAMMING,32,256,0.12,27,266,10,3.9062,ERROR_DETECTED,1,0,0,0,0
B_vs_probabilidad,HAMMING,32,256,0.12,31,266,10,3.9062,ERROR_DETECTED,1,0,0,0,0
B_vs_probabilidad,HAMMING,32,256,0.12,35,266,10,3.9062,ERROR_DETECTED,1,0,0,0,0
B_vs_probabilidad,HAMMING,32,256,0.12,37,266,10,3.9062,ERROR_DETECTED,1,0,0,0,0
B_vs_probabilidad,HAMMING,32,256,0.12,31,266,10,3.9062,ERROR_DETECTED,1,0,0,0,0
B_vs_probabilidad,HAMMING,32,256,0.12,35,266,10,3.9062,ERROR_DETECTED,1,0,0,0,0
B_vs_probabilidad,HAMMING,32,256,0.12,32,266,10,3.9062,ERROR_DETECTED,1,0,0,0,0
B_vs_probabilidad,HAMMING,32,256,0.12,36,266,10,3.9062,ERROR_DETECTED,1,0,0,0,0
B_vs_probabilidad,HAMMING,32,256,0.12,33,266,10,3.9062,ERROR_DETECTED,1,0,0,0,0
B_vs_probabilidad,HAMMING,32,256,0.12,39,266,10,3.9062,ERROR_DETECTED,1,0,0,0,0
B_vs_probabilidad,HAMMING,32,256,0.12,30,266,10,3.9062,ERROR_DETECTED,1,0,0,0,0
B_vs_probabilidad,HAMMING,32,256,0.12,31,266,10,3.9062,ERROR_DETECTED,1,0,0,0,0
B_vs_probabilidad,HAMMING,32,256,0.12,30,266,10,3.9062,ERROR_DETECTED,1,0,0,0,0
B_vs_probabilidad,HAMMING,32,256,0.12,29,266,10,3.9062,ERROR_DETECTED,1,0,0,0,0
B_vs_probabilidad,HAMMING,32,256,0.12,29,266,10,3.9062,ERROR_DETECTED,1,0,0,0,0
B_vs_probabilidad,HAMMING,32,256,0.12,36,266,10,3.9062,ERROR_DETECTED,1,0,0,0,0
B_vs_probabilidad,HAMMING,32,256,0.12,36,266,10,3.9062,ERROR_DETECTED,1,0,0,0,0
B_vs_probabilidad,HAMMING,32,256,0.12,39,266,10,3.9062,ERROR_DETECTED,1,0,0,0,0
B_vs_probabilidad,HAMMING,32,256,0.12,38,266,10,3.9062,ERROR_DETECTED,1,0,0,0,0
B_vs_probabilidad,HAMMING,32,256,0.12,29,266,10,3.9062,ERROR_DETECTED,1,0,0,0,0
B_vs_probabilidad,HAMMING,32,256,0.12,33,266,10,3.9062,ERROR_DETECTED,1,0,0,0,0
B_vs_probabilidad,HAMMING,32,256,0.12,26,266,10,3.9062,ERROR_DETECTED,1,0,0,0,0
B_vs_probabilidad,HAMMING,32,256,0.12,35,266,10,3.9062,ERROR_DETECTED,1,0,0,0,0
B_vs_probabilidad,HAMMING,32,256,0.12,31,266,10,3.9062,ERROR_DETECTED,1,0,0,0,0
B_vs_probabilidad,HAMMING,32,256,0.12,29,266,10,3.9062,ERROR_DETECTED,1,0,0,0,0
B_vs_probabilidad,HAMMING,32,256,0.12,33,266,10,3.9062,ERROR_DETECTED,1,0,0,0,0
B_vs_probabilidad,HAMMING,32,256,0.12,29,266,10,3.9062,ERROR_DETECTED,1,0,0,0,0
B_vs_probabilidad,HAMMING,32,256,0.12,38,266,10,3.9062,ERROR_DETECTED,1,0,0,0,0
B_vs_probabilidad,HAMMING,32,256,0.12,29,266,10,3.9062,ERROR_DETECTED,1,0,0,0,0
B_vs_probabilidad,HAMMING,32,256,0.12,35,266,10,3.9062,ERROR_DETECTED,1,0,0,0,0
B_vs_probabilidad,HAMMING,32,256,0.12,32,266,10,3.9062,ERROR_DETECTED,1,0,0,0,0
B_vs_probabilidad,HAMMING,32,256,0.12,29,266,10,3.9062,ERROR_DETECTED,1,0,0,0,0
B_vs_probabilidad,HAMMING,32,256,0.12,36,266,10,3.9062,ERROR_DETECTED,1,0,0,0,0
B_vs_probabilidad,HAMMING,32,256,0.12,33,266,10,3.9062,ERROR_DETECTED,1,0,0,0,0
B_vs_probabilidad,HAMMING,32,256,0.12,33,266,10,3.9062,ERROR_DETECTED,1,0,0,0,0
B_vs_probabilidad,HAMMING,32,256,0.12,34,266,10,3.9062,ERROR_DETECTED,1,0,0,0,0
B_vs_probabilidad,HAMMING,32,256,0.12,27,266,10,3.9062,ERROR_DETECTED,1,0,0,0,0
B_vs_probabilidad,HAMMING,32,256,0.12,25,266,10,3.9062,ERROR_DETECTED,1,0,0,0,0
B_vs_probabilidad,HAMMING,32,256,0.12,30,266,10,3.9062,ERROR_DETECTED,1,0,0,0,0
B_vs_probabilidad,HAMMING,32,256,0.12,34,266,10,3.9062,ERROR_DETECTED,1,0,0,0,0
B_vs_probabilidad,HAMMING,32,256,0.12,25,266,10,3.9062,ERROR_DETECTED,1,0,0,0,0
B_vs_probabilidad,HAMMING,32,256,0.12,31,266,10,3.9062,ERROR_DETECTED,1,0,0,0,0
B_vs_probabilidad,HAMMING,32,256,0.12,34,266,10,3.9062,ERROR_DETECTED,1,0,0,0,0
B_vs_probabilidad,HAMMING,32,256,0.12,27,266,10,3.9062,ERROR_DETECTED,1,0,0,0,0
B_vs_probabilidad,HAMMING,32,256,0.12,29,266,10,3.9062,ERROR_DETECTED,1,0,0,0,0
B_vs_probabilidad,HAMMING,32,256,0.12,37,266,10,3.9062,ERROR_DETECTED,1,0,0,0,0
B_vs_probabilidad,HAMMING,32,256,0.12,31,266,10,3.9062,ERROR_DETECTED,1,0,0,0,0
B_vs_probabilidad,HAMMING,32,256,0.12,33,266,10,3.9062,ERROR_DETECTED,1,0,0,0,0
B_vs_probabilidad,HAMMING,32,256,0.12,37,266,10,3.9062,ERROR_DETECTED,1,0,0,0,0
B_vs_probabilidad,HAMMING,32,256,0.12,34,266,10,3.9062,ERROR_DETECTED,1,0,0,0,0
B_vs_probabilidad,HAMMING,32,256,0.12,35,266,10,3.9062,ERROR_DETECTED,1,0,0,0,0
B_vs_probabilidad,HAMMING,32,256,0.12,24,266,10,3.9062,ERROR_DETECTED,1,0,0,0,0
B_vs_probabilidad,HAMMING,32,256,0.12,32,266,10,3.9062,ERROR_DETECTED,1,0,0,0,0
B_vs_probabilidad,HAMMING,32,256,0.12,33,266,10,3.9062,ERROR_DETECTED,1,0,0,0,0
B_vs_probabilidad,HAMMING,32,256,0.12,39,266,10,3.9062,ERROR_DETECTED,1,0,0,0,0
B_vs_probabilidad,HAMMING,32,256,0.12,33,266,10,3.9062,ERROR_DETECTED,1,0,0,0,0
B_vs_probabilidad,HAMMING,32,256,0.12,40,266,10,3.9062,ERROR_DETECTED,1,0,0,0,0
B_vs_probabilidad,HAMMING,32,256,0.12,24,266,10,3.9062,ERROR_DETECTED,1,0,0,0,0
B_vs_probabilidad,HAMMING,32,256,0.12,27,266,10,3.9062,ERROR_DETECTED,1,0,0,0,0
B_vs_probabilidad,HAMMING,32,256,0.12,32,266,10,3.9062,ERROR_DETECTED,1,0,0,0,0
B_vs_probabilidad,HAMMING,32,256,0.12,30,266,10,3.9062,ERROR_DETECTED,1,0,0,0,0
B_vs_probabilidad,HAMMING,32,256,0.12,38,266,10,3.9062,ERROR_DETECTED,1,0,0,0,0
B_vs_probabilidad,HAMMING,32,256,0.12,37,266,10,3.9062,ERROR_DETECTED,1,0,0,0,0
B_vs_probabilidad,HAMMING,32,256,0.12,26,266,10,3.9062,ERROR_DETECTED,1,0,0,0,0
B_vs_probabilidad,HAMMING,32,256,0.12,29,266,10,3.9062,ERROR_DETECTED,1,0,0,0,0
B_vs_probabilidad,HAMMING,32,256,0.12,35,266,10,3.9062,ERROR_DETECTED,1,0,0,0,0
B_vs_probabilidad,HAMMING,32,256,0.12,34,266,10,3.9062,ERROR_DETECTED,1,0,0,0,0
B_vs_probabilidad,HAMMING,32,256,0.12,30,266,10,3.9062,ERROR_DETECTED,1,0,0,0,0
B_vs_probabilidad,HAMMING,32,256,0.12,40,266,10,3.9062,ERROR_DETECTED,1,0,0,0,0
B_vs_probabilidad,HAMMING,32,256,0.12,38,266,10,3.9062,ERROR_DETECTED,1,0,0,0,0
B_vs_probabilidad,HAMMING,32,256,0.12,33,266,10,3.9062,ERROR_DETECTED,1,0,0,0,0
B_vs_probabilidad,HAMMING,32,256,0.12,38,266,10,3.9062,ERROR_DETECTED,1,0,0,0,0
B_vs_probabilidad,HAMMING,32,256,0.12,25,266,10,3.9062,ERROR_DETECTED,1,0,0,0,0
B_vs_probabilidad,HAMMING,32,256,0.12,29,266,10,3.9062,ERROR_DETECTED,1,0,0,0,0
B_vs_probabilidad,HAMMING,32,256,0.12,36,266,10,3.9062,ERROR_DETECTED,1,0,0,0,0
B_vs_probabilidad,HAMMING,32,256,0.12,34,266,10,3.9062,ERROR_DETECTED,1,0,0,0,0
B_vs_probabilidad,HAMMING,32,256,0.12,29,266,10,3.9062,ERROR_DETECTED,1,0,0,0,0
B_vs_probabilidad,HAMMING,32,256,0.12,24,266,10,3.9062,ERROR_DETECTED,1,0,0,0,0
B_vs_probabilidad,HAMMING,32,256,0.12,36,266,10,3.9062,ERROR_DETECTED,1,0,0,0,0
B_vs_probabilidad,HAMMING,32,256,0.12,28,266,10,3.9062,ERROR_DETECTED,1,0,0,0,0
B_vs_probabilidad,HAMMING,32,256,0.12,45,266,10,3.9062,ERROR_DETECTED,1,0,0,0,0
B_vs_probabilidad,HAMMING,32,256,0.12,33,266,10,3.9062,ERROR_DETECTED,1,0,0,0,0
B_vs_probabilidad,HAMMING,32,256,0.12,27,266,10,3.9062,ERROR_DETECTED,1,0,0,0,0
B_vs_probabilidad,HAMMING,32,256,0.12,30,266,10,3.9062,ERROR_DETECTED,1,0,0,0,0
B_vs_probabilidad,HAMMING,32,256,0.12,31,266,10,3.9062,ERROR_DETECTED,1,0,0,0,0
B_vs_probabilidad,HAMMING,32,256,0.12,32,266,10,3.9062,ERROR_DETECTED,1,0,0,0,0
B_vs_probabilidad,HAMMING,32,256,0.12,43,266,10,3.9062,ERROR_DETECTED,1,0,0,0,0
B_vs_probabilidad,HAMMING,32,256,0.12,37,266,10,3.9062,ERROR_DETECTED,1,0,0,0,0
B_vs_probabilidad,HAMMING,32,256,0.12,41,266,10,3.9062,ERROR_DETECTED,1,0,0,0,0
B_vs_probabilidad,HAMMING,32,256,0.12,37,266,10,3.9062,ERROR_DETECTED,1,0,0,0,0
B_vs_probabilidad,HAMMING,32,256,0.12,38,266,10,3.9062,ERROR_DETECTED,1,0,0,0,0
B_vs_probabilidad,HAMMING,32,256,0.12,29,266,10,3.9062,ERROR_DETECTED,1,0,0,0,0
B_vs_probabilidad,HAMMING,32,256,0.12,39,266,10,3.9062,ERROR_DETECTED,1,0,0,0,0
B_vs_probabilidad,HAMMING,32,256,0.12,35,266,10,3.9062,ERROR_DETECTED,1,0,0,0,0
B_vs_probabilidad,HAMMING,32,256,0.12,32,266,10,3.9062,ERROR_DETECTED,1,0,0,0,0
B_vs_probabilidad,HAMMING,32,256,0.12,26,266,10,3.9062,ERROR_DETECTED,1,0,0,0,0
B_vs_probabilidad,HAMMING,32,256,0.12,21,266,10,3.9062,ERROR_DETECTED,1,0,0,0,0
B_vs_probabilidad,HAMMING,32,256,0.12,30,266,10,3.9062,ERROR_DETECTED,1,0,0,0,0
B_vs_probabilidad,HAMMING,32,256,0.12,32,266,10,3.9062,ERROR_DETECTED,1,0,0,0,0
B_vs_probabilidad,HAMMING,32,256,0.12,37,266,10,3.9062,ERROR_DETECTED,1,0,0,0,0
B_vs_probabilidad,HAMMING,32,256,0.12,37,266,10,3.9062,ERROR_DETECTED,1,0,0,0,0
B_vs_probabilidad,HAMMING,32,256,0.12,28,266,10,3.9062,ERROR_DETECTED,1,0,0,0,0
B_vs_probabilidad,HAMMING,32,256,0.12,23,266,10,3.9062,ERROR_DETECTED,1,0,0,0,0
B_vs_probabilidad,HAMMING,32,256,0.12,28,266,10,3.9062,ERROR_DETECTED,1,0,0,0,0
B_vs_probabilidad,HAMMING,32,256,0.12,31,266,10,3.9062,ERROR_DETECTED,1,0,0,0,0
B_vs_probabilidad,HAMMING,32,256,0.12,25,266,10,3.9062,ERROR_DETECTED,1,0,0,0,0
B_vs_probabilidad,HAMMING,32,256,0.12,32,266,10,3.9062,ERROR_DETECTED,1,0,0,0,0
B_vs_probabilidad,HAMMING,32,256,0.12,29,266,10,3.9062,ERROR_DETECTED,1,0,0,0,0
B_vs_probabilidad,HAMMING,32,256,0.12,29,266,10,3.9062,ERROR_DETECTED,1,0,0,0,0
B_vs_probabilidad,HAMMING,32,256,0.12,29,266,10,3.9062,ERROR_DETECTED,1,0,0,0,0
B_vs_probabilidad,HAMMING,32,256,0.12,24,266,10,3.9062,ERROR_DETECTED,1,0,0,0,0
B_vs_probabilidad,HAMMING,32,256,0.12,23,266,10,3.9062,ERROR_DETECTED,1,0,0,0,0
B_vs_probabilidad,HAMMING,32,256,0.12,27,266,10,3.9062,ERROR_DETECTED,1,0,0,0,0
B_vs_probabilidad,HAMMING,32,256,0.12,38,266,10,3.9062,ERROR_DETECTED,1,0,0,0,0
B_vs_probabilidad,HAMMING,32,256,0.12,29,266,10,3.9062,ERROR_DETECTED,1,0,0,0,0
B_vs_probabilidad,HAMMING,32,256,0.12,31,266,10,3.9062,ERROR_DETECTED,1,0,0,0,0
B_vs_probabilidad,HAMMING,32,256,0.12,34,266,10,3.9062,ERROR_DETECTED,1,0,0,0,0
B_vs_probabilidad,HAMMING,32,256,0.12,39,266,10,3.9062,ERROR_DETECTED,1,0,0,0,0
B_vs_probabilidad,HAMMING,32,256,0.12,20,266,10,3.9062,ERROR_DETECTED,1,0,0,0,0
B_vs_probabilidad,HAMMING,32,256,0.12,32,266,10,3.9062,ERROR_DETECTED,1,0,0,0,0
B_vs_probabilidad,HAMMING,32,256,0.12,34,266,10,3.9062,ERROR_DETECTED,1,0,0,0,0
B_vs_probabilidad,HAMMING,32,256,0.12,40,266,10,3.9062,ERROR_DETECTED,1,0,0,0,0
B_vs_probabilidad,HAMMING,32,256,0.12,38,266,10,3.9062,ERROR_DETECTED,1,0,0,0,0
B_vs_probabilidad,HAMMING,32,256,0.12,25,266,10,3.9062,ERROR_DETECTED,1,0,0,0,0
B_vs_probabilidad,HAMMING,32,256,0.12,42,266,10,3.9062,ERROR_DETECTED,1,0,0,0,0
B_vs_probabilidad,HAMMING,32,256,0.12,28,266,10,3.9062,ERROR_DETECTED,1,0,0,0,0
B_vs_probabilidad,HAMMING,32,256,0.12,31,266,10,3.9062,ERROR_DETECTED,1,0,0,0,0
B_vs_probabilidad,HAMMING,32,256,0.12,32,266,10,3.9062,ERROR_DETECTED,1,0,0,0,0
B_vs_probabilidad,HAMMING,32,256,0.12,29,266,10,3.9062,ERROR_DETECTED,1,0,0,0,0
B_vs_probabilidad,HAMMING,32,256,0.12,37,266,10,3.9062,ERROR_DETECTED,1,0,0,0,0
B_vs_probabilidad,HAMMING,32,256,0.12,36,266,10,3.9062,ERROR_DETECTED,1,0,0,0,0
B_vs_probabilidad,HAMMING,32,256,0.12,27,266,10,3.9062,ERROR_DETECTED,1,0,0,0,0
B_vs_probabilidad,HAMMING,32,256,0.12,32,266,10,3.9062,ERROR_DETECTED,1,0,0,0,0
B_vs_probabilidad,HAMMING,32,256,0.12,28,266,10,3.9062,ERROR_DETECTED,1,0,0,0,0
B_vs_probabilidad,HAMMING,32,256,0.12,33,266,10,3.9062,ERROR_DETECTED,1,0,0,0,0
B_vs_probabilidad,HAMMING,32,256,0.12,29,266,10,3.9062,ERROR_DETECTED,1,0,0,0,0
B_vs_probabilidad,HAMMING,32,256,0.12,35,266,10,3.9062,ERROR_DETECTED,1,0,0,0,0
B_vs_probabilidad,HAMMING,32,256,0.12,37,266,10,3.9062,ERROR_DETECTED,1,0,0,0,0
B_vs_probabilidad,HAMMING,32,256,0.12,35,266,10,3.9062,ERROR_DETECTED,1,0,0,0,0
B_vs_probabilidad,HAMMING,32,256,0.12,26,266,10,3.9062,ERROR_DETECTED,1,0,0,0,0
B_vs_probabilidad,HAMMING,32,256,0.12,35,266,10,3.9062,ERROR_DETECTED,1,0,0,0,0
B_vs_probabilidad,HAMMING,32,256,0.12,25,266,10,3.9062,ERROR_DETECTED,1,0,0,0,0
B_vs_probabilidad,HAMMING,32,256,0.12,24,266,10,3.9062,ERROR_DETECTED,1,0,0,0,0
B_vs_probabilidad,HAMMING,32,256,0.12,39,266,10,3.9062,ERROR_DETECTED,1,0,0,0,0
B_vs_probabilidad,HAMMING,32,256,0.12,46,266,10,3.9062,ERROR_DETECTED,1,0,0,0,0
B_vs_probabilidad,HAMMING,32,256,0.12,35,266,10,3.9062,ERROR_DETECTED,1,0,0,0,0
B_vs_probabilidad,HAMMING,32,256,0.12,34,266,10,3.9062,ERROR_DETECTED,1,0,0,0,0
B_vs_probabilidad,HAMMING,32,256,0.12,31,266,10,3.9062,ERROR_DETECTED,1,0,0,0,0
B_vs_probabilidad,HAMMING,32,256,0.12,30,266,10,3.9062,ERROR_DETECTED,1,0,0,0,0
B_vs_probabilidad,HAMMING,32,256,0.12,33,266,10,3.9062,ERROR_DETECTED,1,0,0,0,0
B_vs_probabilidad,HAMMING,32,256,0.12,37,266,10,3.9062,ERROR_DETECTED,1,0,0,0,0
B_vs_probabilidad,HAMMING,32,256,0.12,40,266,10,3.9062,ERROR_DETECTED,1,0,0,0,0
B_vs_probabilidad,HAMMING,32,256,0.12,38,266,10,3.9062,ERROR_DETECTED,1,0,0,0,0
B_vs_probabilidad,HAMMING,32,256,0.12,34,266,10,3.9062,ERROR_DETECTED,1,0,0,0,0
B_vs_probabilidad,HAMMING,32,256,0.12,24,266,10,3.9062,ERROR_DETECTED,1,0,0,0,0
B_vs_probabilidad,HAMMING,32,256,0.12,42,266,10,3.9062,ERROR_DETECTED,1,0,0,0,0
B_vs_probabilidad,HAMMING,32,256,0.12,36,266,10,3.9062,ERROR_DETECTED,1,0,0,0,0
B_vs_probabilidad,HAMMING,32,256,0.12,30,266,10,3.9062,ERROR_DETECTED,1,0,0,0,0
B_vs_probabilidad,HAMMING,32,256,0.2,51,266,10,3.9062,ERROR_DETECTED,1,0,0,0,0
B_vs_probabilidad,HAMMING,32,256,0.2,56,266,10,3.9062,ERROR_DETECTED,1,0,0,0,0
B_vs_probabilidad,HAMMING,32,256,0.2,54,266,10,3.9062,ERROR_DETECTED,1,0,0,0,0
B_vs_probabilidad,HAMMING,32,256,0.2,51,266,10,3.9062,ERROR_DETECTED,1,0,0,0,0
B_vs_probabilidad,HAMMING,32,256,0.2,45,266,10,3.9062,ERROR_DETECTED,1,0,0,0,0
B_vs_probabilidad,HAMMING,32,256,0.2,55,266,10,3.9062,ERROR_DETECTED,1,0,0,0,0
B_vs_probabilidad,HAMMING,32,256,0.2,45,266,10,3.9062,ERROR_DETECTED,1,0,0,0,0
B_vs_probabilidad,HAMMING,32,256,0.2,51,266,10,3.9062,ERROR_DETECTED,1,0,0,0,0
B_vs_probabilidad,HAMMING,32,256,0.2,50,266,10,3.9062,ERROR_DETECTED,1,0,0,0,0
B_vs_probabilidad,HAMMING,32,256,0.2,56,266,10,3.9062,ERROR_DETECTED,1,0,0,0,0
B_vs_probabilidad,HAMMING,32,256,0.2,58,266,10,3.9062,ERROR_DETECTED,1,0,0,0,0
B_vs_probabilidad,HAMMING,32,256,0.2,50,266,10,3.9062,ERROR_DETECTED,1,0,0,0,0
B_vs_probabilidad,HAMMING,32,256,0.2,52,266,10,3.9062,ERROR_DETECTED,1,0,0,0,0
B_vs_probabilidad,HAMMING,32,256,0.2,55,266,10,3.9062,ERROR_DETECTED,1,0,0,0,0
B_vs_probabilidad,HAMMING,32,256,0.2,49,266,10,3.9062,ERROR_DETECTED,1,0,0,0,0
B_vs_probabilidad,HAMMING,32,256,0.2,48,266,10,3.9062,ERROR_DETECTED,1,0,0,0,0
B_vs_probabilidad,HAMMING,32,256,0.2,44,266,10,3.9062,ERROR_DETECTED,1,0,0,0,0
B_vs_probabilidad,HAMMING,32,256,0.2,57,266,10,3.9062,ERROR_DETECTED,1,0,0,0,0
B_vs_probabilidad,HAMMING,32,256,0.2,60,266,10,3.9062,ERROR_DETECTED,1,0,0,0,0
B_vs_probabilidad,HAMMING,32,256,0.2,57,266,10,3.9062,ERROR_DETECTED,1,0,0,0,0
B_vs_probabilidad,HAMMING,32,256,0.2,55,266,10,3.9062,ERROR_DETECTED,1,0,0,0,0
B_vs_probabilidad,HAMMING,32,256,0.2,49,266,10,3.9062,ERROR_DETECTED,1,0,0,0,0
B_vs_probabilidad,HAMMING,32,256,0.2,60,266,10,3.9062,ERROR_DETECTED,1,0,0,0,0
B_vs_probabilidad,HAMMING,32,256,0.2,51,266,10,3.9062,ERROR_DETECTED,1,0,0,0,0
B_vs_probabilidad,HAMMING,32,256,0.2,54,266,10,3.9062,ERROR_DETECTED,1,0,0,0,0
B_vs_probabilidad,HAMMING,32,256,0.2,56,266,10,3.9062,ERROR_DETECTED,1,0,0,0,0
B_vs_probabilidad,HAMMING,32,256,0.2,39,266,10,3.9062,ERROR_DETECTED,1,0,0,0,0
B_vs_probabilidad,HAMMING,32,256,0.2,55,266,10,3.9062,ERROR_DETECTED,1,0,0,0,0
B_vs_probabilidad,HAMMING,32,256,0.2,50,266,10,3.9062,ERROR_DETECTED,1,0,0,0,0
B_vs_probabilidad,HAMMING,32,256,0.2,64,266,10,3.9062,ERROR_DETECTED,1,0,0,0,0
B_vs_probabilidad,HAMMING,32,256,0.2,52,266,10,3.9062,ERROR_DETECTED,1,0,0,0,0
B_vs_probabilidad,HAMMING,32,256,0.2,60,266,10,3.9062,ERROR_DETECTED,1,0,0,0,0
B_vs_probabilidad,HAMMING,32,256,0.2,47,266,10,3.9062,ERROR_DETECTED,1,0,0,0,0
B_vs_probabilidad,HAMMING,32,256,0.2,57,266,10,3.9062,ERROR_DETECTED,1,0,0,0,0
B_vs_probabilidad,HAMMING,32,256,0.2,58,266,10,3.9062,ERROR_DETECTED,1,0,0,0,0
B_vs_probabilidad,HAMMING,32,256,0.2,66,266,10,3.9062,ERROR_DETECTED,1,0,0,0,0
B_vs_probabilidad,HAMMING,32,256,0.2,48,266,10,3.9062,ERROR_DETECTED,1,0,0,0,0
B_vs_probabilidad,HAMMING,32,256,0.2,45,266,10,3.9062,ERROR_DETECTED,1,0,0,0,0
B_vs_probabilidad,HAMMING,32,256,0.2,57,266,10,3.9062,ERROR_DETECTED,1,0,0,0,0
B_vs_probabilidad,HAMMING,32,256,0.2,52,266,10,3.9062,ERROR_DETECTED,1,0,0,0,0
B_vs_probabilidad,HAMMING,32,256,0.2,50,266,10,3.9062,ERROR_DETECTED,1,0,0,0,0
B_vs_probabilidad,HAMMING,32,256,0.2,60,266,10,3.9062,ERROR_DETECTED,1,0,0,0,0
B_vs_probabilidad,HAMMING,32,256,0.2,54,266,10,3.9062,ERROR_DETECTED,1,0,0,0,0
B_vs_probabilidad,HAMMING,32,256,0.2,56,266,10,3.9062,ERROR_DETECTED,1,0,0,0,0
B_vs_probabilidad,HAMMING,32,256,0.2,53,266,10,3.9062,ERROR_DETECTED,1,0,0,0,0
B_vs_probabilidad,HAMMING,32,256,0.2,58,266,10,3.9062,ERROR_DETECTED,1,0,0,0,0
B_vs_probabilidad,HAMMING,32,256,0.2,46,266,10,3.9062,ERROR_DETECTED,1,0,0,0,0
B_vs_probabilidad,HAMMING,32,256,0.2,53,266,10,3.9062,ERROR_DETECTED,1,0,0,0,0
B_vs_probabilidad,HAMMING,32,256,0.2,51,266,10,3.9062,ERROR_DETECTED,1,0,0,0,0
B_vs_probabilidad,HAMMING,32,256,0.2,61,266,10,3.9062,ERROR_DETECTED,1,0,0,0,0
B_vs_probabilidad,HAMMING,32,256,0.2,58,266,10,3.9062,ERROR_DETECTED,1,0,0,0,0
B_vs_probabilidad,HAMMING,32,256,0.2,46,266,10,3.9062,ERROR_DETECTED,1,0,0,0,0
B_vs_probabilidad,HAMMING,32,256,0.2,53,266,10,3.9062,ERROR_DETECTED,1,0,0,0,0
B_vs_probabilidad,HAMMING,32,256,0.2,50,266,10,3.9062,ERROR_DETECTED,1,0,0,0,0
B_vs_probabilidad,HAMMING,32,256,0.2,57,266,10,3.9062,ERROR_DETECTED,1,0,0,0,0
B_vs_probabilidad,HAMMING,32,256,0.2,48,266,10,3.9062,ERROR_DETECTED,1,0,0,0,0
B_vs_probabilidad,HAMMING,32,256,0.2,51,266,10,3.9062,ERROR_DETECTED,1,0,0,0,0
B_vs_probabilidad,HAMMING,32,256,0.2,53,266,10,3.9062,ERROR_DETECTED,1,0,0,0,0
B_vs_probabilidad,HAMMING,32,256,0.2,53,266,10,3.9062,ERROR_DETECTED,1,0,0,0,0
B_vs_probabilidad,HAMMING,32,256,0.2,56,266,10,3.9062,ERROR_DETECTED,1,0,0,0,0
B_vs_probabilidad,HAMMING,32,256,0.2,52,266,10,3.9062,ERROR_DETECTED,1,0,0,0,0
B_vs_probabilidad,HAMMING,32,256,0.2,50,266,10,3.9062,ERROR_DETECTED,1,0,0,0,0
B_vs_probabilidad,HAMMING,32,256,0.2,51,266,10,3.9062,ERROR_DETECTED,1,0,0,0,0
B_vs_probabilidad,HAMMING,32,256,0.2,59,266,10,3.9062,ERROR_DETECTED,1,0,0,0,0
B_vs_probabilidad,HAMMING,32,256,0.2,61,266,10,3.9062,ERROR_DETECTED,1,0,0,0,0
B_vs_probabilidad,HAMMING,32,256,0.2,46,266,10,3.9062,ERROR_DETECTED,1,0,0,0,0
B_vs_probabilidad,HAMMING,32,256,0.2,48,266,10,3.9062,ERROR_DETECTED,1,0,0,0,0
B_vs_probabilidad,HAMMING,32,256,0.2,63,266,10,3.9062,ERROR_DETECTED,1,0,0,0,0
B_vs_probabilidad,HAMMING,32,256,0.2,57,266,10,3.9062,ERROR_DETECTED,1,0,0,0,0
B_vs_probabilidad,HAMMING,32,256,0.2,53,266,10,3.9062,ERROR_DETECTED,1,0,0,0,0
B_vs_probabilidad,HAMMING,32,256,0.2,57,266,10,3.9062,ERROR_DETECTED,1,0,0,0,0
B_vs_probabilidad,HAMMING,32,256,0.2,62,266,10,3.9062,ERROR_DETECTED,1,0,0,0,0
B_vs_probabilidad,HAMMING,32,256,0.2,57,266,10,3.9062,ERROR_DETECTED,1,0,0,0,0
B_vs_probabilidad,HAMMING,32,256,0.2,52,266,10,3.9062,ERROR_DETECTED,1,0,0,0,0
B_vs_probabilidad,HAMMING,32,256,0.2,50,266,10,3.9062,ERROR_DETECTED,1,0,0,0,0
B_vs_probabilidad,HAMMING,32,256,0.2,45,266,10,3.9062,ERROR_DETECTED,1,0,0,0,0
B_vs_probabilidad,HAMMING,32,256,0.2,56,266,10,3.9062,ERROR_DETECTED,1,0,0,0,0
B_vs_probabilidad,HAMMING,32,256,0.2,46,266,10,3.9062,ERROR_DETECTED,1,0,0,0,0
B_vs_probabilidad,HAMMING,32,256,0.2,46,266,10,3.9062,ERROR_DETECTED,1,0,0,0,0
B_vs_probabilidad,HAMMING,32,256,0.2,57,266,10,3.9062,ERROR_DETECTED,1,0,0,0,0
B_vs_probabilidad,HAMMING,32,256,0.2,56,266,10,3.9062,ERROR_DETECTED,1,0,0,0,0
B_vs_probabilidad,HAMMING,32,256,0.2,63,266,10,3.9062,ERROR_DETECTED,1,0,0,0,0
B_vs_probabilidad,HAMMING,32,256,0.2,56,266,10,3.9062,ERROR_DETECTED,1,0,0,0,0
B_vs_probabilidad,HAMMING,32,256,0.2,54,266,10,3.9062,ERROR_DETECTED,1,0,0,0,0
B_vs_probabilidad,HAMMING,32,256,0.2,57,266,10,3.9062,ERROR_DETECTED,1,0,0,0,0
B_vs_probabilidad,HAMMING,32,256,0.2,60,266,10,3.9062,ERROR_DETECTED,1,0,0,0,0
B_vs_probabilidad,HAMMING,32,256,0.2,41,266,10,3.9062,ERROR_DETECTED,1,0,0,0,0
B_vs_probabilidad,HAMMING,32,256,0.2,46,266,10,3.9062,ERROR_DETECTED,1,0,0,0,0
B_vs_probabilidad,HAMMING,32,256,0.2,55,266,10,3.9062,ERROR_DETECTED,1,0,0,0,0
B_vs_probabilidad,HAMMING,32,256,0.2,52,266,10,3.9062,ERROR_DETECTED,1,0,0,0,0
B_vs_probabilidad,HAMMING,32,256,0.2,53,266,10,3.9062,ERROR_DETECTED,1,0,0,0,0
B_vs_probabilidad,HAMMING,32,256,0.2,64,266,10,3.9062,ERROR_DETECTED,1,0,0,0,0
B_vs_probabilidad,HAMMING,32,256,0.2,73,266,10,3.9062,ERROR_DETECTED,1,0,0,0,0
B_vs_probabilidad,HAMMING,32,256,0.2,50,266,10,3.9062,ERROR_DETECTED,1,0,0,0,0
B_vs_probabilidad,HAMMING,32,256,0.2,57,266,10,3.9062,ERROR_DETECTED,1,0,0,0,0
B_vs_probabilidad,HAMMING,32,256,0.2,64,266,10,3.9062,ERROR_DETECTED,1,0,0,0,0
B_vs_probabilidad,HAMMING,32,256,0.2,55,266,10,3.9062,ERROR_DETECTED,1,0,0,0,0
B_vs_probabilidad,HAMMING,32,256,0.2,44,266,10,3.9062,ERROR_DETECTED,1,0,0,0,0
B_vs_probabilidad,HAMMING,32,256,0.2,60,266,10,3.9062,ERROR_DETECTED,1,0,0,0,0
B_vs_probabilidad,HAMMING,32,256,0.2,55,266,10,3.9062,ERROR_DETECTED,1,0,0,0,0
B_vs_probabilidad,HAMMING,32,256,0.2,40,266,10,3.9062,ERROR_DETECTED,1,0,0,0,0
B_vs_probabilidad,HAMMING,32,256,0.2,50,266,10,3.9062,ERROR_DETECTED,1,0,0,0,0
B_vs_probabilidad,HAMMING,32,256,0.2,47,266,10,3.9062,ERROR_DETECTED,1,0,0,0,0
B_vs_probabilidad,HAMMING,32,256,0.2,48,266,10,3.9062,ERROR_DETECTED,1,0,0,0,0
B_vs_probabilidad,HAMMING,32,256,0.2,50,266,10,3.9062,ERROR_DETECTED,1,0,0,0,0
B_vs_probabilidad,HAMMING,32,256,0.2,53,266,10,3.9062,ERROR_DETECTED,1,0,0,0,0
B_vs_probabilidad,HAMMING,32,256,0.2,55,266,10,3.9062,ERROR_DETECTED,1,0,0,0,0
B_vs_probabilidad,HAMMING,32,256,0.2,51,266,10,3.9062,ERROR_DETECTED,1,0,0,0,0
B_vs_probabilidad,HAMMING,32,256,0.2,68,266,10,3.9062,ERROR_DETECTED,1,0,0,0,0
B_vs_probabilidad,HAMMING,32,256,0.2,65,266,10,3.9062,ERROR_DETECTED,1,0,0,0,0
B_vs_probabilidad,HAMMING,32,256,0.2,51,266,10,3.9062,ERROR_DETECTED,1,0,0,0,0
B_vs_probabilidad,HAMMING,32,256,0.2,50,266,10,3.9062,ERROR_DETECTED,1,0,0,0,0
B_vs_probabilidad,HAMMING,32,256,0.2,53,266,10,3.9062,ERROR_DETECTED,1,0,0,0,0
B_vs_probabilidad,HAMMING,32,256,0.2,55,266,10,3.9062,ERROR_DETECTED,1,0,0,0,0
B_vs_probabilidad,HAMMING,32,256,0.2,63,266,10,3.9062,ERROR_DETECTED,1,0,0,0,0
B_vs_probabilidad,HAMMING,32,256,0.2,50,266,10,3.9062,ERROR_DETECTED,1,0,0,0,0
B_vs_probabilidad,HAMMING,32,256,0.2,53,266,10,3.9062,ERROR_DETECTED,1,0,0,0,0
B_vs_probabilidad,HAMMING,32,256,0.2,47,266,10,3.9062,ERROR_DETECTED,1,0,0,0,0
B_vs_probabilidad,HAMMING,32,256,0.2,47,266,10,3.9062,ERROR_DETECTED,1,0,0,0,0
B_vs_probabilidad,HAMMING,32,256,0.2,64,266,10,3.9062,ERROR_DETECTED,1,0,0,0,0
B_vs_probabilidad,HAMMING,32,256,0.2,44,266,10,3.9062,ERROR_DETECTED,1,0,0,0,0
B_vs_probabilidad,HAMMING,32,256,0.2,50,266,10,3.9062,ERROR_DETECTED,1,0,0,0,0
B_vs_probabilidad,HAMMING,32,256,0.2,41,266,10,3.9062,ERROR_DETECTED,1,0,0,0,0
B_vs_probabilidad,HAMMING,32,256,0.2,49,266,10,3.9062,ERROR_DETECTED,1,0,0,0,0
B_vs_probabilidad,HAMMING,32,256,0.2,53,266,10,3.9062,ERROR_DETECTED,1,0,0,0,0
B_vs_probabilidad,HAMMING,32,256,0.2,52,266,10,3.9062,ERROR_DETECTED,1,0,0,0,0
B_vs_probabilidad,HAMMING,32,256,0.2,50,266,10,3.9062,ERROR_DETECTED,1,0,0,0,0
B_vs_probabilidad,HAMMING,32,256,0.2,51,266,10,3.9062,ERROR_DETECTED,1,0,0,0,0
B_vs_probabilidad,HAMMING,32,256,0.2,49,266,10,3.9062,ERROR_DETECTED,1,0,0,0,0
B_vs_probabilidad,HAMMING,32,256,0.2,54,266,10,3.9062,ERROR_DETECTED,1,0,0,0,0
B_vs_probabilidad,HAMMING,32,256,0.2,56,266,10,3.9062,ERROR_DETECTED,1,0,0,0,0
B_vs_probabilidad,HAMMING,32,256,0.2,59,266,10,3.9062,ERROR_DETECTED,1,0,0,0,0
B_vs_probabilidad,HAMMING,32,256,0.2,46,266,10,3.9062,ERROR_DETECTED,1,0,0,0,0
B_vs_probabilidad,HAMMING,32,256,0.2,56,266,10,3.9062,ERROR_DETECTED,1,0,0,0,0
B_vs_probabilidad,HAMMING,32,256,0.2,56,266,10,3.9062,ERROR_DETECTED,1,0,0,0,0
B_vs_probabilidad,HAMMING,32,256,0.2,57,266,10,3.9062,ERROR_DETECTED,1,0,0,0,0
B_vs_probabilidad,HAMMING,32,256,0.2,57,266,10,3.9062,ERROR_DETECTED,1,0,0,0,0
B_vs_probabilidad,HAMMING,32,256,0.2,55,266,10,3.9062,ERROR_DETECTED,1,0,0,0,0
B_vs_probabilidad,HAMMING,32,256,0.2,48,266,10,3.9062,ERROR_DETECTED,1,0,0,0,0
B_vs_probabilidad,HAMMING,32,256,0.2,48,266,10,3.9062,ERROR_DETECTED,1,0,0,0,0
B_vs_probabilidad,HAMMING,32,256,0.2,47,266,10,3.9062,ERROR_DETECTED,1,0,0,0,0
B_vs_probabilidad,HAMMING,32,256,0.2,61,266,10,3.9062,ERROR_DETECTED,1,0,0,0,0
B_vs_probabilidad,HAMMING,32,256,0.2,48,266,10,3.9062,ERROR_DETECTED,1,0,0,0,0
B_vs_probabilidad,HAMMING,32,256,0.2,56,266,10,3.9062,ERROR_DETECTED,1,0,0,0,0
B_vs_probabilidad,HAMMING,32,256,0.2,46,266,10,3.9062,ERROR_DETECTED,1,0,0,0,0
B_vs_probabilidad,HAMMING,32,256,0.2,54,266,10,3.9062,ERROR_DETECTED,1,0,0,0,0
B_vs_probabilidad,HAMMING,32,256,0.2,51,266,10,3.9062,ERROR_DETECTED,1,0,0,0,0
B_vs_probabilidad,HAMMING,32,256,0.2,48,266,10,3.9062,ERROR_DETECTED,1,0,0,0,0
B_vs_probabilidad,HAMMING,32,256,0.2,52,266,10,3.9062,ERROR_DETECTED,1,0,0,0,0
B_vs_probabilidad,HAMMING,32,256,0.2,42,266,10,3.9062,ERROR_DETECTED,1,0,0,0,0
B_vs_probabilidad,HAMMING,32,256,0.2,59,266,10,3.9062,ERROR_DETECTED,1,0,0,0,0
B_vs_probabilidad,HAMMING,32,256,0.2,50,266,10,3.9062,ERROR_DETECTED,1,0,0,0,0
B_vs_probabilidad,HAMMING,32,256,0.2,56,266,10,3.9062,ERROR_DETECTED,1,0,0,0,0
B_vs_probabilidad,HAMMING,32,256,0.2,61,266,10,3.9062,ERROR_DETECTED,1,0,0,0,0
B_vs_probabilidad,HAMMING,32,256,0.2,55,266,10,3.9062,ERROR_DETECTED,1,0,0,0,0
B_vs_probabilidad,HAMMING,32,256,0.2,62,266,10,3.9062,ERROR_DETECTED,1,0,0,0,0
B_vs_probabilidad,HAMMING,32,256,0.2,66,266,10,3.9062,ERROR_DETECTED,1,0,0,0,0
B_vs_probabilidad,HAMMING,32,256,0.2,49,266,10,3.9062,ERROR_DETECTED,1,0,0,0,0
B_vs_probabilidad,HAMMING,32,256,0.2,46,266,10,3.9062,ERROR_DETECTED,1,0,0,0,0
B_vs_probabilidad,HAMMING,32,256,0.2,49,266,10,3.9062,ERROR_DETECTED,1,0,0,0,0
B_vs_probabilidad,HAMMING,32,256,0.2,57,266,10,3.9062,ERROR_DETECTED,1,0,0,0,0
B_vs_probabilidad,HAMMING,32,256,0.2,50,266,10,3.9062,ERROR_DETECTED,1,0,0,0,0
B_vs_probabilidad,HAMMING,32,256,0.2,55,266,10,3.9062,ERROR_DETECTED,1,0,0,0,0
B_vs_probabilidad,HAMMING,32,256,0.2,60,266,10,3.9062,ERROR_DETECTED,1,0,0,0,0
B_vs_probabilidad,HAMMING,32,256,0.2,45,266,10,3.9062,ERROR_DETECTED,1,0,0,0,0
B_vs_probabilidad,HAMMING,32,256,0.2,62,266,10,3.9062,ERROR_DETECTED,1,0,0,0,0
B_vs_probabilidad,HAMMING,32,256,0.2,52,266,10,3.9062,ERROR_DETECTED,1,0,0,0,0
B_vs_probabilidad,HAMMING,32,256,0.2,52,266,10,3.9062,ERROR_DETECTED,1,0,0,0,0
B_vs_probabilidad,HAMMING,32,256,0.2,65,266,10,3.9062,ERROR_DETECTED,1,0,0,0,0
B_vs_probabilidad,HAMMING,32,256,0.2,54,266,10,3.9062,ERROR_DETECTED,1,0,0,0,0
B_vs_probabilidad,HAMMING,32,256,0.2,51,266,10,3.9062,ERROR_DETECTED,1,0,0,0,0
B_vs_probabilidad,HAMMING,32,256,0.2,53,266,10,3.9062,ERROR_DETECTED,1,0,0,0,0
B_vs_probabilidad,HAMMING,32,256,0.2,57,266,10,3.9062,ERROR_DETECTED,1,0,0,0,0
B_vs_probabilidad,HAMMING,32,256,0.2,54,266,10,3.9062,ERROR_DETECTED,1,0,0,0,0
B_vs_probabilidad,HAMMING,32,256,0.2,55,266,10,3.9062,ERROR_DETECTED,1,0,0,0,0
B_vs_probabilidad,HAMMING,32,256,0.2,53,266,10,3.9062,ERROR_DETECTED,1,0,0,0,0
B_vs_probabilidad,HAMMING,32,256,0.2,54,266,10,3.9062,ERROR_DETECTED,1,0,0,0,0
B_vs_probabilidad,HAMMING,32,256,0.2,49,266,10,3.9062,ERROR_DETECTED,1,0,0,0,0
B_vs_probabilidad,HAMMING,32,256,0.2,49,266,10,3.9062,ERROR_DETECTED,1,0,0,0,0
B_vs_probabilidad,HAMMING,32,256,0.2,38,266,10,3.9062,ERROR_DETECTED,1,0,0,0,0
B_vs_probabilidad,HAMMING,32,256,0.2,57,266,10,3.9062,ERROR_DETECTED,1,0,0,0,0
B_vs_probabilidad,HAMMING,32,256,0.2,46,266,10,3.9062,ERROR_DETECTED,1,0,0,0,0
B_vs_probabilidad,HAMMING,32,256,0.2,54,266,10,3.9062,ERROR_DETECTED,1,0,0,0,0
B_vs_probabilidad,HAMMING,32,256,0.2,46,266,10,3.9062,ERROR_DETECTED,1,0,0,0,0
B_vs_probabilidad,HAMMING,32,256,0.2,59,266,10,3.9062,ERROR_DETECTED,1,0,0,0,0
B_vs_probabilidad,HAMMING,32,256,0.2,54,266,10,3.9062,ERROR_DETECTED,1,0,0,0,0
B_vs_probabilidad,HAMMING,32,256,0.2,65,266,10,3.9062,ERROR_DETECTED,1,0,0,0,0
B_vs_probabilidad,HAMMING,32,256,0.2,51,266,10,3.9062,ERROR_DETECTED,1,0,0,0,0
B_vs_probabilidad,HAMMING,32,256,0.2,39,266,10,3.9062,ERROR_DETECTED,1,0,0,0,0
B_vs_probabilidad,HAMMING,32,256,0.2,59,266,10,3.9062,ERROR_DETECTED,1,0,0,0,0
B_vs_probabilidad,HAMMING,32,256,0.2,59,266,10,3.9062,ERROR_DETECTED,1,0,0,0,0
B_vs_probabilidad,HAMMING,32,256,0.2,58,266,10,3.9062,ERROR_DETECTED,1,0,0,0,0
B_vs_probabilidad,HAMMING,32,256,0.2,59,266,10,3.9062,ERROR_DETECTED,1,0,0,0,0
B_vs_probabilidad,HAMMING,32,256,0.2,49,266,10,3.9062,ERROR_DETECTED,1,0,0,0,0
B_vs_probabilidad,HAMMING,32,256,0.2,48,266,10,3.9062,ERROR_DETECTED,1,0,0,0,0
B_vs_probabilidad,HAMMING,32,256,0.2,52,266,10,3.9062,ERROR_DETECTED,1,0,0,0,0
B_vs_probabilidad,HAMMING,32,256,0.2,55,266,10,3.9062,ERROR_DETECTED,1,0,0,0,0
B_vs_probabilidad,HAMMING,32,256,0.2,58,266,10,3.9062,ERROR_DETECTED,1,0,0,0,0
B_vs_probabilidad,HAMMING,32,256,0.2,40,266,10,3.9062,ERROR_DETECTED,1,0,0,0,0
B_vs_probabilidad,HAMMING,32,256,0.2,47,266,10,3.9062,ERROR_DETECTED,1,0,0,0,0
B_vs_probabilidad,CRC32,32,256,0.0,0,288,32,12.5,OK,0,0,1,0,0
B_vs_probabilidad,CRC32,32,256,0.0,0,288,32,12.5,OK,0,0,1,0,0
B_vs_probabilidad,CRC32,32,256,0.0,0,288,32,12.5,OK,0,0,1,0,0
B_vs_probabilidad,CRC32,32,256,0.0,0,288,32,12.5,OK,0,0,1,0,0
B_vs_probabilidad,CRC32,32,256,0.0,0,288,32,12.5,OK,0,0,1,0,0
B_vs_probabilidad,CRC32,32,256,0.0,0,288,32,12.5,OK,0,0,1,0,0
B_vs_probabilidad,CRC32,32,256,0.0,0,288,32,12.5,OK,0,0,1,0,0
B_vs_probabilidad,CRC32,32,256,0.0,0,288,32,12.5,OK,0,0,1,0,0
B_vs_probabilidad,CRC32,32,256,0.0,0,288,32,12.5,OK,0,0,1,0,0
B_vs_probabilidad,CRC32,32,256,0.0,0,288,32,12.5,OK,0,0,1,0,0
B_vs_probabilidad,CRC32,32,256,0.0,0,288,32,12.5,OK,0,0,1,0,0
B_vs_probabilidad,CRC32,32,256,0.0,0,288,32,12.5,OK,0,0,1,0,0
B_vs_probabilidad,CRC32,32,256,0.0,0,288,32,12.5,OK,0,0,1,0,0
B_vs_probabilidad,CRC32,32,256,0.0,0,288,32,12.5,OK,0,0,1,0,0
B_vs_probabilidad,CRC32,32,256,0.0,0,288,32,12.5,OK,0,0,1,0,0
B_vs_probabilidad,CRC32,32,256,0.0,0,288,32,12.5,OK,0,0,1,0,0
B_vs_probabilidad,CRC32,32,256,0.0,0,288,32,12.5,OK,0,0,1,0,0
B_vs_probabilidad,CRC32,32,256,0.0,0,288,32,12.5,OK,0,0,1,0,0
B_vs_probabilidad,CRC32,32,256,0.0,0,288,32,12.5,OK,0,0,1,0,0
B_vs_probabilidad,CRC32,32,256,0.0,0,288,32,12.5,OK,0,0,1,0,0
B_vs_probabilidad,CRC32,32,256,0.0,0,288,32,12.5,OK,0,0,1,0,0
B_vs_probabilidad,CRC32,32,256,0.0,0,288,32,12.5,OK,0,0,1,0,0
B_vs_probabilidad,CRC32,32,256,0.0,0,288,32,12.5,OK,0,0,1,0,0
B_vs_probabilidad,CRC32,32,256,0.0,0,288,32,12.5,OK,0,0,1,0,0
B_vs_probabilidad,CRC32,32,256,0.0,0,288,32,12.5,OK,0,0,1,0,0
B_vs_probabilidad,CRC32,32,256,0.0,0,288,32,12.5,OK,0,0,1,0,0
B_vs_probabilidad,CRC32,32,256,0.0,0,288,32,12.5,OK,0,0,1,0,0
B_vs_probabilidad,CRC32,32,256,0.0,0,288,32,12.5,OK,0,0,1,0,0
B_vs_probabilidad,CRC32,32,256,0.0,0,288,32,12.5,OK,0,0,1,0,0
B_vs_probabilidad,CRC32,32,256,0.0,0,288,32,12.5,OK,0,0,1,0,0
B_vs_probabilidad,CRC32,32,256,0.0,0,288,32,12.5,OK,0,0,1,0,0
B_vs_probabilidad,CRC32,32,256,0.0,0,288,32,12.5,OK,0,0,1,0,0
B_vs_probabilidad,CRC32,32,256,0.0,0,288,32,12.5,OK,0,0,1,0,0
B_vs_probabilidad,CRC32,32,256,0.0,0,288,32,12.5,OK,0,0,1,0,0
B_vs_probabilidad,CRC32,32,256,0.0,0,288,32,12.5,OK,0,0,1,0,0
B_vs_probabilidad,CRC32,32,256,0.0,0,288,32,12.5,OK,0,0,1,0,0
B_vs_probabilidad,CRC32,32,256,0.0,0,288,32,12.5,OK,0,0,1,0,0
B_vs_probabilidad,CRC32,32,256,0.0,0,288,32,12.5,OK,0,0,1,0,0
B_vs_probabilidad,CRC32,32,256,0.0,0,288,32,12.5,OK,0,0,1,0,0
B_vs_probabilidad,CRC32,32,256,0.0,0,288,32,12.5,OK,0,0,1,0,0
B_vs_probabilidad,CRC32,32,256,0.0,0,288,32,12.5,OK,0,0,1,0,0
B_vs_probabilidad,CRC32,32,256,0.0,0,288,32,12.5,OK,0,0,1,0,0
B_vs_probabilidad,CRC32,32,256,0.0,0,288,32,12.5,OK,0,0,1,0,0
B_vs_probabilidad,CRC32,32,256,0.0,0,288,32,12.5,OK,0,0,1,0,0
B_vs_probabilidad,CRC32,32,256,0.0,0,288,32,12.5,OK,0,0,1,0,0
B_vs_probabilidad,CRC32,32,256,0.0,0,288,32,12.5,OK,0,0,1,0,0
B_vs_probabilidad,CRC32,32,256,0.0,0,288,32,12.5,OK,0,0,1,0,0
B_vs_probabilidad,CRC32,32,256,0.0,0,288,32,12.5,OK,0,0,1,0,0
B_vs_probabilidad,CRC32,32,256,0.0,0,288,32,12.5,OK,0,0,1,0,0
B_vs_probabilidad,CRC32,32,256,0.0,0,288,32,12.5,OK,0,0,1,0,0
B_vs_probabilidad,CRC32,32,256,0.0,0,288,32,12.5,OK,0,0,1,0,0
B_vs_probabilidad,CRC32,32,256,0.0,0,288,32,12.5,OK,0,0,1,0,0
B_vs_probabilidad,CRC32,32,256,0.0,0,288,32,12.5,OK,0,0,1,0,0
B_vs_probabilidad,CRC32,32,256,0.0,0,288,32,12.5,OK,0,0,1,0,0
B_vs_probabilidad,CRC32,32,256,0.0,0,288,32,12.5,OK,0,0,1,0,0
B_vs_probabilidad,CRC32,32,256,0.0,0,288,32,12.5,OK,0,0,1,0,0
B_vs_probabilidad,CRC32,32,256,0.0,0,288,32,12.5,OK,0,0,1,0,0
B_vs_probabilidad,CRC32,32,256,0.0,0,288,32,12.5,OK,0,0,1,0,0
B_vs_probabilidad,CRC32,32,256,0.0,0,288,32,12.5,OK,0,0,1,0,0
B_vs_probabilidad,CRC32,32,256,0.0,0,288,32,12.5,OK,0,0,1,0,0
B_vs_probabilidad,CRC32,32,256,0.0,0,288,32,12.5,OK,0,0,1,0,0
B_vs_probabilidad,CRC32,32,256,0.0,0,288,32,12.5,OK,0,0,1,0,0
B_vs_probabilidad,CRC32,32,256,0.0,0,288,32,12.5,OK,0,0,1,0,0
B_vs_probabilidad,CRC32,32,256,0.0,0,288,32,12.5,OK,0,0,1,0,0
B_vs_probabilidad,CRC32,32,256,0.0,0,288,32,12.5,OK,0,0,1,0,0
B_vs_probabilidad,CRC32,32,256,0.0,0,288,32,12.5,OK,0,0,1,0,0
B_vs_probabilidad,CRC32,32,256,0.0,0,288,32,12.5,OK,0,0,1,0,0
B_vs_probabilidad,CRC32,32,256,0.0,0,288,32,12.5,OK,0,0,1,0,0
B_vs_probabilidad,CRC32,32,256,0.0,0,288,32,12.5,OK,0,0,1,0,0
B_vs_probabilidad,CRC32,32,256,0.0,0,288,32,12.5,OK,0,0,1,0,0
B_vs_probabilidad,CRC32,32,256,0.0,0,288,32,12.5,OK,0,0,1,0,0
B_vs_probabilidad,CRC32,32,256,0.0,0,288,32,12.5,OK,0,0,1,0,0
B_vs_probabilidad,CRC32,32,256,0.0,0,288,32,12.5,OK,0,0,1,0,0
B_vs_probabilidad,CRC32,32,256,0.0,0,288,32,12.5,OK,0,0,1,0,0
B_vs_probabilidad,CRC32,32,256,0.0,0,288,32,12.5,OK,0,0,1,0,0
B_vs_probabilidad,CRC32,32,256,0.0,0,288,32,12.5,OK,0,0,1,0,0
B_vs_probabilidad,CRC32,32,256,0.0,0,288,32,12.5,OK,0,0,1,0,0
B_vs_probabilidad,CRC32,32,256,0.0,0,288,32,12.5,OK,0,0,1,0,0
B_vs_probabilidad,CRC32,32,256,0.0,0,288,32,12.5,OK,0,0,1,0,0
B_vs_probabilidad,CRC32,32,256,0.0,0,288,32,12.5,OK,0,0,1,0,0
B_vs_probabilidad,CRC32,32,256,0.0,0,288,32,12.5,OK,0,0,1,0,0
B_vs_probabilidad,CRC32,32,256,0.0,0,288,32,12.5,OK,0,0,1,0,0
B_vs_probabilidad,CRC32,32,256,0.0,0,288,32,12.5,OK,0,0,1,0,0
B_vs_probabilidad,CRC32,32,256,0.0,0,288,32,12.5,OK,0,0,1,0,0
B_vs_probabilidad,CRC32,32,256,0.0,0,288,32,12.5,OK,0,0,1,0,0
B_vs_probabilidad,CRC32,32,256,0.0,0,288,32,12.5,OK,0,0,1,0,0
B_vs_probabilidad,CRC32,32,256,0.0,0,288,32,12.5,OK,0,0,1,0,0
B_vs_probabilidad,CRC32,32,256,0.0,0,288,32,12.5,OK,0,0,1,0,0
B_vs_probabilidad,CRC32,32,256,0.0,0,288,32,12.5,OK,0,0,1,0,0
B_vs_probabilidad,CRC32,32,256,0.0,0,288,32,12.5,OK,0,0,1,0,0
B_vs_probabilidad,CRC32,32,256,0.0,0,288,32,12.5,OK,0,0,1,0,0
B_vs_probabilidad,CRC32,32,256,0.0,0,288,32,12.5,OK,0,0,1,0,0
B_vs_probabilidad,CRC32,32,256,0.0,0,288,32,12.5,OK,0,0,1,0,0
B_vs_probabilidad,CRC32,32,256,0.0,0,288,32,12.5,OK,0,0,1,0,0
B_vs_probabilidad,CRC32,32,256,0.0,0,288,32,12.5,OK,0,0,1,0,0
B_vs_probabilidad,CRC32,32,256,0.0,0,288,32,12.5,OK,0,0,1,0,0
B_vs_probabilidad,CRC32,32,256,0.0,0,288,32,12.5,OK,0,0,1,0,0
B_vs_probabilidad,CRC32,32,256,0.0,0,288,32,12.5,OK,0,0,1,0,0
B_vs_probabilidad,CRC32,32,256,0.0,0,288,32,12.5,OK,0,0,1,0,0
B_vs_probabilidad,CRC32,32,256,0.0,0,288,32,12.5,OK,0,0,1,0,0
B_vs_probabilidad,CRC32,32,256,0.0,0,288,32,12.5,OK,0,0,1,0,0
B_vs_probabilidad,CRC32,32,256,0.0,0,288,32,12.5,OK,0,0,1,0,0
B_vs_probabilidad,CRC32,32,256,0.0,0,288,32,12.5,OK,0,0,1,0,0
B_vs_probabilidad,CRC32,32,256,0.0,0,288,32,12.5,OK,0,0,1,0,0
B_vs_probabilidad,CRC32,32,256,0.0,0,288,32,12.5,OK,0,0,1,0,0
B_vs_probabilidad,CRC32,32,256,0.0,0,288,32,12.5,OK,0,0,1,0,0
B_vs_probabilidad,CRC32,32,256,0.0,0,288,32,12.5,OK,0,0,1,0,0
B_vs_probabilidad,CRC32,32,256,0.0,0,288,32,12.5,OK,0,0,1,0,0
B_vs_probabilidad,CRC32,32,256,0.0,0,288,32,12.5,OK,0,0,1,0,0
B_vs_probabilidad,CRC32,32,256,0.0,0,288,32,12.5,OK,0,0,1,0,0
B_vs_probabilidad,CRC32,32,256,0.0,0,288,32,12.5,OK,0,0,1,0,0
B_vs_probabilidad,CRC32,32,256,0.0,0,288,32,12.5,OK,0,0,1,0,0
B_vs_probabilidad,CRC32,32,256,0.0,0,288,32,12.5,OK,0,0,1,0,0
B_vs_probabilidad,CRC32,32,256,0.0,0,288,32,12.5,OK,0,0,1,0,0
B_vs_probabilidad,CRC32,32,256,0.0,0,288,32,12.5,OK,0,0,1,0,0
B_vs_probabilidad,CRC32,32,256,0.0,0,288,32,12.5,OK,0,0,1,0,0
B_vs_probabilidad,CRC32,32,256,0.0,0,288,32,12.5,OK,0,0,1,0,0
B_vs_probabilidad,CRC32,32,256,0.0,0,288,32,12.5,OK,0,0,1,0,0
B_vs_probabilidad,CRC32,32,256,0.0,0,288,32,12.5,OK,0,0,1,0,0
B_vs_probabilidad,CRC32,32,256,0.0,0,288,32,12.5,OK,0,0,1,0,0
B_vs_probabilidad,CRC32,32,256,0.0,0,288,32,12.5,OK,0,0,1,0,0
B_vs_probabilidad,CRC32,32,256,0.0,0,288,32,12.5,OK,0,0,1,0,0
B_vs_probabilidad,CRC32,32,256,0.0,0,288,32,12.5,OK,0,0,1,0,0
B_vs_probabilidad,CRC32,32,256,0.0,0,288,32,12.5,OK,0,0,1,0,0
B_vs_probabilidad,CRC32,32,256,0.0,0,288,32,12.5,OK,0,0,1,0,0
B_vs_probabilidad,CRC32,32,256,0.0,0,288,32,12.5,OK,0,0,1,0,0
B_vs_probabilidad,CRC32,32,256,0.0,0,288,32,12.5,OK,0,0,1,0,0
B_vs_probabilidad,CRC32,32,256,0.0,0,288,32,12.5,OK,0,0,1,0,0
B_vs_probabilidad,CRC32,32,256,0.0,0,288,32,12.5,OK,0,0,1,0,0
B_vs_probabilidad,CRC32,32,256,0.0,0,288,32,12.5,OK,0,0,1,0,0
B_vs_probabilidad,CRC32,32,256,0.0,0,288,32,12.5,OK,0,0,1,0,0
B_vs_probabilidad,CRC32,32,256,0.0,0,288,32,12.5,OK,0,0,1,0,0
B_vs_probabilidad,CRC32,32,256,0.0,0,288,32,12.5,OK,0,0,1,0,0
B_vs_probabilidad,CRC32,32,256,0.0,0,288,32,12.5,OK,0,0,1,0,0
B_vs_probabilidad,CRC32,32,256,0.0,0,288,32,12.5,OK,0,0,1,0,0
B_vs_probabilidad,CRC32,32,256,0.0,0,288,32,12.5,OK,0,0,1,0,0
B_vs_probabilidad,CRC32,32,256,0.0,0,288,32,12.5,OK,0,0,1,0,0
B_vs_probabilidad,CRC32,32,256,0.0,0,288,32,12.5,OK,0,0,1,0,0
B_vs_probabilidad,CRC32,32,256,0.0,0,288,32,12.5,OK,0,0,1,0,0
B_vs_probabilidad,CRC32,32,256,0.0,0,288,32,12.5,OK,0,0,1,0,0
B_vs_probabilidad,CRC32,32,256,0.0,0,288,32,12.5,OK,0,0,1,0,0
B_vs_probabilidad,CRC32,32,256,0.0,0,288,32,12.5,OK,0,0,1,0,0
B_vs_probabilidad,CRC32,32,256,0.0,0,288,32,12.5,OK,0,0,1,0,0
B_vs_probabilidad,CRC32,32,256,0.0,0,288,32,12.5,OK,0,0,1,0,0
B_vs_probabilidad,CRC32,32,256,0.0,0,288,32,12.5,OK,0,0,1,0,0
B_vs_probabilidad,CRC32,32,256,0.0,0,288,32,12.5,OK,0,0,1,0,0
B_vs_probabilidad,CRC32,32,256,0.0,0,288,32,12.5,OK,0,0,1,0,0
B_vs_probabilidad,CRC32,32,256,0.0,0,288,32,12.5,OK,0,0,1,0,0
B_vs_probabilidad,CRC32,32,256,0.0,0,288,32,12.5,OK,0,0,1,0,0
B_vs_probabilidad,CRC32,32,256,0.0,0,288,32,12.5,OK,0,0,1,0,0
B_vs_probabilidad,CRC32,32,256,0.0,0,288,32,12.5,OK,0,0,1,0,0
B_vs_probabilidad,CRC32,32,256,0.0,0,288,32,12.5,OK,0,0,1,0,0
B_vs_probabilidad,CRC32,32,256,0.0,0,288,32,12.5,OK,0,0,1,0,0
B_vs_probabilidad,CRC32,32,256,0.0,0,288,32,12.5,OK,0,0,1,0,0
B_vs_probabilidad,CRC32,32,256,0.0,0,288,32,12.5,OK,0,0,1,0,0
B_vs_probabilidad,CRC32,32,256,0.0,0,288,32,12.5,OK,0,0,1,0,0
B_vs_probabilidad,CRC32,32,256,0.0,0,288,32,12.5,OK,0,0,1,0,0
B_vs_probabilidad,CRC32,32,256,0.0,0,288,32,12.5,OK,0,0,1,0,0
B_vs_probabilidad,CRC32,32,256,0.0,0,288,32,12.5,OK,0,0,1,0,0
B_vs_probabilidad,CRC32,32,256,0.0,0,288,32,12.5,OK,0,0,1,0,0
B_vs_probabilidad,CRC32,32,256,0.0,0,288,32,12.5,OK,0,0,1,0,0
B_vs_probabilidad,CRC32,32,256,0.0,0,288,32,12.5,OK,0,0,1,0,0
B_vs_probabilidad,CRC32,32,256,0.0,0,288,32,12.5,OK,0,0,1,0,0
B_vs_probabilidad,CRC32,32,256,0.0,0,288,32,12.5,OK,0,0,1,0,0
B_vs_probabilidad,CRC32,32,256,0.0,0,288,32,12.5,OK,0,0,1,0,0
B_vs_probabilidad,CRC32,32,256,0.0,0,288,32,12.5,OK,0,0,1,0,0
B_vs_probabilidad,CRC32,32,256,0.0,0,288,32,12.5,OK,0,0,1,0,0
B_vs_probabilidad,CRC32,32,256,0.0,0,288,32,12.5,OK,0,0,1,0,0
B_vs_probabilidad,CRC32,32,256,0.0,0,288,32,12.5,OK,0,0,1,0,0
B_vs_probabilidad,CRC32,32,256,0.0,0,288,32,12.5,OK,0,0,1,0,0
B_vs_probabilidad,CRC32,32,256,0.0,0,288,32,12.5,OK,0,0,1,0,0
B_vs_probabilidad,CRC32,32,256,0.0,0,288,32,12.5,OK,0,0,1,0,0
B_vs_probabilidad,CRC32,32,256,0.0,0,288,32,12.5,OK,0,0,1,0,0
B_vs_probabilidad,CRC32,32,256,0.0,0,288,32,12.5,OK,0,0,1,0,0
B_vs_probabilidad,CRC32,32,256,0.0,0,288,32,12.5,OK,0,0,1,0,0
B_vs_probabilidad,CRC32,32,256,0.0,0,288,32,12.5,OK,0,0,1,0,0
B_vs_probabilidad,CRC32,32,256,0.0,0,288,32,12.5,OK,0,0,1,0,0
B_vs_probabilidad,CRC32,32,256,0.0,0,288,32,12.5,OK,0,0,1,0,0
B_vs_probabilidad,CRC32,32,256,0.0,0,288,32,12.5,OK,0,0,1,0,0
B_vs_probabilidad,CRC32,32,256,0.0,0,288,32,12.5,OK,0,0,1,0,0
B_vs_probabilidad,CRC32,32,256,0.0,0,288,32,12.5,OK,0,0,1,0,0
B_vs_probabilidad,CRC32,32,256,0.0,0,288,32,12.5,OK,0,0,1,0,0
B_vs_probabilidad,CRC32,32,256,0.0,0,288,32,12.5,OK,0,0,1,0,0
B_vs_probabilidad,CRC32,32,256,0.0,0,288,32,12.5,OK,0,0,1,0,0
B_vs_probabilidad,CRC32,32,256,0.0,0,288,32,12.5,OK,0,0,1,0,0
B_vs_probabilidad,CRC32,32,256,0.0,0,288,32,12.5,OK,0,0,1,0,0
B_vs_probabilidad,CRC32,32,256,0.0,0,288,32,12.5,OK,0,0,1,0,0
B_vs_probabilidad,CRC32,32,256,0.0,0,288,32,12.5,OK,0,0,1,0,0
B_vs_probabilidad,CRC32,32,256,0.0,0,288,32,12.5,OK,0,0,1,0,0
B_vs_probabilidad,CRC32,32,256,0.0,0,288,32,12.5,OK,0,0,1,0,0
B_vs_probabilidad,CRC32,32,256,0.0,0,288,32,12.5,OK,0,0,1,0,0
B_vs_probabilidad,CRC32,32,256,0.0,0,288,32,12.5,OK,0,0,1,0,0
B_vs_probabilidad,CRC32,32,256,0.0,0,288,32,12.5,OK,0,0,1,0,0
B_vs_probabilidad,CRC32,32,256,0.0,0,288,32,12.5,OK,0,0,1,0,0
B_vs_probabilidad,CRC32,32,256,0.0,0,288,32,12.5,OK,0,0,1,0,0
B_vs_probabilidad,CRC32,32,256,0.0,0,288,32,12.5,OK,0,0,1,0,0
B_vs_probabilidad,CRC32,32,256,0.0,0,288,32,12.5,OK,0,0,1,0,0
B_vs_probabilidad,CRC32,32,256,0.0,0,288,32,12.5,OK,0,0,1,0,0
B_vs_probabilidad,CRC32,32,256,0.0,0,288,32,12.5,OK,0,0,1,0,0
B_vs_probabilidad,CRC32,32,256,0.0,0,288,32,12.5,OK,0,0,1,0,0
B_vs_probabilidad,CRC32,32,256,0.001,1,288,32,12.5,ERROR_DETECTED,1,0,0,0,0
B_vs_probabilidad,CRC32,32,256,0.001,0,288,32,12.5,OK,0,0,1,0,0
B_vs_probabilidad,CRC32,32,256,0.001,0,288,32,12.5,OK,0,0,1,0,0
B_vs_probabilidad,CRC32,32,256,0.001,0,288,32,12.5,OK,0,0,1,0,0
B_vs_probabilidad,CRC32,32,256,0.001,0,288,32,12.5,OK,0,0,1,0,0
B_vs_probabilidad,CRC32,32,256,0.001,0,288,32,12.5,OK,0,0,1,0,0
B_vs_probabilidad,CRC32,32,256,0.001,0,288,32,12.5,OK,0,0,1,0,0
B_vs_probabilidad,CRC32,32,256,0.001,0,288,32,12.5,OK,0,0,1,0,0
B_vs_probabilidad,CRC32,32,256,0.001,0,288,32,12.5,OK,0,0,1,0,0
B_vs_probabilidad,CRC32,32,256,0.001,0,288,32,12.5,OK,0,0,1,0,0
B_vs_probabilidad,CRC32,32,256,0.001,0,288,32,12.5,OK,0,0,1,0,0
B_vs_probabilidad,CRC32,32,256,0.001,0,288,32,12.5,OK,0,0,1,0,0
B_vs_probabilidad,CRC32,32,256,0.001,0,288,32,12.5,OK,0,0,1,0,0
B_vs_probabilidad,CRC32,32,256,0.001,0,288,32,12.5,OK,0,0,1,0,0
B_vs_probabilidad,CRC32,32,256,0.001,0,288,32,12.5,OK,0,0,1,0,0
B_vs_probabilidad,CRC32,32,256,0.001,0,288,32,12.5,OK,0,0,1,0,0
B_vs_probabilidad,CRC32,32,256,0.001,0,288,32,12.5,OK,0,0,1,0,0
B_vs_probabilidad,CRC32,32,256,0.001,0,288,32,12.5,OK,0,0,1,0,0
B_vs_probabilidad,CRC32,32,256,0.001,0,288,32,12.5,OK,0,0,1,0,0
B_vs_probabilidad,CRC32,32,256,0.001,0,288,32,12.5,OK,0,0,1,0,0
B_vs_probabilidad,CRC32,32,256,0.001,3,288,32,12.5,ERROR_DETECTED,1,0,0,0,0
B_vs_probabilidad,CRC32,32,256,0.001,0,288,32,12.5,OK,0,0,1,0,0
B_vs_probabilidad,CRC32,32,256,0.001,0,288,32,12.5,OK,0,0,1,0,0
B_vs_probabilidad,CRC32,32,256,0.001,0,288,32,12.5,OK,0,0,1,0,0
B_vs_probabilidad,CRC32,32,256,0.001,0,288,32,12.5,OK,0,0,1,0,0
B_vs_probabilidad,CRC32,32,256,0.001,0,288,32,12.5,OK,0,0,1,0,0
B_vs_probabilidad,CRC32,32,256,0.001,0,288,32,12.5,OK,0,0,1,0,0
B_vs_probabilidad,CRC32,32,256,0.001,0,288,32,12.5,OK,0,0,1,0,0
B_vs_probabilidad,CRC32,32,256,0.001,0,288,32,12.5,OK,0,0,1,0,0
B_vs_probabilidad,CRC32,32,256,0.001,0,288,32,12.5,OK,0,0,1,0,0
B_vs_probabilidad,CRC32,32,256,0.001,0,288,32,12.5,OK,0,0,1,0,0
B_vs_probabilidad,CRC32,32,256,0.001,0,288,32,12.5,OK,0,0,1,0,0
B_vs_probabilidad,CRC32,32,256,0.001,0,288,32,12.5,OK,0,0,1,0,0
B_vs_probabilidad,CRC32,32,256,0.001,0,288,32,12.5,OK,0,0,1,0,0
B_vs_probabilidad,CRC32,32,256,0.001,0,288,32,12.5,OK,0,0,1,0,0
B_vs_probabilidad,CRC32,32,256,0.001,0,288,32,12.5,OK,0,0,1,0,0
B_vs_probabilidad,CRC32,32,256,0.001,0,288,32,12.5,OK,0,0,1,0,0
B_vs_probabilidad,CRC32,32,256,0.001,0,288,32,12.5,OK,0,0,1,0,0
B_vs_probabilidad,CRC32,32,256,0.001,0,288,32,12.5,OK,0,0,1,0,0
B_vs_probabilidad,CRC32,32,256,0.001,0,288,32,12.5,OK,0,0,1,0,0
B_vs_probabilidad,CRC32,32,256,0.001,1,288,32,12.5,ERROR_DETECTED,1,0,0,0,0
B_vs_probabilidad,CRC32,32,256,0.001,0,288,32,12.5,OK,0,0,1,0,0
B_vs_probabilidad,CRC32,32,256,0.001,0,288,32,12.5,OK,0,0,1,0,0
B_vs_probabilidad,CRC32,32,256,0.001,1,288,32,12.5,ERROR_DETECTED,1,0,0,0,0
B_vs_probabilidad,CRC32,32,256,0.001,0,288,32,12.5,OK,0,0,1,0,0
B_vs_probabilidad,CRC32,32,256,0.001,0,288,32,12.5,OK,0,0,1,0,0
B_vs_probabilidad,CRC32,32,256,0.001,2,288,32,12.5,ERROR_DETECTED,1,0,0,0,0
B_vs_probabilidad,CRC32,32,256,0.001,0,288,32,12.5,OK,0,0,1,0,0
B_vs_probabilidad,CRC32,32,256,0.001,0,288,32,12.5,OK,0,0,1,0,0
B_vs_probabilidad,CRC32,32,256,0.001,2,288,32,12.5,ERROR_DETECTED,1,0,0,0,0
B_vs_probabilidad,CRC32,32,256,0.001,1,288,32,12.5,ERROR_DETECTED,1,0,0,0,0
B_vs_probabilidad,CRC32,32,256,0.001,1,288,32,12.5,ERROR_DETECTED,1,0,0,0,0
B_vs_probabilidad,CRC32,32,256,0.001,1,288,32,12.5,ERROR_DETECTED,1,0,0,0,0
B_vs_probabilidad,CRC32,32,256,0.001,0,288,32,12.5,OK,0,0,1,0,0
B_vs_probabilidad,CRC32,32,256,0.001,0,288,32,12.5,OK,0,0,1,0,0
B_vs_probabilidad,CRC32,32,256,0.001,0,288,32,12.5,OK,0,0,1,0,0
B_vs_probabilidad,CRC32,32,256,0.001,0,288,32,12.5,OK,0,0,1,0,0
B_vs_probabilidad,CRC32,32,256,0.001,1,288,32,12.5,ERROR_DETECTED,1,0,0,0,0
B_vs_probabilidad,CRC32,32,256,0.001,0,288,32,12.5,OK,0,0,1,0,0
B_vs_probabilidad,CRC32,32,256,0.001,0,288,32,12.5,OK,0,0,1,0,0
B_vs_probabilidad,CRC32,32,256,0.001,0,288,32,12.5,OK,0,0,1,0,0
B_vs_probabilidad,CRC32,32,256,0.001,1,288,32,12.5,ERROR_DETECTED,1,0,0,0,0
B_vs_probabilidad,CRC32,32,256,0.001,0,288,32,12.5,OK,0,0,1,0,0
B_vs_probabilidad,CRC32,32,256,0.001,0,288,32,12.5,OK,0,0,1,0,0
B_vs_probabilidad,CRC32,32,256,0.001,0,288,32,12.5,OK,0,0,1,0,0
B_vs_probabilidad,CRC32,32,256,0.001,0,288,32,12.5,OK,0,0,1,0,0
B_vs_probabilidad,CRC32,32,256,0.001,0,288,32,12.5,OK,0,0,1,0,0
B_vs_probabilidad,CRC32,32,256,0.001,1,288,32,12.5,ERROR_DETECTED,1,0,0,0,0
B_vs_probabilidad,CRC32,32,256,0.001,0,288,32,12.5,OK,0,0,1,0,0
B_vs_probabilidad,CRC32,32,256,0.001,0,288,32,12.5,OK,0,0,1,0,0
B_vs_probabilidad,CRC32,32,256,0.001,0,288,32,12.5,OK,0,0,1,0,0
B_vs_probabilidad,CRC32,32,256,0.001,0,288,32,12.5,OK,0,0,1,0,0
B_vs_probabilidad,CRC32,32,256,0.001,0,288,32,12.5,OK,0,0,1,0,0
B_vs_probabilidad,CRC32,32,256,0.001,0,288,32,12.5,OK,0,0,1,0,0
B_vs_probabilidad,CRC32,32,256,0.001,0,288,32,12.5,OK,0,0,1,0,0
B_vs_probabilidad,CRC32,32,256,0.001,1,288,32,12.5,ERROR_DETECTED,1,0,0,0,0
B_vs_probabilidad,CRC32,32,256,0.001,0,288,32,12.5,OK,0,0,1,0,0
B_vs_probabilidad,CRC32,32,256,0.001,0,288,32,12.5,OK,0,0,1,0,0
B_vs_probabilidad,CRC32,32,256,0.001,0,288,32,12.5,OK,0,0,1,0,0
B_vs_probabilidad,CRC32,32,256,0.001,0,288,32,12.5,OK,0,0,1,0,0
B_vs_probabilidad,CRC32,32,256,0.001,1,288,32,12.5,ERROR_DETECTED,1,0,0,0,0
B_vs_probabilidad,CRC32,32,256,0.001,1,288,32,12.5,ERROR_DETECTED,1,0,0,0,0
B_vs_probabilidad,CRC32,32,256,0.001,1,288,32,12.5,ERROR_DETECTED,1,0,0,0,0
B_vs_probabilidad,CRC32,32,256,0.001,0,288,32,12.5,OK,0,0,1,0,0
B_vs_probabilidad,CRC32,32,256,0.001,0,288,32,12.5,OK,0,0,1,0,0
B_vs_probabilidad,CRC32,32,256,0.001,0,288,32,12.5,OK,0,0,1,0,0
B_vs_probabilidad,CRC32,32,256,0.001,0,288,32,12.5,OK,0,0,1,0,0
B_vs_probabilidad,CRC32,32,256,0.001,0,288,32,12.5,OK,0,0,1,0,0
B_vs_probabilidad,CRC32,32,256,0.001,0,288,32,12.5,OK,0,0,1,0,0
B_vs_probabilidad,CRC32,32,256,0.001,0,288,32,12.5,OK,0,0,1,0,0
B_vs_probabilidad,CRC32,32,256,0.001,1,288,32,12.5,ERROR_DETECTED,1,0,0,0,0
B_vs_probabilidad,CRC32,32,256,0.001,0,288,32,12.5,OK,0,0,1,0,0
B_vs_probabilidad,CRC32,32,256,0.001,0,288,32,12.5,OK,0,0,1,0,0
B_vs_probabilidad,CRC32,32,256,0.001,0,288,32,12.5,OK,0,0,1,0,0
B_vs_probabilidad,CRC32,32,256,0.001,0,288,32,12.5,OK,0,0,1,0,0
B_vs_probabilidad,CRC32,32,256,0.001,0,288,32,12.5,OK,0,0,1,0,0
B_vs_probabilidad,CRC32,32,256,0.001,2,288,32,12.5,ERROR_DETECTED,1,0,0,0,0
B_vs_probabilidad,CRC32,32,256,0.001,1,288,32,12.5,ERROR_DETECTED,1,0,0,0,0
B_vs_probabilidad,CRC32,32,256,0.001,0,288,32,12.5,OK,0,0,1,0,0
B_vs_probabilidad,CRC32,32,256,0.001,0,288,32,12.5,OK,0,0,1,0,0
B_vs_probabilidad,CRC32,32,256,0.001,2,288,32,12.5,ERROR_DETECTED,1,0,0,0,0
B_vs_probabilidad,CRC32,32,256,0.001,1,288,32,12.5,ERROR_DETECTED,1,0,0,0,0
B_vs_probabilidad,CRC32,32,256,0.001,1,288,32,12.5,ERROR_DETECTED,1,0,0,0,0
B_vs_probabilidad,CRC32,32,256,0.001,0,288,32,12.5,OK,0,0,1,0,0
B_vs_probabilidad,CRC32,32,256,0.001,1,288,32,12.5,ERROR_DETECTED,1,0,0,0,0
B_vs_probabilidad,CRC32,32,256,0.001,1,288,32,12.5,ERROR_DETECTED,1,0,0,0,0
B_vs_probabilidad,CRC32,32,256,0.001,1,288,32,12.5,ERROR_DETECTED,1,0,0,0,0
B_vs_probabilidad,CRC32,32,256,0.001,2,288,32,12.5,ERROR_DETECTED,1,0,0,0,0
B_vs_probabilidad,CRC32,32,256,0.001,0,288,32,12.5,OK,0,0,1,0,0
B_vs_probabilidad,CRC32,32,256,0.001,2,288,32,12.5,ERROR_DETECTED,1,0,0,0,0
B_vs_probabilidad,CRC32,32,256,0.001,1,288,32,12.5,ERROR_DETECTED,1,0,0,0,0
B_vs_probabilidad,CRC32,32,256,0.001,0,288,32,12.5,OK,0,0,1,0,0
B_vs_probabilidad,CRC32,32,256,0.001,0,288,32,12.5,OK,0,0,1,0,0
B_vs_probabilidad,CRC32,32,256,0.001,0,288,32,12.5,OK,0,0,1,0,0
B_vs_probabilidad,CRC32,32,256,0.001,0,288,32,12.5,OK,0,0,1,0,0
B_vs_probabilidad,CRC32,32,256,0.001,1,288,32,12.5,ERROR_DETECTED,1,0,0,0,0
B_vs_probabilidad,CRC32,32,256,0.001,0,288,32,12.5,OK,0,0,1,0,0
B_vs_probabilidad,CRC32,32,256,0.001,0,288,32,12.5,OK,0,0,1,0,0
B_vs_probabilidad,CRC32,32,256,0.001,1,288,32,12.5,ERROR_DETECTED,1,0,0,0,0
B_vs_probabilidad,CRC32,32,256,0.001,0,288,32,12.5,OK,0,0,1,0,0
B_vs_probabilidad,CRC32,32,256,0.001,0,288,32,12.5,OK,0,0,1,0,0
B_vs_probabilidad,CRC32,32,256,0.001,0,288,32,12.5,OK,0,0,1,0,0
B_vs_probabilidad,CRC32,32,256,0.001,0,288,32,12.5,OK,0,0,1,0,0
B_vs_probabilidad,CRC32,32,256,0.001,0,288,32,12.5,OK,0,0,1,0,0
B_vs_probabilidad,CRC32,32,256,0.001,1,288,32,12.5,ERROR_DETECTED,1,0,0,0,0
B_vs_probabilidad,CRC32,32,256,0.001,0,288,32,12.5,OK,0,0,1,0,0
B_vs_probabilidad,CRC32,32,256,0.001,0,288,32,12.5,OK,0,0,1,0,0
B_vs_probabilidad,CRC32,32,256,0.001,0,288,32,12.5,OK,0,0,1,0,0
B_vs_probabilidad,CRC32,32,256,0.001,0,288,32,12.5,OK,0,0,1,0,0
B_vs_probabilidad,CRC32,32,256,0.001,0,288,32,12.5,OK,0,0,1,0,0
B_vs_probabilidad,CRC32,32,256,0.001,0,288,32,12.5,OK,0,0,1,0,0
B_vs_probabilidad,CRC32,32,256,0.001,0,288,32,12.5,OK,0,0,1,0,0
B_vs_probabilidad,CRC32,32,256,0.001,0,288,32,12.5,OK,0,0,1,0,0
B_vs_probabilidad,CRC32,32,256,0.001,0,288,32,12.5,OK,0,0,1,0,0
B_vs_probabilidad,CRC32,32,256,0.001,0,288,32,12.5,OK,0,0,1,0,0
B_vs_probabilidad,CRC32,32,256,0.001,0,288,32,12.5,OK,0,0,1,0,0
B_vs_probabilidad,CRC32,32,256,0.001,0,288,32,12.5,OK,0,0,1,0,0
B_vs_probabilidad,CRC32,32,256,0.001,0,288,32,12.5,OK,0,0,1,0,0
B_vs_probabilidad,CRC32,32,256,0.001,1,288,32,12.5,ERROR_DETECTED,1,0,0,0,0
B_vs_probabilidad,CRC32,32,256,0.001,0,288,32,12.5,OK,0,0,1,0,0
B_vs_probabilidad,CRC32,32,256,0.001,0,288,32,12.5,OK,0,0,1,0,0
B_vs_probabilidad,CRC32,32,256,0.001,0,288,32,12.5,OK,0,0,1,0,0
B_vs_probabilidad,CRC32,32,256,0.001,0,288,32,12.5,OK,0,0,1,0,0
B_vs_probabilidad,CRC32,32,256,0.001,1,288,32,12.5,ERROR_DETECTED,1,0,0,0,0
B_vs_probabilidad,CRC32,32,256,0.001,0,288,32,12.5,OK,0,0,1,0,0
B_vs_probabilidad,CRC32,32,256,0.001,0,288,32,12.5,OK,0,0,1,0,0
B_vs_probabilidad,CRC32,32,256,0.001,0,288,32,12.5,OK,0,0,1,0,0
B_vs_probabilidad,CRC32,32,256,0.001,0,288,32,12.5,OK,0,0,1,0,0
B_vs_probabilidad,CRC32,32,256,0.001,0,288,32,12.5,OK,0,0,1,0,0
B_vs_probabilidad,CRC32,32,256,0.001,0,288,32,12.5,OK,0,0,1,0,0
B_vs_probabilidad,CRC32,32,256,0.001,0,288,32,12.5,OK,0,0,1,0,0
B_vs_probabilidad,CRC32,32,256,0.001,1,288,32,12.5,ERROR_DETECTED,1,0,0,0,0
B_vs_probabilidad,CRC32,32,256,0.001,0,288,32,12.5,OK,0,0,1,0,0
B_vs_probabilidad,CRC32,32,256,0.001,0,288,32,12.5,OK,0,0,1,0,0
B_vs_probabilidad,CRC32,32,256,0.001,1,288,32,12.5,ERROR_DETECTED,1,0,0,0,0
B_vs_probabilidad,CRC32,32,256,0.001,0,288,32,12.5,OK,0,0,1,0,0
B_vs_probabilidad,CRC32,32,256,0.001,0,288,32,12.5,OK,0,0,1,0,0
B_vs_probabilidad,CRC32,32,256,0.001,1,288,32,12.5,ERROR_DETECTED,1,0,0,0,0
B_vs_probabilidad,CRC32,32,256,0.001,0,288,32,12.5,OK,0,0,1,0,0
B_vs_probabilidad,CRC32,32,256,0.001,0,288,32,12.5,OK,0,0,1,0,0
B_vs_probabilidad,CRC32,32,256,0.001,1,288,32,12.5,ERROR_DETECTED,1,0,0,0,0
B_vs_probabilidad,CRC32,32,256,0.001,0,288,32,12.5,OK,0,0,1,0,0
B_vs_probabilidad,CRC32,32,256,0.001,0,288,32,12.5,OK,0,0,1,0,0
B_vs_probabilidad,CRC32,32,256,0.001,0,288,32,12.5,OK,0,0,1,0,0
B_vs_probabilidad,CRC32,32,256,0.001,1,288,32,12.5,ERROR_DETECTED,1,0,0,0,0
B_vs_probabilidad,CRC32,32,256,0.001,0,288,32,12.5,OK,0,0,1,0,0
B_vs_probabilidad,CRC32,32,256,0.001,0,288,32,12.5,OK,0,0,1,0,0
B_vs_probabilidad,CRC32,32,256,0.001,0,288,32,12.5,OK,0,0,1,0,0
B_vs_probabilidad,CRC32,32,256,0.001,1,288,32,12.5,ERROR_DETECTED,1,0,0,0,0
B_vs_probabilidad,CRC32,32,256,0.001,0,288,32,12.5,OK,0,0,1,0,0
B_vs_probabilidad,CRC32,32,256,0.001,0,288,32,12.5,OK,0,0,1,0,0
B_vs_probabilidad,CRC32,32,256,0.001,0,288,32,12.5,OK,0,0,1,0,0
B_vs_probabilidad,CRC32,32,256,0.001,1,288,32,12.5,ERROR_DETECTED,1,0,0,0,0
B_vs_probabilidad,CRC32,32,256,0.001,1,288,32,12.5,ERROR_DETECTED,1,0,0,0,0
B_vs_probabilidad,CRC32,32,256,0.001,0,288,32,12.5,OK,0,0,1,0,0
B_vs_probabilidad,CRC32,32,256,0.001,0,288,32,12.5,OK,0,0,1,0,0
B_vs_probabilidad,CRC32,32,256,0.001,0,288,32,12.5,OK,0,0,1,0,0
B_vs_probabilidad,CRC32,32,256,0.001,1,288,32,12.5,ERROR_DETECTED,1,0,0,0,0
B_vs_probabilidad,CRC32,32,256,0.001,0,288,32,12.5,OK,0,0,1,0,0
B_vs_probabilidad,CRC32,32,256,0.001,0,288,32,12.5,OK,0,0,1,0,0
B_vs_probabilidad,CRC32,32,256,0.001,0,288,32,12.5,OK,0,0,1,0,0
B_vs_probabilidad,CRC32,32,256,0.001,0,288,32,12.5,OK,0,0,1,0,0
B_vs_probabilidad,CRC32,32,256,0.001,2,288,32,12.5,ERROR_DETECTED,1,0,0,0,0
B_vs_probabilidad,CRC32,32,256,0.001,1,288,32,12.5,ERROR_DETECTED,1,0,0,0,0
B_vs_probabilidad,CRC32,32,256,0.001,0,288,32,12.5,OK,0,0,1,0,0
B_vs_probabilidad,CRC32,32,256,0.001,0,288,32,12.5,OK,0,0,1,0,0
B_vs_probabilidad,CRC32,32,256,0.001,1,288,32,12.5,ERROR_DETECTED,1,0,0,0,0
B_vs_probabilidad,CRC32,32,256,0.001,1,288,32,12.5,ERROR_DETECTED,1,0,0,0,0
B_vs_probabilidad,CRC32,32,256,0.001,1,288,32,12.5,ERROR_DETECTED,1,0,0,0,0
B_vs_probabilidad,CRC32,32,256,0.001,0,288,32,12.5,OK,0,0,1,0,0
B_vs_probabilidad,CRC32,32,256,0.001,0,288,32,12.5,OK,0,0,1,0,0
B_vs_probabilidad,CRC32,32,256,0.001,0,288,32,12.5,OK,0,0,1,0,0
B_vs_probabilidad,CRC32,32,256,0.001,0,288,32,12.5,OK,0,0,1,0,0
B_vs_probabilidad,CRC32,32,256,0.001,1,288,32,12.5,ERROR_DETECTED,1,0,0,0,0
B_vs_probabilidad,CRC32,32,256,0.001,1,288,32,12.5,ERROR_DETECTED,1,0,0,0,0
B_vs_probabilidad,CRC32,32,256,0.001,0,288,32,12.5,OK,0,0,1,0,0
B_vs_probabilidad,CRC32,32,256,0.001,2,288,32,12.5,ERROR_DETECTED,1,0,0,0,0
B_vs_probabilidad,CRC32,32,256,0.001,0,288,32,12.5,OK,0,0,1,0,0
B_vs_probabilidad,CRC32,32,256,0.001,0,288,32,12.5,OK,0,0,1,0,0
B_vs_probabilidad,CRC32,32,256,0.001,0,288,32,12.5,OK,0,0,1,0,0
B_vs_probabilidad,CRC32,32,256,0.002,0,288,32,12.5,OK,0,0,1,0,0
B_vs_probabilidad,CRC32,32,256,0.002,1,288,32,12.5,ERROR_DETECTED,1,0,0,0,0
B_vs_probabilidad,CRC32,32,256,0.002,0,288,32,12.5,OK,0,0,1,0,0
B_vs_probabilidad,CRC32,32,256,0.002,1,288,32,12.5,ERROR_DETECTED,1,0,0,0,0
B_vs_probabilidad,CRC32,32,256,0.002,0,288,32,12.5,OK,0,0,1,0,0
B_vs_probabilidad,CRC32,32,256,0.002,1,288,32,12.5,ERROR_DETECTED,1,0,0,0,0
B_vs_probabilidad,CRC32,32,256,0.002,0,288,32,12.5,OK,0,0,1,0,0
B_vs_probabilidad,CRC32,32,256,0.002,0,288,32,12.5,OK,0,0,1,0,0
B_vs_probabilidad,CRC32,32,256,0.002,0,288,32,12.5,OK,0,0,1,0,0
B_vs_probabilidad,CRC32,32,256,0.002,1,288,32,12.5,ERROR_DETECTED,1,0,0,0,0
B_vs_probabilidad,CRC32,32,256,0.002,0,288,32,12.5,OK,0,0,1,0,0
B_vs_probabilidad,CRC32,32,256,0.002,1,288,32,12.5,ERROR_DETECTED,1,0,0,0,0
B_vs_probabilidad,CRC32,32,256,0.002,0,288,32,12.5,OK,0,0,1,0,0
B_vs_probabilidad,CRC32,32,256,0.002,0,288,32,12.5,OK,0,0,1,0,0
B_vs_probabilidad,CRC32,32,256,0.002,0,288,32,12.5,OK,0,0,1,0,0
B_vs_probabilidad,CRC32,32,256,0.002,1,288,32,12.5,ERROR_DETECTED,1,0,0,0,0
B_vs_probabilidad,CRC32,32,256,0.002,0,288,32,12.5,OK,0,0,1,0,0
B_vs_probabilidad,CRC32,32,256,0.002,0,288,32,12.5,OK,0,0,1,0,0
B_vs_probabilidad,CRC32,32,256,0.002,0,288,32,12.5,OK,0,0,1,0,0
B_vs_probabilidad,CRC32,32,256,0.002,0,288,32,12.5,OK,0,0,1,0,0
B_vs_probabilidad,CRC32,32,256,0.002,0,288,32,12.5,OK,0,0,1,0,0
B_vs_probabilidad,CRC32,32,256,0.002,0,288,32,12.5,OK,0,0,1,0,0
B_vs_probabilidad,CRC32,32,256,0.002,0,288,32,12.5,OK,0,0,1,0,0
B_vs_probabilidad,CRC32,32,256,0.002,2,288,32,12.5,ERROR_DETECTED,1,0,0,0,0
B_vs_probabilidad,CRC32,32,256,0.002,1,288,32,12.5,ERROR_DETECTED,1,0,0,0,0
B_vs_probabilidad,CRC32,32,256,0.002,0,288,32,12.5,OK,0,0,1,0,0
B_vs_probabilidad,CRC32,32,256,0.002,1,288,32,12.5,ERROR_DETECTED,1,0,0,0,0
B_vs_probabilidad,CRC32,32,256,0.002,1,288,32,12.5,ERROR_DETECTED,1,0,0,0,0
B_vs_probabilidad,CRC32,32,256,0.002,0,288,32,12.5,OK,0,0,1,0,0
B_vs_probabilidad,CRC32,32,256,0.002,1,288,32,12.5,ERROR_DETECTED,1,0,0,0,0
B_vs_probabilidad,CRC32,32,256,0.002,0,288,32,12.5,OK,0,0,1,0,0
B_vs_probabilidad,CRC32,32,256,0.002,1,288,32,12.5,ERROR_DETECTED,1,0,0,0,0
B_vs_probabilidad,CRC32,32,256,0.002,1,288,32,12.5,ERROR_DETECTED,1,0,0,0,0
B_vs_probabilidad,CRC32,32,256,0.002,0,288,32,12.5,OK,0,0,1,0,0
B_vs_probabilidad,CRC32,32,256,0.002,1,288,32,12.5,ERROR_DETECTED,1,0,0,0,0
B_vs_probabilidad,CRC32,32,256,0.002,0,288,32,12.5,OK,0,0,1,0,0
B_vs_probabilidad,CRC32,32,256,0.002,2,288,32,12.5,ERROR_DETECTED,1,0,0,0,0
B_vs_probabilidad,CRC32,32,256,0.002,0,288,32,12.5,OK,0,0,1,0,0
B_vs_probabilidad,CRC32,32,256,0.002,1,288,32,12.5,ERROR_DETECTED,1,0,0,0,0
B_vs_probabilidad,CRC32,32,256,0.002,1,288,32,12.5,ERROR_DETECTED,1,0,0,0,0
B_vs_probabilidad,CRC32,32,256,0.002,2,288,32,12.5,ERROR_DETECTED,1,0,0,0,0
B_vs_probabilidad,CRC32,32,256,0.002,0,288,32,12.5,OK,0,0,1,0,0
B_vs_probabilidad,CRC32,32,256,0.002,1,288,32,12.5,ERROR_DETECTED,1,0,0,0,0
B_vs_probabilidad,CRC32,32,256,0.002,0,288,32,12.5,OK,0,0,1,0,0
B_vs_probabilidad,CRC32,32,256,0.002,1,288,32,12.5,ERROR_DETECTED,1,0,0,0,0
B_vs_probabilidad,CRC32,32,256,0.002,1,288,32,12.5,ERROR_DETECTED,1,0,0,0,0
B_vs_probabilidad,CRC32,32,256,0.002,0,288,32,12.5,OK,0,0,1,0,0
B_vs_probabilidad,CRC32,32,256,0.002,1,288,32,12.5,ERROR_DETECTED,1,0,0,0,0
B_vs_probabilidad,CRC32,32,256,0.002,1,288,32,12.5,ERROR_DETECTED,1,0,0,0,0
B_vs_probabilidad,CRC32,32,256,0.002,2,288,32,12.5,ERROR_DETECTED,1,0,0,0,0
B_vs_probabilidad,CRC32,32,256,0.002,0,288,32,12.5,OK,0,0,1,0,0
B_vs_probabilidad,CRC32,32,256,0.002,1,288,32,12.5,ERROR_DETECTED,1,0,0,0,0
B_vs_probabilidad,CRC32,32,256,0.002,1,288,32,12.5,ERROR_DETECTED,1,0,0,0,0
B_vs_probabilidad,CRC32,32,256,0.002,0,288,32,12.5,OK,0,0,1,0,0
B_vs_probabilidad,CRC32,32,256,0.002,0,288,32,12.5,OK,0,0,1,0,0
B_vs_probabilidad,CRC32,32,256,0.002,0,288,32,12.5,OK,0,0,1,0,0
B_vs_probabilidad,CRC32,32,256,0.002,0,288,32,12.5,OK,0,0,1,0,0
B_vs_probabilidad,CRC32,32,256,0.002,1,288,32,12.5,ERROR_DETECTED,1,0,0,0,0
B_vs_probabilidad,CRC32,32,256,0.002,2,288,32,12.5,ERROR_DETECTED,1,0,0,0,0
B_vs_probabilidad,CRC32,32,256,0.002,0,288,32,12.5,OK,0,0,1,0,0
B_vs_probabilidad,CRC32,32,256,0.002,1,288,32,12.5,ERROR_DETECTED,1,0,0,0,0
B_vs_probabilidad,CRC32,32,256,0.002,1,288,32,12.5,ERROR_DETECTED,1,0,0,0,0
B_vs_probabilidad,CRC32,32,256,0.002,0,288,32,12.5,OK,0,0,1,0,0
B_vs_probabilidad,CRC32,32,256,0.002,1,288,32,12.5,ERROR_DETECTED,1,0,0,0,0
B_vs_probabilidad,CRC32,32,256,0.002,0,288,32,12.5,OK,0,0,1,0,0
B_vs_probabilidad,CRC32,32,256,0.002,2,288,32,12.5,ERROR_DETECTED,1,0,0,0,0
B_vs_probabilidad,CRC32,32,256,0.002,0,288,32,12.5,OK,0,0,1,0,0
B_vs_probabilidad,CRC32,32,256,0.002,2,288,32,12.5,ERROR_DETECTED,1,0,0,0,0
B_vs_probabilidad,CRC32,32,256,0.002,0,288,32,12.5,OK,0,0,1,0,0
B_vs_probabilidad,CRC32,32,256,0.002,1,288,32,12.5,ERROR_DETECTED,1,0,0,0,0
B_vs_probabilidad,CRC32,32,256,0.002,3,288,32,12.5,ERROR_DETECTED,1,0,0,0,0
B_vs_probabilidad,CRC32,32,256,0.002,2,288,32,12.5,ERROR_DETECTED,1,0,0,0,0
B_vs_probabilidad,CRC32,32,256,0.002,2,288,32,12.5,ERROR_DETECTED,1,0,0,0,0
B_vs_probabilidad,CRC32,32,256,0.002,0,288,32,12.5,OK,0,0,1,0,0
B_vs_probabilidad,CRC32,32,256,0.002,0,288,32,12.5,OK,0,0,1,0,0
B_vs_probabilidad,CRC32,32,256,0.002,1,288,32,12.5,ERROR_DETECTED,1,0,0,0,0
B_vs_probabilidad,CRC32,32,256,0.002,0,288,32,12.5,OK,0,0,1,0,0
B_vs_probabilidad,CRC32,32,256,0.002,2,288,32,12.5,ERROR_DETECTED,1,0,0,0,0
B_vs_probabilidad,CRC32,32,256,0.002,1,288,32,12.5,ERROR_DETECTED,1,0,0,0,0
B_vs_probabilidad,CRC32,32,256,0.002,0,288,32,12.5,OK,0,0,1,0,0
B_vs_probabilidad,CRC32,32,256,0.002,1,288,32,12.5,ERROR_DETECTED,1,0,0,0,0
B_vs_probabilidad,CRC32,32,256,0.002,0,288,32,12.5,OK,0,0,1,0,0
B_vs_probabilidad,CRC32,32,256,0.002,1,288,32,12.5,ERROR_DETECTED,1,0,0,0,0
B_vs_probabilidad,CRC32,32,256,0.002,0,288,32,12.5,OK,0,0,1,0,0
B_vs_probabilidad,CRC32,32,256,0.002,1,288,32,12.5,ERROR_DETECTED,1,0,0,0,0
B_vs_probabilidad,CRC32,32,256,0.002,0,288,32,12.5,OK,0,0,1,0,0
B_vs_probabilidad,CRC32,32,256,0.002,0,288,32,12.5,OK,0,0,1,0,0
B_vs_probabilidad,CRC32,32,256,0.002,1,288,32,12.5,ERROR_DETECTED,1,0,0,0,0
B_vs_probabilidad,CRC32,32,256,0.002,0,288,32,12.5,OK,0,0,1,0,0
B_vs_probabilidad,CRC32,32,256,0.002,0,288,32,12.5,OK,0,0,1,0,0
B_vs_probabilidad,CRC32,32,256,0.002,0,288,32,12.5,OK,0,0,1,0,0
B_vs_probabilidad,CRC32,32,256,0.002,2,288,32,12.5,ERROR_DETECTED,1,0,0,0,0
B_vs_probabilidad,CRC32,32,256,0.002,1,288,32,12.5,ERROR_DETECTED,1,0,0,0,0
B_vs_probabilidad,CRC32,32,256,0.002,2,288,32,12.5,ERROR_DETECTED,1,0,0,0,0
B_vs_probabilidad,CRC32,32,256,0.002,0,288,32,12.5,OK,0,0,1,0,0
B_vs_probabilidad,CRC32,32,256,0.002,1,288,32,12.5,ERROR_DETECTED,1,0,0,0,0
B_vs_probabilidad,CRC32,32,256,0.002,0,288,32,12.5,OK,0,0,1,0,0
B_vs_probabilidad,CRC32,32,256,0.002,0,288,32,12.5,OK,0,0,1,0,0
B_vs_probabilidad,CRC32,32,256,0.002,0,288,32,12.5,OK,0,0,1,0,0
B_vs_probabilidad,CRC32,32,256,0.002,0,288,32,12.5,OK,0,0,1,0,0
B_vs_probabilidad,CRC32,32,256,0.002,0,288,32,12.5,OK,0,0,1,0,0
B_vs_probabilidad,CRC32,32,256,0.002,1,288,32,12.5,ERROR_DETECTED,1,0,0,0,0
B_vs_probabilidad,CRC32,32,256,0.002,1,288,32,12.5,ERROR_DETECTED,1,0,0,0,0
B_vs_probabilidad,CRC32,32,256,0.002,1,288,32,12.5,ERROR_DETECTED,1,0,0,0,0
B_vs_probabilidad,CRC32,32,256,0.002,1,288,32,12.5,ERROR_DETECTED,1,0,0,0,0
B_vs_probabilidad,CRC32,32,256,0.002,0,288,32,12.5,OK,0,0,1,0,0
B_vs_probabilidad,CRC32,32,256,0.002,0,288,32,12.5,OK,0,0,1,0,0
B_vs_probabilidad,CRC32,32,256,0.002,1,288,32,12.5,ERROR_DETECTED,1,0,0,0,0
B_vs_probabilidad,CRC32,32,256,0.002,0,288,32,12.5,OK,0,0,1,0,0
B_vs_probabilidad,CRC32,32,256,0.002,0,288,32,12.5,OK,0,0,1,0,0
B_vs_probabilidad,CRC32,32,256,0.002,1,288,32,12.5,ERROR_DETECTED,1,0,0,0,0
B_vs_probabilidad,CRC32,32,256,0.002,2,288,32,12.5,ERROR_DETECTED,1,0,0,0,0
B_vs_probabilidad,CRC32,32,256,0.002,1,288,32,12.5,ERROR_DETECTED,1,0,0,0,0
B_vs_probabilidad,CRC32,32,256,0.002,1,288,32,12.5,ERROR_DETECTED,1,0,0,0,0
B_vs_probabilidad,CRC32,32,256,0.002,2,288,32,12.5,ERROR_DETECTED,1,0,0,0,0
B_vs_probabilidad,CRC32,32,256,0.002,0,288,32,12.5,OK,0,0,1,0,0
B_vs_probabilidad,CRC32,32,256,0.002,0,288,32,12.5,OK,0,0,1,0,0
B_vs_probabilidad,CRC32,32,256,0.002,1,288,32,12.5,ERROR_DETECTED,1,0,0,0,0
B_vs_probabilidad,CRC32,32,256,0.002,0,288,32,12.5,OK,0,0,1,0,0
B_vs_probabilidad,CRC32,32,256,0.002,2,288,32,12.5,ERROR_DETECTED,1,0,0,0,0
B_vs_probabilidad,CRC32,32,256,0.002,2,288,32,12.5,ERROR_DETECTED,1,0,0,0,0
B_vs_probabilidad,CRC32,32,256,0.002,0,288,32,12.5,OK,0,0,1,0,0
B_vs_probabilidad,CRC32,32,256,0.002,3,288,32,12.5,ERROR_DETECTED,1,0,0,0,0
B_vs_probabilidad,CRC32,32,256,0.002,0,288,32,12.5,OK,0,0,1,0,0
B_vs_probabilidad,CRC32,32,256,0.002,1,288,32,12.5,ERROR_DETECTED,1,0,0,0,0
B_vs_probabilidad,CRC32,32,256,0.002,1,288,32,12.5,ERROR_DETECTED,1,0,0,0,0
B_vs_probabilidad,CRC32,32,256,0.002,1,288,32,12.5,ERROR_DETECTED,1,0,0,0,0
B_vs_probabilidad,CRC32,32,256,0.002,0,288,32,12.5,OK,0,0,1,0,0
B_vs_probabilidad,CRC32,32,256,0.002,0,288,32,12.5,OK,0,0,1,0,0
B_vs_probabilidad,CRC32,32,256,0.002,1,288,32,12.5,ERROR_DETECTED,1,0,0,0,0
B_vs_probabilidad,CRC32,32,256,0.002,0,288,32,12.5,OK,0,0,1,0,0
B_vs_probabilidad,CRC32,32,256,0.002,0,288,32,12.5,OK,0,0,1,0,0
B_vs_probabilidad,CRC32,32,256,0.002,0,288,32,12.5,OK,0,0,1,0,0
B_vs_probabilidad,CRC32,32,256,0.002,0,288,32,12.5,OK,0,0,1,0,0
B_vs_probabilidad,CRC32,32,256,0.002,1,288,32,12.5,ERROR_DETECTED,1,0,0,0,0
B_vs_probabilidad,CRC32,32,256,0.002,0,288,32,12.5,OK,0,0,1,0,0
B_vs_probabilidad,CRC32,32,256,0.002,0,288,32,12.5,OK,0,0,1,0,0
B_vs_probabilidad,CRC32,32,256,0.002,1,288,32,12.5,ERROR_DETECTED,1,0,0,0,0
B_vs_probabilidad,CRC32,32,256,0.002,3,288,32,12.5,ERROR_DETECTED,1,0,0,0,0
B_vs_probabilidad,CRC32,32,256,0.002,1,288,32,12.5,ERROR_DETECTED,1,0,0,0,0
B_vs_probabilidad,CRC32,32,256,0.002,0,288,32,12.5,OK,0,0,1,0,0
B_vs_probabilidad,CRC32,32,256,0.002,0,288,32,12.5,OK,0,0,1,0,0
B_vs_probabilidad,CRC32,32,256,0.002,1,288,32,12.5,ERROR_DETECTED,1,0,0,0,0
B_vs_probabilidad,CRC32,32,256,0.002,1,288,32,12.5,ERROR_DETECTED,1,0,0,0,0
B_vs_probabilidad,CRC32,32,256,0.002,0,288,32,12.5,OK,0,0,1,0,0
B_vs_probabilidad,CRC32,32,256,0.002,1,288,32,12.5,ERROR_DETECTED,1,0,0,0,0
B_vs_probabilidad,CRC32,32,256,0.002,0,288,32,12.5,OK,0,0,1,0,0
B_vs_probabilidad,CRC32,32,256,0.002,1,288,32,12.5,ERROR_DETECTED,1,0,0,0,0
B_vs_probabilidad,CRC32,32,256,0.002,0,288,32,12.5,OK,0,0,1,0,0
B_vs_probabilidad,CRC32,32,256,0.002,0,288,32,12.5,OK,0,0,1,0,0
B_vs_probabilidad,CRC32,32,256,0.002,0,288,32,12.5,OK,0,0,1,0,0
B_vs_probabilidad,CRC32,32,256,0.002,1,288,32,12.5,ERROR_DETECTED,1,0,0,0,0
B_vs_probabilidad,CRC32,32,256,0.002,0,288,32,12.5,OK,0,0,1,0,0
B_vs_probabilidad,CRC32,32,256,0.002,2,288,32,12.5,ERROR_DETECTED,1,0,0,0,0
B_vs_probabilidad,CRC32,32,256,0.002,0,288,32,12.5,OK,0,0,1,0,0
B_vs_probabilidad,CRC32,32,256,0.002,2,288,32,12.5,ERROR_DETECTED,1,0,0,0,0
B_vs_probabilidad,CRC32,32,256,0.002,2,288,32,12.5,ERROR_DETECTED,1,0,0,0,0
B_vs_probabilidad,CRC32,32,256,0.002,0,288,32,12.5,OK,0,0,1,0,0
B_vs_probabilidad,CRC32,32,256,0.002,2,288,32,12.5,ERROR_DETECTED,1,0,0,0,0
B_vs_probabilidad,CRC32,32,256,0.002,0,288,32,12.5,OK,0,0,1,0,0
B_vs_probabilidad,CRC32,32,256,0.002,1,288,32,12.5,ERROR_DETECTED,1,0,0,0,0
B_vs_probabilidad,CRC32,32,256,0.002,0,288,32,12.5,OK,0,0,1,0,0
B_vs_probabilidad,CRC32,32,256,0.002,3,288,32,12.5,ERROR_DETECTED,1,0,0,0,0
B_vs_probabilidad,CRC32,32,256,0.002,2,288,32,12.5,ERROR_DETECTED,1,0,0,0,0
B_vs_probabilidad,CRC32,32,256,0.002,1,288,32,12.5,ERROR_DETECTED,1,0,0,0,0
B_vs_probabilidad,CRC32,32,256,0.002,2,288,32,12.5,ERROR_DETECTED,1,0,0,0,0
B_vs_probabilidad,CRC32,32,256,0.002,0,288,32,12.5,OK,0,0,1,0,0
B_vs_probabilidad,CRC32,32,256,0.002,0,288,32,12.5,OK,0,0,1,0,0
B_vs_probabilidad,CRC32,32,256,0.002,1,288,32,12.5,ERROR_DETECTED,1,0,0,0,0
B_vs_probabilidad,CRC32,32,256,0.002,1,288,32,12.5,ERROR_DETECTED,1,0,0,0,0
B_vs_probabilidad,CRC32,32,256,0.002,0,288,32,12.5,OK,0,0,1,0,0
B_vs_probabilidad,CRC32,32,256,0.002,1,288,32,12.5,ERROR_DETECTED,1,0,0,0,0
B_vs_probabilidad,CRC32,32,256,0.002,1,288,32,12.5,ERROR_DETECTED,1,0,0,0,0
B_vs_probabilidad,CRC32,32,256,0.002,1,288,32,12.5,ERROR_DETECTED,1,0,0,0,0
B_vs_probabilidad,CRC32,32,256,0.002,0,288,32,12.5,OK,0,0,1,0,0
B_vs_probabilidad,CRC32,32,256,0.002,0,288,32,12.5,OK,0,0,1,0,0
B_vs_probabilidad,CRC32,32,256,0.002,0,288,32,12.5,OK,0,0,1,0,0
B_vs_probabilidad,CRC32,32,256,0.002,2,288,32,12.5,ERROR_DETECTED,1,0,0,0,0
B_vs_probabilidad,CRC32,32,256,0.002,1,288,32,12.5,ERROR_DETECTED,1,0,0,0,0
B_vs_probabilidad,CRC32,32,256,0.002,0,288,32,12.5,OK,0,0,1,0,0
B_vs_probabilidad,CRC32,32,256,0.002,0,288,32,12.5,OK,0,0,1,0,0
B_vs_probabilidad,CRC32,32,256,0.002,0,288,32,12.5,OK,0,0,1,0,0
B_vs_probabilidad,CRC32,32,256,0.002,0,288,32,12.5,OK,0,0,1,0,0
B_vs_probabilidad,CRC32,32,256,0.002,0,288,32,12.5,OK,0,0,1,0,0
B_vs_probabilidad,CRC32,32,256,0.002,2,288,32,12.5,ERROR_DETECTED,1,0,0,0,0
B_vs_probabilidad,CRC32,32,256,0.002,0,288,32,12.5,OK,0,0,1,0,0
B_vs_probabilidad,CRC32,32,256,0.002,0,288,32,12.5,OK,0,0,1,0,0
B_vs_probabilidad,CRC32,32,256,0.002,0,288,32,12.5,OK,0,0,1,0,0
B_vs_probabilidad,CRC32,32,256,0.002,2,288,32,12.5,ERROR_DETECTED,1,0,0,0,0
B_vs_probabilidad,CRC32,32,256,0.002,0,288,32,12.5,OK,0,0,1,0,0
B_vs_probabilidad,CRC32,32,256,0.002,1,288,32,12.5,ERROR_DETECTED,1,0,0,0,0
B_vs_probabilidad,CRC32,32,256,0.002,0,288,32,12.5,OK,0,0,1,0,0
B_vs_probabilidad,CRC32,32,256,0.002,0,288,32,12.5,OK,0,0,1,0,0
B_vs_probabilidad,CRC32,32,256,0.002,2,288,32,12.5,ERROR_DETECTED,1,0,0,0,0
B_vs_probabilidad,CRC32,32,256,0.002,0,288,32,12.5,OK,0,0,1,0,0
B_vs_probabilidad,CRC32,32,256,0.002,3,288,32,12.5,ERROR_DETECTED,1,0,0,0,0
B_vs_probabilidad,CRC32,32,256,0.002,0,288,32,12.5,OK,0,0,1,0,0
B_vs_probabilidad,CRC32,32,256,0.002,0,288,32,12.5,OK,0,0,1,0,0
B_vs_probabilidad,CRC32,32,256,0.002,0,288,32,12.5,OK,0,0,1,0,0
B_vs_probabilidad,CRC32,32,256,0.002,1,288,32,12.5,ERROR_DETECTED,1,0,0,0,0
B_vs_probabilidad,CRC32,32,256,0.005,2,288,32,12.5,ERROR_DETECTED,1,0,0,0,0
B_vs_probabilidad,CRC32,32,256,0.005,1,288,32,12.5,ERROR_DETECTED,1,0,0,0,0
B_vs_probabilidad,CRC32,32,256,0.005,1,288,32,12.5,ERROR_DETECTED,1,0,0,0,0
B_vs_probabilidad,CRC32,32,256,0.005,1,288,32,12.5,ERROR_DETECTED,1,0,0,0,0
B_vs_probabilidad,CRC32,32,256,0.005,0,288,32,12.5,OK,0,0,1,0,0
B_vs_probabilidad,CRC32,32,256,0.005,1,288,32,12.5,ERROR_DETECTED,1,0,0,0,0
B_vs_probabilidad,CRC32,32,256,0.005,2,288,32,12.5,ERROR_DETECTED,1,0,0,0,0
B_vs_probabilidad,CRC32,32,256,0.005,0,288,32,12.5,OK,0,0,1,0,0
B_vs_probabilidad,CRC32,32,256,0.005,0,288,32,12.5,OK,0,0,1,0,0
B_vs_probabilidad,CRC32,32,256,0.005,3,288,32,12.5,ERROR_DETECTED,1,0,0,0,0
B_vs_probabilidad,CRC32,32,256,0.005,0,288,32,12.5,OK,0,0,1,0,0
B_vs_probabilidad,CRC32,32,256,0.005,3,288,32,12.5,ERROR_DETECTED,1,0,0,0,0
B_vs_probabilidad,CRC32,32,256,0.005,0,288,32,12.5,OK,0,0,1,0,0
B_vs_probabilidad,CRC32,32,256,0.005,3,288,32,12.5,ERROR_DETECTED,1,0,0,0,0
B_vs_probabilidad,CRC32,32,256,0.005,1,288,32,12.5,ERROR_DETECTED,1,0,0,0,0
B_vs_probabilidad,CRC32,32,256,0.005,4,288,32,12.5,ERROR_DETECTED,1,0,0,0,0
B_vs_probabilidad,CRC32,32,256,0.005,3,288,32,12.5,ERROR_DETECTED,1,0,0,0,0
B_vs_probabilidad,CRC32,32,256,0.005,3,288,32,12.5,ERROR_DETECTED,1,0,0,0,0
B_vs_probabilidad,CRC32,32,256,0.005,1,288,32,12.5,ERROR_DETECTED,1,0,0,0,0
B_vs_probabilidad,CRC32,32,256,0.005,4,288,32,12.5,ERROR_DETECTED,1,0,0,0,0
B_vs_probabilidad,CRC32,32,256,0.005,3,288,32,12.5,ERROR_DETECTED,1,0,0,0,0
B_vs_probabilidad,CRC32,32,256,0.005,1,288,32,12.5,ERROR_DETECTED,1,0,0,0,0
B_vs_probabilidad,CRC32,32,256,0.005,2,288,32,12.5,ERROR_DETECTED,1,0,0,0,0
B_vs_probabilidad,CRC32,32,256,0.005,1,288,32,12.5,ERROR_DETECTED,1,0,0,0,0
B_vs_probabilidad,CRC32,32,256,0.005,1,288,32,12.5,ERROR_DETECTED,1,0,0,0,0
B_vs_probabilidad,CRC32,32,256,0.005,2,288,32,12.5,ERROR_DETECTED,1,0,0,0,0
B_vs_probabilidad,CRC32,32,256,0.005,1,288,32,12.5,ERROR_DETECTED,1,0,0,0,0
B_vs_probabilidad,CRC32,32,256,0.005,1,288,32,12.5,ERROR_DETECTED,1,0,0,0,0
B_vs_probabilidad,CRC32,32,256,0.005,3,288,32,12.5,ERROR_DETECTED,1,0,0,0,0
B_vs_probabilidad,CRC32,32,256,0.005,3,288,32,12.5,ERROR_DETECTED,1,0,0,0,0
B_vs_probabilidad,CRC32,32,256,0.005,0,288,32,12.5,OK,0,0,1,0,0
B_vs_probabilidad,CRC32,32,256,0.005,1,288,32,12.5,ERROR_DETECTED,1,0,0,0,0
B_vs_probabilidad,CRC32,32,256,0.005,2,288,32,12.5,ERROR_DETECTED,1,0,0,0,0
B_vs_probabilidad,CRC32,32,256,0.005,2,288,32,12.5,ERROR_DETECTED,1,0,0,0,0
B_vs_probabilidad,CRC32,32,256,0.005,0,288,32,12.5,OK,0,0,1,0,0
B_vs_probabilidad,CRC32,32,256,0.005,1,288,32,12.5,ERROR_DETECTED,1,0,0,0,0
B_vs_probabilidad,CRC32,32,256,0.005,1,288,32,12.5,ERROR_DETECTED,1,0,0,0,0
B_vs_probabilidad,CRC32,32,256,0.005,0,288,32,12.5,OK,0,0,1,0,0
B_vs_probabilidad,CRC32,32,256,0.005,2,288,32,12.5,ERROR_DETECTED,1,0,0,0,0
B_vs_probabilidad,CRC32,32,256,0.005,0,288,32,12.5,OK,0,0,1,0,0
B_vs_probabilidad,CRC32,32,256,0.005,2,288,32,12.5,ERROR_DETECTED,1,0,0,0,0
B_vs_probabilidad,CRC32,32,256,0.005,2,288,32,12.5,ERROR_DETECTED,1,0,0,0,0
B_vs_probabilidad,CRC32,32,256,0.005,2,288,32,12.5,ERROR_DETECTED,1,0,0,0,0
B_vs_probabilidad,CRC32,32,256,0.005,1,288,32,12.5,ERROR_DETECTED,1,0,0,0,0
B_vs_probabilidad,CRC32,32,256,0.005,2,288,32,12.5,ERROR_DETECTED,1,0,0,0,0
B_vs_probabilidad,CRC32,32,256,0.005,0,288,32,12.5,OK,0,0,1,0,0
B_vs_probabilidad,CRC32,32,256,0.005,2,288,32,12.5,ERROR_DETECTED,1,0,0,0,0
B_vs_probabilidad,CRC32,32,256,0.005,1,288,32,12.5,ERROR_DETECTED,1,0,0,0,0
B_vs_probabilidad,CRC32,32,256,0.005,3,288,32,12.5,ERROR_DETECTED,1,0,0,0,0
B_vs_probabilidad,CRC32,32,256,0.005,1,288,32,12.5,ERROR_DETECTED,1,0,0,0,0
B_vs_probabilidad,CRC32,32,256,0.005,4,288,32,12.5,ERROR_DETECTED,1,0,0,0,0
B_vs_probabilidad,CRC32,32,256,0.005,1,288,32,12.5,ERROR_DETECTED,1,0,0,0,0
B_vs_probabilidad,CRC32,32,256,0.005,0,288,32,12.5,OK,0,0,1,0,0
B_vs_probabilidad,CRC32,32,256,0.005,2,288,32,12.5,ERROR_DETECTED,1,0,0,0,0
B_vs_probabilidad,CRC32,32,256,0.005,2,288,32,12.5,ERROR_DETECTED,1,0,0,0,0
B_vs_probabilidad,CRC32,32,256,0.005,3,288,32,12.5,ERROR_DETECTED,1,0,0,0,0
B_vs_probabilidad,CRC32,32,256,0.005,4,288,32,12.5,ERROR_DETECTED,1,0,0,0,0
B_vs_probabilidad,CRC32,32,256,0.005,2,288,32,12.5,ERROR_DETECTED,1,0,0,0,0
B_vs_probabilidad,CRC32,32,256,0.005,5,288,32,12.5,ERROR_DETECTED,1,0,0,0,0
B_vs_probabilidad,CRC32,32,256,0.005,0,288,32,12.5,OK,0,0,1,0,0
B_vs_probabilidad,CRC32,32,256,0.005,1,288,32,12.5,ERROR_DETECTED,1,0,0,0,0
B_vs_probabilidad,CRC32,32,256,0.005,1,288,32,12.5,ERROR_DETECTED,1,0,0,0,0
B_vs_probabilidad,CRC32,32,256,0.005,1,288,32,12.5,ERROR_DETECTED,1,0,0,0,0
B_vs_probabilidad,CRC32,32,256,0.005,2,288,32,12.5,ERROR_DETECTED,1,0,0,0,0
B_vs_probabilidad,CRC32,32,256,0.005,1,288,32,12.5,ERROR_DETECTED,1,0,0,0,0
B_vs_probabilidad,CRC32,32,256,0.005,1,288,32,12.5,ERROR_DETECTED,1,0,0,0,0
B_vs_probabilidad,CRC32,32,256,0.005,2,288,32,12.5,ERROR_DETECTED,1,0,0,0,0
B_vs_probabilidad,CRC32,32,256,0.005,0,288,32,12.5,OK,0,0,1,0,0
B_vs_probabilidad,CRC32,32,256,0.005,1,288,32,12.5,ERROR_DETECTED,1,0,0,0,0
B_vs_probabilidad,CRC32,32,256,0.005,2,288,32,12.5,ERROR_DETECTED,1,0,0,0,0
B_vs_probabilidad,CRC32,32,256,0.005,1,288,32,12.5,ERROR_DETECTED,1,0,0,0,0
B_vs_probabilidad,CRC32,32,256,0.005,1,288,32,12.5,ERROR_DETECTED,1,0,0,0,0
B_vs_probabilidad,CRC32,32,256,0.005,1,288,32,12.5,ERROR_DETECTED,1,0,0,0,0
B_vs_probabilidad,CRC32,32,256,0.005,2,288,32,12.5,ERROR_DETECTED,1,0,0,0,0
B_vs_probabilidad,CRC32,32,256,0.005,0,288,32,12.5,OK,0,0,1,0,0
B_vs_probabilidad,CRC32,32,256,0.005,2,288,32,12.5,ERROR_DETECTED,1,0,0,0,0
B_vs_probabilidad,CRC32,32,256,0.005,0,288,32,12.5,OK,0,0,1,0,0
B_vs_probabilidad,CRC32,32,256,0.005,1,288,32,12.5,ERROR_DETECTED,1,0,0,0,0
B_vs_probabilidad,CRC32,32,256,0.005,2,288,32,12.5,ERROR_DETECTED,1,0,0,0,0
B_vs_probabilidad,CRC32,32,256,0.005,1,288,32,12.5,ERROR_DETECTED,1,0,0,0,0
B_vs_probabilidad,CRC32,32,256,0.005,3,288,32,12.5,ERROR_DETECTED,1,0,0,0,0
B_vs_probabilidad,CRC32,32,256,0.005,1,288,32,12.5,ERROR_DETECTED,1,0,0,0,0
B_vs_probabilidad,CRC32,32,256,0.005,1,288,32,12.5,ERROR_DETECTED,1,0,0,0,0
B_vs_probabilidad,CRC32,32,256,0.005,1,288,32,12.5,ERROR_DETECTED,1,0,0,0,0
B_vs_probabilidad,CRC32,32,256,0.005,0,288,32,12.5,OK,0,0,1,0,0
B_vs_probabilidad,CRC32,32,256,0.005,1,288,32,12.5,ERROR_DETECTED,1,0,0,0,0
B_vs_probabilidad,CRC32,32,256,0.005,1,288,32,12.5,ERROR_DETECTED,1,0,0,0,0
B_vs_probabilidad,CRC32,32,256,0.005,1,288,32,12.5,ERROR_DETECTED,1,0,0,0,0
B_vs_probabilidad,CRC32,32,256,0.005,0,288,32,12.5,OK,0,0,1,0,0
B_vs_probabilidad,CRC32,32,256,0.005,1,288,32,12.5,ERROR_DETECTED,1,0,0,0,0
B_vs_probabilidad,CRC32,32,256,0.005,1,288,32,12.5,ERROR_DETECTED,1,0,0,0,0
B_vs_probabilidad,CRC32,32,256,0.005,2,288,32,12.5,ERROR_DETECTED,1,0,0,0,0
B_vs_probabilidad,CRC32,32,256,0.005,0,288,32,12.5,OK,0,0,1,0,0
B_vs_probabilidad,CRC32,32,256,0.005,1,288,32,12.5,ERROR_DETECTED,1,0,0,0,0
B_vs_probabilidad,CRC32,32,256,0.005,1,288,32,12.5,ERROR_DETECTED,1,0,0,0,0
B_vs_probabilidad,CRC32,32,256,0.005,3,288,32,12.5,ERROR_DETECTED,1,0,0,0,0
B_vs_probabilidad,CRC32,32,256,0.005,3,288,32,12.5,ERROR_DETECTED,1,0,0,0,0
B_vs_probabilidad,CRC32,32,256,0.005,2,288,32,12.5,ERROR_DETECTED,1,0,0,0,0
B_vs_probabilidad,CRC32,32,256,0.005,2,288,32,12.5,ERROR_DETECTED,1,0,0,0,0
B_vs_probabilidad,CRC32,32,256,0.005,1,288,32,12.5,ERROR_DETECTED,1,0,0,0,0
B_vs_probabilidad,CRC32,32,256,0.005,0,288,32,12.5,OK,0,0,1,0,0
B_vs_probabilidad,CRC32,32,256,0.005,0,288,32,12.5,OK,0,0,1,0,0
B_vs_probabilidad,CRC32,32,256,0.005,2,288,32,12.5,ERROR_DETECTED,1,0,0,0,0
B_vs_probabilidad,CRC32,32,256,0.005,1,288,32,12.5,ERROR_DETECTED,1,0,0,0,0
B_vs_probabilidad,CRC32,32,256,0.005,1,288,32,12.5,ERROR_DETECTED,1,0,0,0,0
B_vs_probabilidad,CRC32,32,256,0.005,1,288,32,12.5,ERROR_DETECTED,1,0,0,0,0
B_vs_probabilidad,CRC32,32,256,0.005,2,288,32,12.5,ERROR_DETECTED,1,0,0,0,0
B_vs_probabilidad,CRC32,32,256,0.005,1,288,32,12.5,ERROR_DETECTED,1,0,0,0,0
B_vs_probabilidad,CRC32,32,256,0.005,0,288,32,12.5,OK,0,0,1,0,0
B_vs_probabilidad,CRC32,32,256,0.005,1,288,32,12.5,ERROR_DETECTED,1,0,0,0,0
B_vs_probabilidad,CRC32,32,256,0.005,1,288,32,12.5,ERROR_DETECTED,1,0,0,0,0
B_vs_probabilidad,CRC32,32,256,0.005,1,288,32,12.5,ERROR_DETECTED,1,0,0,0,0
B_vs_probabilidad,CRC32,32,256,0.005,3,288,32,12.5,ERROR_DETECTED,1,0,0,0,0
B_vs_probabilidad,CRC32,32,256,0.005,0,288,32,12.5,OK,0,0,1,0,0
B_vs_probabilidad,CRC32,32,256,0.005,2,288,32,12.5,ERROR_DETECTED,1,0,0,0,0
B_vs_probabilidad,CRC32,32,256,0.005,1,288,32,12.5,ERROR_DETECTED,1,0,0,0,0
B_vs_probabilidad,CRC32,32,256,0.005,0,288,32,12.5,OK,0,0,1,0,0
B_vs_probabilidad,CRC32,32,256,0.005,0,288,32,12.5,OK,0,0,1,0,0
B_vs_probabilidad,CRC32,32,256,0.005,4,288,32,12.5,ERROR_DETECTED,1,0,0,0,0
B_vs_probabilidad,CRC32,32,256,0.005,2,288,32,12.5,ERROR_DETECTED,1,0,0,0,0
B_vs_probabilidad,CRC32,32,256,0.005,0,288,32,12.5,OK,0,0,1,0,0
B_vs_probabilidad,CRC32,32,256,0.005,2,288,32,12.5,ERROR_DETECTED,1,0,0,0,0
B_vs_probabilidad,CRC32,32,256,0.005,1,288,32,12.5,ERROR_DETECTED,1,0,0,0,0
B_vs_probabilidad,CRC32,32,256,0.005,2,288,32,12.5,ERROR_DETECTED,1,0,0,0,0
B_vs_probabilidad,CRC32,32,256,0.005,0,288,32,12.5,OK,0,0,1,0,0
B_vs_probabilidad,CRC32,32,256,0.005,1,288,32,12.5,ERROR_DETECTED,1,0,0,0,0
B_vs_probabilidad,CRC32,32,256,0.005,1,288,32,12.5,ERROR_DETECTED,1,0,0,0,0
B_vs_probabilidad,CRC32,32,256,0.005,1,288,32,12.5,ERROR_DETECTED,1,0,0,0,0
B_vs_probabilidad,CRC32,32,256,0.005,0,288,32,12.5,OK,0,0,1,0,0
B_vs_probabilidad,CRC32,32,256,0.005,1,288,32,12.5,ERROR_DETECTED,1,0,0,0,0
B_vs_probabilidad,CRC32,32,256,0.005,1,288,32,12.5,ERROR_DETECTED,1,0,0,0,0
B_vs_probabilidad,CRC32,32,256,0.005,0,288,32,12.5,OK,0,0,1,0,0
B_vs_probabilidad,CRC32,32,256,0.005,4,288,32,12.5,ERROR_DETECTED,1,0,0,0,0
B_vs_probabilidad,CRC32,32,256,0.005,1,288,32,12.5,ERROR_DETECTED,1,0,0,0,0
B_vs_probabilidad,CRC32,32,256,0.005,2,288,32,12.5,ERROR_DETECTED,1,0,0,0,0
B_vs_probabilidad,CRC32,32,256,0.005,1,288,32,12.5,ERROR_DETECTED,1,0,0,0,0
B_vs_probabilidad,CRC32,32,256,0.005,0,288,32,12.5,OK,0,0,1,0,0
B_vs_probabilidad,CRC32,32,256,0.005,2,288,32,12.5,ERROR_DETECTED,1,0,0,0,0
B_vs_probabilidad,CRC32,32,256,0.005,4,288,32,12.5,ERROR_DETECTED,1,0,0,0,0
B_vs_probabilidad,CRC32,32,256,0.005,1,288,32,12.5,ERROR_DETECTED,1,0,0,0,0
B_vs_probabilidad,CRC32,32,256,0.005,6,288,32,12.5,ERROR_DETECTED,1,0,0,0,0
B_vs_probabilidad,CRC32,32,256,0.005,1,288,32,12.5,ERROR_DETECTED,1,0,0,0,0
B_vs_probabilidad,CRC32,32,256,0.005,0,288,32,12.5,OK,0,0,1,0,0
B_vs_probabilidad,CRC32,32,256,0.005,1,288,32,12.5,ERROR_DETECTED,1,0,0,0,0
B_vs_probabilidad,CRC32,32,256,0.005,1,288,32,12.5,ERROR_DETECTED,1,0,0,0,0
B_vs_probabilidad,CRC32,32,256,0.005,1,288,32,12.5,ERROR_DETECTED,1,0,0,0,0
B_vs_probabilidad,CRC32,32,256,0.005,2,288,32,12.5,ERROR_DETECTED,1,0,0,0,0
B_vs_probabilidad,CRC32,32,256,0.005,2,288,32,12.5,ERROR_DETECTED,1,0,0,0,0
B_vs_probabilidad,CRC32,32,256,0.005,2,288,32,12.5,ERROR_DETECTED,1,0,0,0,0
B_vs_probabilidad,CRC32,32,256,0.005,2,288,32,12.5,ERROR_DETECTED,1,0,0,0,0
B_vs_probabilidad,CRC32,32,256,0.005,1,288,32,12.5,ERROR_DETECTED,1,0,0,0,0
B_vs_probabilidad,CRC32,32,256,0.005,1,288,32,12.5,ERROR_DETECTED,1,0,0,0,0
B_vs_probabilidad,CRC32,32,256,0.005,3,288,32,12.5,ERROR_DETECTED,1,0,0,0,0
B_vs_probabilidad,CRC32,32,256,0.005,3,288,32,12.5,ERROR_DETECTED,1,0,0,0,0
B_vs_probabilidad,CRC32,32,256,0.005,0,288,32,12.5,OK,0,0,1,0,0
B_vs_probabilidad,CRC32,32,256,0.005,2,288,32,12.5,ERROR_DETECTED,1,0,0,0,0
B_vs_probabilidad,CRC32,32,256,0.005,1,288,32,12.5,ERROR_DETECTED,1,0,0,0,0
B_vs_probabilidad,CRC32,32,256,0.005,0,288,32,12.5,OK,0,0,1,0,0
B_vs_probabilidad,CRC32,32,256,0.005,2,288,32,12.5,ERROR_DETECTED,1,0,0,0,0
B_vs_probabilidad,CRC32,32,256,0.005,0,288,32,12.5,OK,0,0,1,0,0
B_vs_probabilidad,CRC32,32,256,0.005,2,288,32,12.5,ERROR_DETECTED,1,0,0,0,0
B_vs_probabilidad,CRC32,32,256,0.005,1,288,32,12.5,ERROR_DETECTED,1,0,0,0,0
B_vs_probabilidad,CRC32,32,256,0.005,2,288,32,12.5,ERROR_DETECTED,1,0,0,0,0
B_vs_probabilidad,CRC32,32,256,0.005,1,288,32,12.5,ERROR_DETECTED,1,0,0,0,0
B_vs_probabilidad,CRC32,32,256,0.005,1,288,32,12.5,ERROR_DETECTED,1,0,0,0,0
B_vs_probabilidad,CRC32,32,256,0.005,3,288,32,12.5,ERROR_DETECTED,1,0,0,0,0
B_vs_probabilidad,CRC32,32,256,0.005,2,288,32,12.5,ERROR_DETECTED,1,0,0,0,0
B_vs_probabilidad,CRC32,32,256,0.005,3,288,32,12.5,ERROR_DETECTED,1,0,0,0,0
B_vs_probabilidad,CRC32,32,256,0.005,4,288,32,12.5,ERROR_DETECTED,1,0,0,0,0
B_vs_probabilidad,CRC32,32,256,0.005,1,288,32,12.5,ERROR_DETECTED,1,0,0,0,0
B_vs_probabilidad,CRC32,32,256,0.005,2,288,32,12.5,ERROR_DETECTED,1,0,0,0,0
B_vs_probabilidad,CRC32,32,256,0.005,4,288,32,12.5,ERROR_DETECTED,1,0,0,0,0
B_vs_probabilidad,CRC32,32,256,0.005,1,288,32,12.5,ERROR_DETECTED,1,0,0,0,0
B_vs_probabilidad,CRC32,32,256,0.005,1,288,32,12.5,ERROR_DETECTED,1,0,0,0,0
B_vs_probabilidad,CRC32,32,256,0.005,3,288,32,12.5,ERROR_DETECTED,1,0,0,0,0
B_vs_probabilidad,CRC32,32,256,0.005,2,288,32,12.5,ERROR_DETECTED,1,0,0,0,0
B_vs_probabilidad,CRC32,32,256,0.005,2,288,32,12.5,ERROR_DETECTED,1,0,0,0,0
B_vs_probabilidad,CRC32,32,256,0.005,0,288,32,12.5,OK,0,0,1,0,0
B_vs_probabilidad,CRC32,32,256,0.005,2,288,32,12.5,ERROR_DETECTED,1,0,0,0,0
B_vs_probabilidad,CRC32,32,256,0.005,2,288,32,12.5,ERROR_DETECTED,1,0,0,0,0
B_vs_probabilidad,CRC32,32,256,0.005,2,288,32,12.5,ERROR_DETECTED,1,0,0,0,0
B_vs_probabilidad,CRC32,32,256,0.005,2,288,32,12.5,ERROR_DETECTED,1,0,0,0,0
B_vs_probabilidad,CRC32,32,256,0.005,2,288,32,12.5,ERROR_DETECTED,1,0,0,0,0
B_vs_probabilidad,CRC32,32,256,0.005,0,288,32,12.5,OK,0,0,1,0,0
B_vs_probabilidad,CRC32,32,256,0.005,1,288,32,12.5,ERROR_DETECTED,1,0,0,0,0
B_vs_probabilidad,CRC32,32,256,0.005,4,288,32,12.5,ERROR_DETECTED,1,0,0,0,0
B_vs_probabilidad,CRC32,32,256,0.005,0,288,32,12.5,OK,0,0,1,0,0
B_vs_probabilidad,CRC32,32,256,0.005,0,288,32,12.5,OK,0,0,1,0,0
B_vs_probabilidad,CRC32,32,256,0.005,2,288,32,12.5,ERROR_DETECTED,1,0,0,0,0
B_vs_probabilidad,CRC32,32,256,0.005,0,288,32,12.5,OK,0,0,1,0,0
B_vs_probabilidad,CRC32,32,256,0.005,2,288,32,12.5,ERROR_DETECTED,1,0,0,0,0
B_vs_probabilidad,CRC32,32,256,0.005,0,288,32,12.5,OK,0,0,1,0,0
B_vs_probabilidad,CRC32,32,256,0.005,1,288,32,12.5,ERROR_DETECTED,1,0,0,0,0
B_vs_probabilidad,CRC32,32,256,0.005,2,288,32,12.5,ERROR_DETECTED,1,0,0,0,0
B_vs_probabilidad,CRC32,32,256,0.005,2,288,32,12.5,ERROR_DETECTED,1,0,0,0,0
B_vs_probabilidad,CRC32,32,256,0.005,0,288,32,12.5,OK,0,0,1,0,0
B_vs_probabilidad,CRC32,32,256,0.005,2,288,32,12.5,ERROR_DETECTED,1,0,0,0,0
B_vs_probabilidad,CRC32,32,256,0.005,0,288,32,12.5,OK,0,0,1,0,0
B_vs_probabilidad,CRC32,32,256,0.005,2,288,32,12.5,ERROR_DETECTED,1,0,0,0,0
B_vs_probabilidad,CRC32,32,256,0.005,1,288,32,12.5,ERROR_DETECTED,1,0,0,0,0
B_vs_probabilidad,CRC32,32,256,0.01,2,288,32,12.5,ERROR_DETECTED,1,0,0,0,0
B_vs_probabilidad,CRC32,32,256,0.01,3,288,32,12.5,ERROR_DETECTED,1,0,0,0,0
B_vs_probabilidad,CRC32,32,256,0.01,3,288,32,12.5,ERROR_DETECTED,1,0,0,0,0
B_vs_probabilidad,CRC32,32,256,0.01,2,288,32,12.5,ERROR_DETECTED,1,0,0,0,0
B_vs_probabilidad,CRC32,32,256,0.01,0,288,32,12.5,OK,0,0,1,0,0
B_vs_probabilidad,CRC32,32,256,0.01,4,288,32,12.5,ERROR_DETECTED,1,0,0,0,0
B_vs_probabilidad,CRC32,32,256,0.01,3,288,32,12.5,ERROR_DETECTED,1,0,0,0,0
B_vs_probabilidad,CRC32,32,256,0.01,5,288,32,12.5,ERROR_DETECTED,1,0,0,0,0
B_vs_probabilidad,CRC32,32,256,0.01,1,288,32,12.5,ERROR_DETECTED,1,0,0,0,0
B_vs_probabilidad,CRC32,32,256,0.01,3,288,32,12.5,ERROR_DETECTED,1,0,0,0,0
B_vs_probabilidad,CRC32,32,256,0.01,4,288,32,12.5,ERROR_DETECTED,1,0,0,0,0
B_vs_probabilidad,CRC32,32,256,0.01,2,288,32,12.5,ERROR_DETECTED,1,0,0,0,0
B_vs_probabilidad,CRC32,32,256,0.01,3,288,32,12.5,ERROR_DETECTED,1,0,0,0,0
B_vs_probabilidad,CRC32,32,256,0.01,3,288,32,12.5,ERROR_DETECTED,1,0,0,0,0
B_vs_probabilidad,CRC32,32,256,0.01,2,288,32,12.5,ERROR_DETECTED,1,0,0,0,0
B_vs_probabilidad,CRC32,32,256,0.01,4,288,32,12.5,ERROR_DETECTED,1,0,0,0,0
B_vs_probabilidad,CRC32,32,256,0.01,2,288,32,12.5,ERROR_DETECTED,1,0,0,0,0
B_vs_probabilidad,CRC32,32,256,0.01,4,288,32,12.5,ERROR_DETECTED,1,0,0,0,0
B_vs_probabilidad,CRC32,32,256,0.01,4,288,32,12.5,ERROR_DETECTED,1,0,0,0,0
B_vs_probabilidad,CRC32,32,256,0.01,1,288,32,12.5,ERROR_DETECTED,1,0,0,0,0
B_vs_probabilidad,CRC32,32,256,0.01,1,288,32,12.5,ERROR_DETECTED,1,0,0,0,0
B_vs_probabilidad,CRC32,32,256,0.01,4,288,32,12.5,ERROR_DETECTED,1,0,0,0,0
B_vs_probabilidad,CRC32,32,256,0.01,4,288,32,12.5,ERROR_DETECTED,1,0,0,0,0
B_vs_probabilidad,CRC32,32,256,0.01,4,288,32,12.5,ERROR_DETECTED,1,0,0,0,0
B_vs_probabilidad,CRC32,32,256,0.01,1,288,32,12.5,ERROR_DETECTED,1,0,0,0,0
B_vs_probabilidad,CRC32,32,256,0.01,4,288,32,12.5,ERROR_DETECTED,1,0,0,0,0
B_vs_probabilidad,CRC32,32,256,0.01,1,288,32,12.5,ERROR_DETECTED,1,0,0,0,0
B_vs_probabilidad,CRC32,32,256,0.01,1,288,32,12.5,ERROR_DETECTED,1,0,0,0,0
B_vs_probabilidad,CRC32,32,256,0.01,2,288,32,12.5,ERROR_DETECTED,1,0,0,0,0
B_vs_probabilidad,CRC32,32,256,0.01,2,288,32,12.5,ERROR_DETECTED,1,0,0,0,0
B_vs_probabilidad,CRC32,32,256,0.01,1,288,32,12.5,ERROR_DETECTED,1,0,0,0,0
B_vs_probabilidad,CRC32,32,256,0.01,3,288,32,12.5,ERROR_DETECTED,1,0,0,0,0
B_vs_probabilidad,CRC32,32,256,0.01,1,288,32,12.5,ERROR_DETECTED,1,0,0,0,0
B_vs_probabilidad,CRC32,32,256,0.01,3,288,32,12.5,ERROR_DETECTED,1,0,0,0,0
B_vs_probabilidad,CRC32,32,256,0.01,3,288,32,12.5,ERROR_DETECTED,1,0,0,0,0
B_vs_probabilidad,CRC32,32,256,0.01,2,288,32,12.5,ERROR_DETECTED,1,0,0,0,0
B_vs_probabilidad,CRC32,32,256,0.01,3,288,32,12.5,ERROR_DETECTED,1,0,0,0,0
B_vs_probabilidad,CRC32,32,256,0.01,4,288,32,12.5,ERROR_DETECTED,1,0,0,0,0
B_vs_probabilidad,CRC32,32,256,0.01,1,288,32,12.5,ERROR_DETECTED,1,0,0,0,0
B_vs_probabilidad,CRC32,32,256,0.01,4,288,32,12.5,ERROR_DETECTED,1,0,0,0,0
B_vs_probabilidad,CRC32,32,256,0.01,5,288,32,12.5,ERROR_DETECTED,1,0,0,0,0
B_vs_probabilidad,CRC32,32,256,0.01,2,288,32,12.5,ERROR_DETECTED,1,0,0,0,0
B_vs_probabilidad,CRC32,32,256,0.01,3,288,32,12.5,ERROR_DETECTED,1,0,0,0,0
B_vs_probabilidad,CRC32,32,256,0.01,1,288,32,12.5,ERROR_DETECTED,1,0,0,0,0
B_vs_probabilidad,CRC32,32,256,0.01,3,288,32,12.5,ERROR_DETECTED,1,0,0,0,0
B_vs_probabilidad,CRC32,32,256,0.01,0,288,32,12.5,OK,0,0,1,0,0
B_vs_probabilidad,CRC32,32,256,0.01,3,288,32,12.5,ERROR_DETECTED,1,0,0,0,0
B_vs_probabilidad,CRC32,32,256,0.01,4,288,32,12.5,ERROR_DETECTED,1,0,0,0,0
B_vs_probabilidad,CRC32,32,256,0.01,5,288,32,12.5,ERROR_DETECTED,1,0,0,0,0
B_vs_probabilidad,CRC32,32,256,0.01,0,288,32,12.5,OK,0,0,1,0,0
B_vs_probabilidad,CRC32,32,256,0.01,3,288,32,12.5,ERROR_DETECTED,1,0,0,0,0
B_vs_probabilidad,CRC32,32,256,0.01,3,288,32,12.5,ERROR_DETECTED,1,0,0,0,0
B_vs_probabilidad,CRC32,32,256,0.01,5,288,32,12.5,ERROR_DETECTED,1,0,0,0,0
B_vs_probabilidad,CRC32,32,256,0.01,4,288,32,12.5,ERROR_DETECTED,1,0,0,0,0
B_vs_probabilidad,CRC32,32,256,0.01,4,288,32,12.5,ERROR_DETECTED,1,0,0,0,0
B_vs_probabilidad,CRC32,32,256,0.01,2,288,32,12.5,ERROR_DETECTED,1,0,0,0,0
B_vs_probabilidad,CRC32,32,256,0.01,3,288,32,12.5,ERROR_DETECTED,1,0,0,0,0
B_vs_probabilidad,CRC32,32,256,0.01,1,288,32,12.5,ERROR_DETECTED,1,0,0,0,0
B_vs_probabilidad,CRC32,32,256,0.01,0,288,32,12.5,OK,0,0,1,0,0
B_vs_probabilidad,CRC32,32,256,0.01,2,288,32,12.5,ERROR_DETECTED,1,0,0,0,0
B_vs_probabilidad,CRC32,32,256,0.01,2,288,32,12.5,ERROR_DETECTED,1,0,0,0,0
B_vs_probabilidad,CRC32,32,256,0.01,4,288,32,12.5,ERROR_DETECTED,1,0,0,0,0
B_vs_probabilidad,CRC32,32,256,0.01,3,288,32,12.5,ERROR_DETECTED,1,0,0,0,0
B_vs_probabilidad,CRC32,32,256,0.01,1,288,32,12.5,ERROR_DETECTED,1,0,0,0,0
B_vs_probabilidad,CRC32,32,256,0.01,4,288,32,12.5,ERROR_DETECTED,1,0,0,0,0
B_vs_probabilidad,CRC32,32,256,0.01,2,288,32,12.5,ERROR_DETECTED,1,0,0,0,0
B_vs_probabilidad,CRC32,32,256,0.01,6,288,32,12.5,ERROR_DETECTED,1,0,0,0,0
B_vs_probabilidad,CRC32,32,256,0.01,5,288,32,12.5,ERROR_DETECTED,1,0,0,0,0
B_vs_probabilidad,CRC32,32,256,0.01,6,288,32,12.5,ERROR_DETECTED,1,0,0,0,0
B_vs_probabilidad,CRC32,32,256,0.01,2,288,32,12.5,ERROR_DETECTED,1,0,0,0,0
B_vs_probabilidad,CRC32,32,256,0.01,3,288,32,12.5,ERROR_DETECTED,1,0,0,0,0
B_vs_probabilidad,CRC32,32,256,0.01,7,288,32,12.5,ERROR_DETECTED,1,0,0,0,0
B_vs_probabilidad,CRC32,32,256,0.01,3,288,32,12.5,ERROR_DETECTED,1,0,0,0,0
B_vs_probabilidad,CRC32,32,256,0.01,2,288,32,12.5,ERROR_DETECTED,1,0,0,0,0
B_vs_probabilidad,CRC32,32,256,0.01,5,288,32,12.5,ERROR_DETECTED,1,0,0,0,0
B_vs_probabilidad,CRC32,32,256,0.01,2,288,32,12.5,ERROR_DETECTED,1,0,0,0,0
B_vs_probabilidad,CRC32,32,256,0.01,2,288,32,12.5,ERROR_DETECTED,1,0,0,0,0
B_vs_probabilidad,CRC32,32,256,0.01,3,288,32,12.5,ERROR_DETECTED,1,0,0,0,0
B_vs_probabilidad,CRC32,32,256,0.01,2,288,32,12.5,ERROR_DETECTED,1,0,0,0,0
B_vs_probabilidad,CRC32,32,256,0.01,3,288,32,12.5,ERROR_DETECTED,1,0,0,0,0
B_vs_probabilidad,CRC32,32,256,0.01,1,288,32,12.5,ERROR_DETECTED,1,0,0,0,0
B_vs_probabilidad,CRC32,32,256,0.01,6,288,32,12.5,ERROR_DETECTED,1,0,0,0,0
B_vs_probabilidad,CRC32,32,256,0.01,4,288,32,12.5,ERROR_DETECTED,1,0,0,0,0
B_vs_probabilidad,CRC32,32,256,0.01,1,288,32,12.5,ERROR_DETECTED,1,0,0,0,0
B_vs_probabilidad,CRC32,32,256,0.01,5,288,32,12.5,ERROR_DETECTED,1,0,0,0,0
B_vs_probabilidad,CRC32,32,256,0.01,0,288,32,12.5,OK,0,0,1,0,0
B_vs_probabilidad,CRC32,32,256,0.01,2,288,32,12.5,ERROR_DETECTED,1,0,0,0,0
B_vs_probabilidad,CRC32,32,256,0.01,3,288,32,12.5,ERROR_DETECTED,1,0,0,0,0
B_vs_probabilidad,CRC32,32,256,0.01,2,288,32,12.5,ERROR_DETECTED,1,0,0,0,0
B_vs_probabilidad,CRC32,32,256,0.01,1,288,32,12.5,ERROR_DETECTED,1,0,0,0,0
B_vs_probabilidad,CRC32,32,256,0.01,4,288,32,12.5,ERROR_DETECTED,1,0,0,0,0
B_vs_probabilidad,CRC32,32,256,0.01,2,288,32,12.5,ERROR_DETECTED,1,0,0,0,0
B_vs_probabilidad,CRC32,32,256,0.01,5,288,32,12.5,ERROR_DETECTED,1,0,0,0,0
B_vs_probabilidad,CRC32,32,256,0.01,4,288,32,12.5,ERROR_DETECTED,1,0,0,0,0
B_vs_probabilidad,CRC32,32,256,0.01,4,288,32,12.5,ERROR_DETECTED,1,0,0,0,0
B_vs_probabilidad,CRC32,32,256,0.01,2,288,32,12.5,ERROR_DETECTED,1,0,0,0,0
B_vs_probabilidad,CRC32,32,256,0.01,6,288,32,12.5,ERROR_DETECTED,1,0,0,0,0
B_vs_probabilidad,CRC32,32,256,0.01,2,288,32,12.5,ERROR_DETECTED,1,0,0,0,0
B_vs_probabilidad,CRC32,32,256,0.01,1,288,32,12.5,ERROR_DETECTED,1,0,0,0,0
B_vs_probabilidad,CRC32,32,256,0.01,2,288,32,12.5,ERROR_DETECTED,1,0,0,0,0
B_vs_probabilidad,CRC32,32,256,0.01,3,288,32,12.5,ERROR_DETECTED,1,0,0,0,0
B_vs_probabilidad,CRC32,32,256,0.01,3,288,32,12.5,ERROR_DETECTED,1,0,0,0,0
B_vs_probabilidad,CRC32,32,256,0.01,3,288,32,12.5,ERROR_DETECTED,1,0,0,0,0
B_vs_probabilidad,CRC32,32,256,0.01,3,288,32,12.5,ERROR_DETECTED,1,0,0,0,0
B_vs_probabilidad,CRC32,32,256,0.01,3,288,32,12.5,ERROR_DETECTED,1,0,0,0,0
B_vs_probabilidad,CRC32,32,256,0.01,2,288,32,12.5,ERROR_DETECTED,1,0,0,0,0
B_vs_probabilidad,CRC32,32,256,0.01,0,288,32,12.5,OK,0,0,1,0,0
B_vs_probabilidad,CRC32,32,256,0.01,6,288,32,12.5,ERROR_DETECTED,1,0,0,0,0
B_vs_probabilidad,CRC32,32,256,0.01,5,288,32,12.5,ERROR_DETECTED,1,0,0,0,0
B_vs_probabilidad,CRC32,32,256,0.01,3,288,32,12.5,ERROR_DETECTED,1,0,0,0,0
B_vs_probabilidad,CRC32,32,256,0.01,4,288,32,12.5,ERROR_DETECTED,1,0,0,0,0
B_vs_probabilidad,CRC32,32,256,0.01,4,288,32,12.5,ERROR_DETECTED,1,0,0,0,0
B_vs_probabilidad,CRC32,32,256,0.01,4,288,32,12.5,ERROR_DETECTED,1,0,0,0,0
B_vs_probabilidad,CRC32,32,256,0.01,2,288,32,12.5,ERROR_DETECTED,1,0,0,0,0
B_vs_probabilidad,CRC32,32,256,0.01,1,288,32,12.5,ERROR_DETECTED,1,0,0,0,0
B_vs_probabilidad,CRC32,32,256,0.01,1,288,32,12.5,ERROR_DETECTED,1,0,0,0,0
B_vs_probabilidad,CRC32,32,256,0.01,3,288,32,12.5,ERROR_DETECTED,1,0,0,0,0
B_vs_probabilidad,CRC32,32,256,0.01,6,288,32,12.5,ERROR_DETECTED,1,0,0,0,0
B_vs_probabilidad,CRC32,32,256,0.01,1,288,32,12.5,ERROR_DETECTED,1,0,0,0,0
B_vs_probabilidad,CRC32,32,256,0.01,2,288,32,12.5,ERROR_DETECTED,1,0,0,0,0
B_vs_probabilidad,CRC32,32,256,0.01,1,288,32,12.5,ERROR_DETECTED,1,0,0,0,0
B_vs_probabilidad,CRC32,32,256,0.01,3,288,32,12.5,ERROR_DETECTED,1,0,0,0,0
B_vs_probabilidad,CRC32,32,256,0.01,4,288,32,12.5,ERROR_DETECTED,1,0,0,0,0
B_vs_probabilidad,CRC32,32,256,0.01,4,288,32,12.5,ERROR_DETECTED,1,0,0,0,0
B_vs_probabilidad,CRC32,32,256,0.01,3,288,32,12.5,ERROR_DETECTED,1,0,0,0,0
B_vs_probabilidad,CRC32,32,256,0.01,6,288,32,12.5,ERROR_DETECTED,1,0,0,0,0
B_vs_probabilidad,CRC32,32,256,0.01,5,288,32,12.5,ERROR_DETECTED,1,0,0,0,0
B_vs_probabilidad,CRC32,32,256,0.01,3,288,32,12.5,ERROR_DETECTED,1,0,0,0,0
B_vs_probabilidad,CRC32,32,256,0.01,4,288,32,12.5,ERROR_DETECTED,1,0,0,0,0
B_vs_probabilidad,CRC32,32,256,0.01,3,288,32,12.5,ERROR_DETECTED,1,0,0,0,0
B_vs_probabilidad,CRC32,32,256,0.01,3,288,32,12.5,ERROR_DETECTED,1,0,0,0,0
B_vs_probabilidad,CRC32,32,256,0.01,5,288,32,12.5,ERROR_DETECTED,1,0,0,0,0
B_vs_probabilidad,CRC32,32,256,0.01,4,288,32,12.5,ERROR_DETECTED,1,0,0,0,0
B_vs_probabilidad,CRC32,32,256,0.01,7,288,32,12.5,ERROR_DETECTED,1,0,0,0,0
B_vs_probabilidad,CRC32,32,256,0.01,3,288,32,12.5,ERROR_DETECTED,1,0,0,0,0
B_vs_probabilidad,CRC32,32,256,0.01,2,288,32,12.5,ERROR_DETECTED,1,0,0,0,0
B_vs_probabilidad,CRC32,32,256,0.01,5,288,32,12.5,ERROR_DETECTED,1,0,0,0,0
B_vs_probabilidad,CRC32,32,256,0.01,1,288,32,12.5,ERROR_DETECTED,1,0,0,0,0
B_vs_probabilidad,CRC32,32,256,0.01,3,288,32,12.5,ERROR_DETECTED,1,0,0,0,0
B_vs_probabilidad,CRC32,32,256,0.01,3,288,32,12.5,ERROR_DETECTED,1,0,0,0,0
B_vs_probabilidad,CRC32,32,256,0.01,3,288,32,12.5,ERROR_DETECTED,1,0,0,0,0
B_vs_probabilidad,CRC32,32,256,0.01,1,288,32,12.5,ERROR_DETECTED,1,0,0,0,0
B_vs_probabilidad,CRC32,32,256,0.01,5,288,32,12.5,ERROR_DETECTED,1,0,0,0,0
B_vs_probabilidad,CRC32,32,256,0.01,3,288,32,12.5,ERROR_DETECTED,1,0,0,0,0
B_vs_probabilidad,CRC32,32,256,0.01,3,288,32,12.5,ERROR_DETECTED,1,0,0,0,0
B_vs_probabilidad,CRC32,32,256,0.01,4,288,32,12.5,ERROR_DETECTED,1,0,0,0,0
B_vs_probabilidad,CRC32,32,256,0.01,4,288,32,12.5,ERROR_DETECTED,1,0,0,0,0
B_vs_probabilidad,CRC32,32,256,0.01,4,288,32,12.5,ERROR_DETECTED,1,0,0,0,0
B_vs_probabilidad,CRC32,32,256,0.01,4,288,32,12.5,ERROR_DETECTED,1,0,0,0,0
B_vs_probabilidad,CRC32,32,256,0.01,2,288,32,12.5,ERROR_DETECTED,1,0,0,0,0
B_vs_probabilidad,CRC32,32,256,0.01,0,288,32,12.5,OK,0,0,1,0,0
B_vs_probabilidad,CRC32,32,256,0.01,1,288,32,12.5,ERROR_DETECTED,1,0,0,0,0
B_vs_probabilidad,CRC32,32,256,0.01,4,288,32,12.5,ERROR_DETECTED,1,0,0,0,0
B_vs_probabilidad,CRC32,32,256,0.01,1,288,32,12.5,ERROR_DETECTED,1,0,0,0,0
B_vs_probabilidad,CRC32,32,256,0.01,3,288,32,12.5,ERROR_DETECTED,1,0,0,0,0
B_vs_probabilidad,CRC32,32,256,0.01,2,288,32,12.5,ERROR_DETECTED,1,0,0,0,0
B_vs_probabilidad,CRC32,32,256,0.01,4,288,32,12.5,ERROR_DETECTED,1,0,0,0,0
B_vs_probabilidad,CRC32,32,256,0.01,5,288,32,12.5,ERROR_DETECTED,1,0,0,0,0
B_vs_probabilidad,CRC32,32,256,0.01,1,288,32,12.5,ERROR_DETECTED,1,0,0,0,0
B_vs_probabilidad,CRC32,32,256,0.01,2,288,32,12.5,ERROR_DETECTED,1,0,0,0,0
B_vs_probabilidad,CRC32,32,256,0.01,4,288,32,12.5,ERROR_DETECTED,1,0,0,0,0
B_vs_probabilidad,CRC32,32,256,0.01,3,288,32,12.5,ERROR_DETECTED,1,0,0,0,0
B_vs_probabilidad,CRC32,32,256,0.01,3,288,32,12.5,ERROR_DETECTED,1,0,0,0,0
B_vs_probabilidad,CRC32,32,256,0.01,3,288,32,12.5,ERROR_DETECTED,1,0,0,0,0
B_vs_probabilidad,CRC32,32,256,0.01,4,288,32,12.5,ERROR_DETECTED,1,0,0,0,0
B_vs_probabilidad,CRC32,32,256,0.01,4,288,32,12.5,ERROR_DETECTED,1,0,0,0,0
B_vs_probabilidad,CRC32,32,256,0.01,2,288,32,12.5,ERROR_DETECTED,1,0,0,0,0
B_vs_probabilidad,CRC32,32,256,0.01,3,288,32,12.5,ERROR_DETECTED,1,0,0,0,0
B_vs_probabilidad,CRC32,32,256,0.01,4,288,32,12.5,ERROR_DETECTED,1,0,0,0,0
B_vs_probabilidad,CRC32,32,256,0.01,5,288,32,12.5,ERROR_DETECTED,1,0,0,0,0
B_vs_probabilidad,CRC32,32,256,0.01,5,288,32,12.5,ERROR_DETECTED,1,0,0,0,0
B_vs_probabilidad,CRC32,32,256,0.01,3,288,32,12.5,ERROR_DETECTED,1,0,0,0,0
B_vs_probabilidad,CRC32,32,256,0.01,4,288,32,12.5,ERROR_DETECTED,1,0,0,0,0
B_vs_probabilidad,CRC32,32,256,0.01,3,288,32,12.5,ERROR_DETECTED,1,0,0,0,0
B_vs_probabilidad,CRC32,32,256,0.01,2,288,32,12.5,ERROR_DETECTED,1,0,0,0,0
B_vs_probabilidad,CRC32,32,256,0.01,2,288,32,12.5,ERROR_DETECTED,1,0,0,0,0
B_vs_probabilidad,CRC32,32,256,0.01,5,288,32,12.5,ERROR_DETECTED,1,0,0,0,0
B_vs_probabilidad,CRC32,32,256,0.01,3,288,32,12.5,ERROR_DETECTED,1,0,0,0,0
B_vs_probabilidad,CRC32,32,256,0.01,2,288,32,12.5,ERROR_DETECTED,1,0,0,0,0
B_vs_probabilidad,CRC32,32,256,0.01,5,288,32,12.5,ERROR_DETECTED,1,0,0,0,0
B_vs_probabilidad,CRC32,32,256,0.01,1,288,32,12.5,ERROR_DETECTED,1,0,0,0,0
B_vs_probabilidad,CRC32,32,256,0.01,5,288,32,12.5,ERROR_DETECTED,1,0,0,0,0
B_vs_probabilidad,CRC32,32,256,0.01,2,288,32,12.5,ERROR_DETECTED,1,0,0,0,0
B_vs_probabilidad,CRC32,32,256,0.01,1,288,32,12.5,ERROR_DETECTED,1,0,0,0,0
B_vs_probabilidad,CRC32,32,256,0.01,5,288,32,12.5,ERROR_DETECTED,1,0,0,0,0
B_vs_probabilidad,CRC32,32,256,0.01,5,288,32,12.5,ERROR_DETECTED,1,0,0,0,0
B_vs_probabilidad,CRC32,32,256,0.01,4,288,32,12.5,ERROR_DETECTED,1,0,0,0,0
B_vs_probabilidad,CRC32,32,256,0.01,3,288,32,12.5,ERROR_DETECTED,1,0,0,0,0
B_vs_probabilidad,CRC32,32,256,0.01,4,288,32,12.5,ERROR_DETECTED,1,0,0,0,0
B_vs_probabilidad,CRC32,32,256,0.01,3,288,32,12.5,ERROR_DETECTED,1,0,0,0,0
B_vs_probabilidad,CRC32,32,256,0.01,2,288,32,12.5,ERROR_DETECTED,1,0,0,0,0
B_vs_probabilidad,CRC32,32,256,0.01,5,288,32,12.5,ERROR_DETECTED,1,0,0,0,0
B_vs_probabilidad,CRC32,32,256,0.01,3,288,32,12.5,ERROR_DETECTED,1,0,0,0,0
B_vs_probabilidad,CRC32,32,256,0.01,2,288,32,12.5,ERROR_DETECTED,1,0,0,0,0
B_vs_probabilidad,CRC32,32,256,0.01,4,288,32,12.5,ERROR_DETECTED,1,0,0,0,0
B_vs_probabilidad,CRC32,32,256,0.01,2,288,32,12.5,ERROR_DETECTED,1,0,0,0,0
B_vs_probabilidad,CRC32,32,256,0.01,4,288,32,12.5,ERROR_DETECTED,1,0,0,0,0
B_vs_probabilidad,CRC32,32,256,0.01,2,288,32,12.5,ERROR_DETECTED,1,0,0,0,0
B_vs_probabilidad,CRC32,32,256,0.01,1,288,32,12.5,ERROR_DETECTED,1,0,0,0,0
B_vs_probabilidad,CRC32,32,256,0.01,4,288,32,12.5,ERROR_DETECTED,1,0,0,0,0
B_vs_probabilidad,CRC32,32,256,0.02,7,288,32,12.5,ERROR_DETECTED,1,0,0,0,0
B_vs_probabilidad,CRC32,32,256,0.02,2,288,32,12.5,ERROR_DETECTED,1,0,0,0,0
B_vs_probabilidad,CRC32,32,256,0.02,9,288,32,12.5,ERROR_DETECTED,1,0,0,0,0
B_vs_probabilidad,CRC32,32,256,0.02,5,288,32,12.5,ERROR_DETECTED,1,0,0,0,0
B_vs_probabilidad,CRC32,32,256,0.02,3,288,32,12.5,ERROR_DETECTED,1,0,0,0,0
B_vs_probabilidad,CRC32,32,256,0.02,5,288,32,12.5,ERROR_DETECTED,1,0,0,0,0
B_vs_probabilidad,CRC32,32,256,0.02,5,288,32,12.5,ERROR_DETECTED,1,0,0,0,0
B_vs_probabilidad,CRC32,32,256,0.02,3,288,32,12.5,ERROR_DETECTED,1,0,0,0,0
B_vs_probabilidad,CRC32,32,256,0.02,7,288,32,12.5,ERROR_DETECTED,1,0,0,0,0
B_vs_probabilidad,CRC32,32,256,0.02,4,288,32,12.5,ERROR_DETECTED,1,0,0,0,0
B_vs_probabilidad,CRC32,32,256,0.02,4,288,32,12.5,ERROR_DETECTED,1,0,0,0,0
B_vs_probabilidad,CRC32,32,256,0.02,1,288,32,12.5,ERROR_DETECTED,1,0,0,0,0
B_vs_probabilidad,CRC32,32,256,0.02,4,288,32,12.5,ERROR_DETECTED,1,0,0,0,0
B_vs_probabilidad,CRC32,32,256,0.02,3,288,32,12.5,ERROR_DETECTED,1,0,0,0,0
B_vs_probabilidad,CRC32,32,256,0.02,7,288,32,12.5,ERROR_DETECTED,1,0,0,0,0
B_vs_probabilidad,CRC32,32,256,0.02,3,288,32,12.5,ERROR_DETECTED,1,0,0,0,0
B_vs_probabilidad,CRC32,32,256,0.02,8,288,32,12.5,ERROR_DETECTED,1,0,0,0,0
B_vs_probabilidad,CRC32,32,256,0.02,8,288,32,12.5,ERROR_DETECTED,1,0,0,0,0
B_vs_probabilidad,CRC32,32,256,0.02,8,288,32,12.5,ERROR_DETECTED,1,0,0,0,0
B_vs_probabilidad,CRC32,32,256,0.02,5,288,32,12.5,ERROR_DETECTED,1,0,0,0,0
B_vs_probabilidad,CRC32,32,256,0.02,6,288,32,12.5,ERROR_DETECTED,1,0,0,0,0
B_vs_probabilidad,CRC32,32,256,0.02,9,288,32,12.5,ERROR_DETECTED,1,0,0,0,0
B_vs_probabilidad,CRC32,32,256,0.02,6,288,32,12.5,ERROR_DETECTED,1,0,0,0,0
B_vs_probabilidad,CRC32,32,256,0.02,3,288,32,12.5,ERROR_DETECTED,1,0,0,0,0
B_vs_probabilidad,CRC32,32,256,0.02,4,288,32,12.5,ERROR_DETECTED,1,0,0,0,0
B_vs_probabilidad,CRC32,32,256,0.02,5,288,32,12.5,ERROR_DETECTED,1,0,0,0,0
B_vs_probabilidad,CRC32,32,256,0.02,8,288,32,12.5,ERROR_DETECTED,1,0,0,0,0
B_vs_probabilidad,CRC32,32,256,0.02,6,288,32,12.5,ERROR_DETECTED,1,0,0,0,0
B_vs_probabilidad,CRC32,32,256,0.02,5,288,32,12.5,ERROR_DETECTED,1,0,0,0,0
B_vs_probabilidad,CRC32,32,256,0.02,6,288,32,12.5,ERROR_DETECTED,1,0,0,0,0
B_vs_probabilidad,CRC32,32,256,0.02,5,288,32,12.5,ERROR_DETECTED,1,0,0,0,0
B_vs_probabilidad,CRC32,32,256,0.02,4,288,32,12.5,ERROR_DETECTED,1,0,0,0,0
B_vs_probabilidad,CRC32,32,256,0.02,8,288,32,12.5,ERROR_DETECTED,1,0,0,0,0
B_vs_probabilidad,CRC32,32,256,0.02,4,288,32,12.5,ERROR_DETECTED,1,0,0,0,0
B_vs_probabilidad,CRC32,32,256,0.02,3,288,32,12.5,ERROR_DETECTED,1,0,0,0,0
B_vs_probabilidad,CRC32,32,256,0.02,5,288,32,12.5,ERROR_DETECTED,1,0,0,0,0
B_vs_probabilidad,CRC32,32,256,0.02,3,288,32,12.5,ERROR_DETECTED,1,0,0,0,0
B_vs_probabilidad,CRC32,32,256,0.02,4,288,32,12.5,ERROR_DETECTED,1,0,0,0,0
B_vs_probabilidad,CRC32,32,256,0.02,5,288,32,12.5,ERROR_DETECTED,1,0,0,0,0
B_vs_probabilidad,CRC32,32,256,0.02,4,288,32,12.5,ERROR_DETECTED,1,0,0,0,0
B_vs_probabilidad,CRC32,32,256,0.02,3,288,32,12.5,ERROR_DETECTED,1,0,0,0,0
B_vs_probabilidad,CRC32,32,256,0.02,6,288,32,12.5,ERROR_DETECTED,1,0,0,0,0
B_vs_probabilidad,CRC32,32,256,0.02,3,288,32,12.5,ERROR_DETECTED,1,0,0,0,0
B_vs_probabilidad,CRC32,32,256,0.02,5,288,32,12.5,ERROR_DETECTED,1,0,0,0,0
B_vs_probabilidad,CRC32,32,256,0.02,7,288,32,12.5,ERROR_DETECTED,1,0,0,0,0
B_vs_probabilidad,CRC32,32,256,0.02,9,288,32,12.5,ERROR_DETECTED,1,0,0,0,0
B_vs_probabilidad,CRC32,32,256,0.02,3,288,32,12.5,ERROR_DETECTED,1,0,0,0,0
B_vs_probabilidad,CRC32,32,256,0.02,5,288,32,12.5,ERROR_DETECTED,1,0,0,0,0
B_vs_probabilidad,CRC32,32,256,0.02,10,288,32,12.5,ERROR_DETECTED,1,0,0,0,0
B_vs_probabilidad,CRC32,32,256,0.02,11,288,32,12.5,ERROR_DETECTED,1,0,0,0,0
B_vs_probabilidad,CRC32,32,256,0.02,5,288,32,12.5,ERROR_DETECTED,1,0,0,0,0
B_vs_probabilidad,CRC32,32,256,0.02,13,288,32,12.5,ERROR_DETECTED,1,0,0,0,0
B_vs_probabilidad,CRC32,32,256,0.02,1,288,32,12.5,ERROR_DETECTED,1,0,0,0,0
B_vs_probabilidad,CRC32,32,256,0.02,8,288,32,12.5,ERROR_DETECTED,1,0,0,0,0
B_vs_probabilidad,CRC32,32,256,0.02,7,288,32,12.5,ERROR_DETECTED,1,0,0,0,0
B_vs_probabilidad,CRC32,32,256,0.02,7,288,32,12.5,ERROR_DETECTED,1,0,0,0,0
B_vs_probabilidad,CRC32,32,256,0.02,3,288,32,12.5,ERROR_DETECTED,1,0,0,0,0
B_vs_probabilidad,CRC32,32,256,0.02,4,288,32,12.5,ERROR_DETECTED,1,0,0,0,0
B_vs_probabilidad,CRC32,32,256,0.02,10,288,32,12.5,ERROR_DETECTED,1,0,0,0,0
B_vs_probabilidad,CRC32,32,256,0.02,3,288,32,12.5,ERROR_DETECTED,1,0,0,0,0
B_vs_probabilidad,CRC32,32,256,0.02,8,288,32,12.5,ERROR_DETECTED,1,0,0,0,0
B_vs_probabilidad,CRC32,32,256,0.02,5,288,32,12.5,ERROR_DETECTED,1,0,0,0,0
B_vs_probabilidad,CRC32,32,256,0.02,5,288,32,12.5,ERROR_DETECTED,1,0,0,0,0
B_vs_probabilidad,CRC32,32,256,0.02,9,288,32,12.5,ERROR_DETECTED,1,0,0,0,0
B_vs_probabilidad,CRC32,32,256,0.02,7,288,32,12.5,ERROR_DETECTED,1,0,0,0,0
B_vs_probabilidad,CRC32,32,256,0.02,11,288,32,12.5,ERROR_DETECTED,1,0,0,0,0
B_vs_probabilidad,CRC32,32,256,0.02,5,288,32,12.5,ERROR_DETECTED,1,0,0,0,0
B_vs_probabilidad,CRC32,32,256,0.02,6,288,32,12.5,ERROR_DETECTED,1,0,0,0,0
B_vs_probabilidad,CRC32,32,256,0.02,5,288,32,12.5,ERROR_DETECTED,1,0,0,0,0
B_vs_probabilidad,CRC32,32,256,0.02,8,288,32,12.5,ERROR_DETECTED,1,0,0,0,0
B_vs_probabilidad,CRC32,32,256,0.02,4,288,32,12.5,ERROR_DETECTED,1,0,0,0,0
B_vs_probabilidad,CRC32,32,256,0.02,5,288,32,12.5,ERROR_DETECTED,1,0,0,0,0
B_vs_probabilidad,CRC32,32,256,0.02,9,288,32,12.5,ERROR_DETECTED,1,0,0,0,0
B_vs_probabilidad,CRC32,32,256,0.02,6,288,32,12.5,ERROR_DETECTED,1,0,0,0,0
B_vs_probabilidad,CRC32,32,256,0.02,12,288,32,12.5,ERROR_DETECTED,1,0,0,0,0
B_vs_probabilidad,CRC32,32,256,0.02,9,288,32,12.5,ERROR_DETECTED,1,0,0,0,0
B_vs_probabilidad,CRC32,32,256,0.02,12,288,32,12.5,ERROR_DETECTED,1,0,0,0,0
B_vs_probabilidad,CRC32,32,256,0.02,6,288,32,12.5,ERROR_DETECTED,1,0,0,0,0
B_vs_probabilidad,CRC32,32,256,0.02,9,288,32,12.5,ERROR_DETECTED,1,0,0,0,0
B_vs_probabilidad,CRC32,32,256,0.02,11,288,32,12.5,ERROR_DETECTED,1,0,0,0,0
B_vs_probabilidad,CRC32,32,256,0.02,3,288,32,12.5,ERROR_DETECTED,1,0,0,0,0
B_vs_probabilidad,CRC32,32,256,0.02,7,288,32,12.5,ERROR_DETECTED,1,0,0,0,0
B_vs_probabilidad,CRC32,32,256,0.02,8,288,32,12.5,ERROR_DETECTED,1,0,0,0,0
B_vs_probabilidad,CRC32,32,256,0.02,6,288,32,12.5,ERROR_DETECTED,1,0,0,0,0
B_vs_probabilidad,CRC32,32,256,0.02,6,288,32,12.5,ERROR_DETECTED,1,0,0,0,0
B_vs_probabilidad,CRC32,32,256,0.02,7,288,32,12.5,ERROR_DETECTED,1,0,0,0,0
B_vs_probabilidad,CRC32,32,256,0.02,5,288,32,12.5,ERROR_DETECTED,1,0,0,0,0
B_vs_probabilidad,CRC32,32,256,0.02,9,288,32,12.5,ERROR_DETECTED,1,0,0,0,0
B_vs_probabilidad,CRC32,32,256,0.02,10,288,32,12.5,ERROR_DETECTED,1,0,0,0,0
B_vs_probabilidad,CRC32,32,256,0.02,7,288,32,12.5,ERROR_DETECTED,1,0,0,0,0
B_vs_probabilidad,CRC32,32,256,0.02,5,288,32,12.5,ERROR_DETECTED,1,0,0,0,0
B_vs_probabilidad,CRC32,32,256,0.02,12,288,32,12.5,ERROR_DETECTED,1,0,0,0,0
B_vs_probabilidad,CRC32,32,256,0.02,5,288,32,12.5,ERROR_DETECTED,1,0,0,0,0
B_vs_probabilidad,CRC32,32,256,0.02,6,288,32,12.5,ERROR_DETECTED,1,0,0,0,0
B_vs_probabilidad,CRC32,32,256,0.02,3,288,32,12.5,ERROR_DETECTED,1,0,0,0,0
B_vs_probabilidad,CRC32,32,256,0.02,6,288,32,12.5,ERROR_DETECTED,1,0,0,0,0
B_vs_probabilidad,CRC32,32,256,0.02,4,288,32,12.5,ERROR_DETECTED,1,0,0,0,0
B_vs_probabilidad,CRC32,32,256,0.02,8,288,32,12.5,ERROR_DETECTED,1,0,0,0,0
B_vs_probabilidad,CRC32,32,256,0.02,6,288,32,12.5,ERROR_DETECTED,1,0,0,0,0
B_vs_probabilidad,CRC32,32,256,0.02,7,288,32,12.5,ERROR_DETECTED,1,0,0,0,0
B_vs_probabilidad,CRC32,32,256,0.02,5,288,32,12.5,ERROR_DETECTED,1,0,0,0,0
B_vs_probabilidad,CRC32,32,256,0.02,7,288,32,12.5,ERROR_DETECTED,1,0,0,0,0
B_vs_probabilidad,CRC32,32,256,0.02,3,288,32,12.5,ERROR_DETECTED,1,0,0,0,0
B_vs_probabilidad,CRC32,32,256,0.02,7,288,32,12.5,ERROR_DETECTED,1,0,0,0,0
B_vs_probabilidad,CRC32,32,256,0.02,7,288,32,12.5,ERROR_DETECTED,1,0,0,0,0
B_vs_probabilidad,CRC32,32,256,0.02,5,288,32,12.5,ERROR_DETECTED,1,0,0,0,0
B_vs_probabilidad,CRC32,32,256,0.02,6,288,32,12.5,ERROR_DETECTED,1,0,0,0,0
B_vs_probabilidad,CRC32,32,256,0.02,2,288,32,12.5,ERROR_DETECTED,1,0,0,0,0
B_vs_probabilidad,CRC32,32,256,0.02,7,288,32,12.5,ERROR_DETECTED,1,0,0,0,0
B_vs_probabilidad,CRC32,32,256,0.02,4,288,32,12.5,ERROR_DETECTED,1,0,0,0,0
B_vs_probabilidad,CRC32,32,256,0.02,5,288,32,12.5,ERROR_DETECTED,1,0,0,0,0
B_vs_probabilidad,CRC32,32,256,0.02,4,288,32,12.5,ERROR_DETECTED,1,0,0,0,0
B_vs_probabilidad,CRC32,32,256,0.02,13,288,32,12.5,ERROR_DETECTED,1,0,0,0,0
B_vs_probabilidad,CRC32,32,256,0.02,7,288,32,12.5,ERROR_DETECTED,1,0,0,0,0
B_vs_probabilidad,CRC32,32,256,0.02,4,288,32,12.5,ERROR_DETECTED,1,0,0,0,0
B_vs_probabilidad,CRC32,32,256,0.02,9,288,32,12.5,ERROR_DETECTED,1,0,0,0,0
B_vs_probabilidad,CRC32,32,256,0.02,3,288,32,12.5,ERROR_DETECTED,1,0,0,0,0
B_vs_probabilidad,CRC32,32,256,0.02,13,288,32,12.5,ERROR_DETECTED,1,0,0,0,0
B_vs_probabilidad,CRC32,32,256,0.02,4,288,32,12.5,ERROR_DETECTED,1,0,0,0,0
B_vs_probabilidad,CRC32,32,256,0.02,6,288,32,12.5,ERROR_DETECTED,1,0,0,0,0
B_vs_probabilidad,CRC32,32,256,0.02,5,288,32,12.5,ERROR_DETECTED,1,0,0,0,0
B_vs_probabilidad,CRC32,32,256,0.02,9,288,32,12.5,ERROR_DETECTED,1,0,0,0,0
B_vs_probabilidad,CRC32,32,256,0.02,8,288,32,12.5,ERROR_DETECTED,1,0,0,0,0
B_vs_probabilidad,CRC32,32,256,0.02,9,288,32,12.5,ERROR_DETECTED,1,0,0,0,0
B_vs_probabilidad,CRC32,32,256,0.02,4,288,32,12.5,ERROR_DETECTED,1,0,0,0,0
B_vs_probabilidad,CRC32,32,256,0.02,10,288,32,12.5,ERROR_DETECTED,1,0,0,0,0
B_vs_probabilidad,CRC32,32,256,0.02,4,288,32,12.5,ERROR_DETECTED,1,0,0,0,0
B_vs_probabilidad,CRC32,32,256,0.02,6,288,32,12.5,ERROR_DETECTED,1,0,0,0,0
B_vs_probabilidad,CRC32,32,256,0.02,6,288,32,12.5,ERROR_DETECTED,1,0,0,0,0
B_vs_probabilidad,CRC32,32,256,0.02,5,288,32,12.5,ERROR_DETECTED,1,0,0,0,0
B_vs_probabilidad,CRC32,32,256,0.02,5,288,32,12.5,ERROR_DETECTED,1,0,0,0,0
B_vs_probabilidad,CRC32,32,256,0.02,10,288,32,12.5,ERROR_DETECTED,1,0,0,0,0
B_vs_probabilidad,CRC32,32,256,0.02,5,288,32,12.5,ERROR_DETECTED,1,0,0,0,0
B_vs_probabilidad,CRC32,32,256,0.02,3,288,32,12.5,ERROR_DETECTED,1,0,0,0,0
B_vs_probabilidad,CRC32,32,256,0.02,5,288,32,12.5,ERROR_DETECTED,1,0,0,0,0
B_vs_probabilidad,CRC32,32,256,0.02,2,288,32,12.5,ERROR_DETECTED,1,0,0,0,0
B_vs_probabilidad,CRC32,32,256,0.02,4,288,32,12.5,ERROR_DETECTED,1,0,0,0,0
B_vs_probabilidad,CRC32,32,256,0.02,3,288,32,12.5,ERROR_DETECTED,1,0,0,0,0
B_vs_probabilidad,CRC32,32,256,0.02,6,288,32,12.5,ERROR_DETECTED,1,0,0,0,0
B_vs_probabilidad,CRC32,32,256,0.02,11,288,32,12.5,ERROR_DETECTED,1,0,0,0,0
B_vs_probabilidad,CRC32,32,256,0.02,7,288,32,12.5,ERROR_DETECTED,1,0,0,0,0
B_vs_probabilidad,CRC32,32,256,0.02,6,288,32,12.5,ERROR_DETECTED,1,0,0,0,0
B_vs_probabilidad,CRC32,32,256,0.02,5,288,32,12.5,ERROR_DETECTED,1,0,0,0,0
B_vs_probabilidad,CRC32,32,256,0.02,5,288,32,12.5,ERROR_DETECTED,1,0,0,0,0
B_vs_probabilidad,CRC32,32,256,0.02,1,288,32,12.5,ERROR_DETECTED,1,0,0,0,0
B_vs_probabilidad,CRC32,32,256,0.02,10,288,32,12.5,ERROR_DETECTED,1,0,0,0,0
B_vs_probabilidad,CRC32,32,256,0.02,7,288,32,12.5,ERROR_DETECTED,1,0,0,0,0
B_vs_probabilidad,CRC32,32,256,0.02,1,288,32,12.5,ERROR_DETECTED,1,0,0,0,0
B_vs_probabilidad,CRC32,32,256,0.02,7,288,32,12.5,ERROR_DETECTED,1,0,0,0,0
B_vs_probabilidad,CRC32,32,256,0.02,1,288,32,12.5,ERROR_DETECTED,1,0,0,0,0
B_vs_probabilidad,CRC32,32,256,0.02,3,288,32,12.5,ERROR_DETECTED,1,0,0,0,0
B_vs_probabilidad,CRC32,32,256,0.02,8,288,32,12.5,ERROR_DETECTED,1,0,0,0,0
B_vs_probabilidad,CRC32,32,256,0.02,6,288,32,12.5,ERROR_DETECTED,1,0,0,0,0
B_vs_probabilidad,CRC32,32,256,0.02,2,288,32,12.5,ERROR_DETECTED,1,0,0,0,0
B_vs_probabilidad,CRC32,32,256,0.02,6,288,32,12.5,ERROR_DETECTED,1,0,0,0,0
B_vs_probabilidad,CRC32,32,256,0.02,3,288,32,12.5,ERROR_DETECTED,1,0,0,0,0
B_vs_probabilidad,CRC32,32,256,0.02,6,288,32,12.5,ERROR_DETECTED,1,0,0,0,0
B_vs_probabilidad,CRC32,32,256,0.02,4,288,32,12.5,ERROR_DETECTED,1,0,0,0,0
B_vs_probabilidad,CRC32,32,256,0.02,5,288,32,12.5,ERROR_DETECTED,1,0,0,0,0
B_vs_probabilidad,CRC32,32,256,0.02,8,288,32,12.5,ERROR_DETECTED,1,0,0,0,0
B_vs_probabilidad,CRC32,32,256,0.02,3,288,32,12.5,ERROR_DETECTED,1,0,0,0,0
B_vs_probabilidad,CRC32,32,256,0.02,5,288,32,12.5,ERROR_DETECTED,1,0,0,0,0
B_vs_probabilidad,CRC32,32,256,0.02,9,288,32,12.5,ERROR_DETECTED,1,0,0,0,0
B_vs_probabilidad,CRC32,32,256,0.02,4,288,32,12.5,ERROR_DETECTED,1,0,0,0,0
B_vs_probabilidad,CRC32,32,256,0.02,10,288,32,12.5,ERROR_DETECTED,1,0,0,0,0
B_vs_probabilidad,CRC32,32,256,0.02,7,288,32,12.5,ERROR_DETECTED,1,0,0,0,0
B_vs_probabilidad,CRC32,32,256,0.02,2,288,32,12.5,ERROR_DETECTED,1,0,0,0,0
B_vs_probabilidad,CRC32,32,256,0.02,2,288,32,12.5,ERROR_DETECTED,1,0,0,0,0
B_vs_probabilidad,CRC32,32,256,0.02,5,288,32,12.5,ERROR_DETECTED,1,0,0,0,0
B_vs_probabilidad,CRC32,32,256,0.02,7,288,32,12.5,ERROR_DETECTED,1,0,0,0,0
B_vs_probabilidad,CRC32,32,256,0.02,3,288,32,12.5,ERROR_DETECTED,1,0,0,0,0
B_vs_probabilidad,CRC32,32,256,0.02,4,288,32,12.5,ERROR_DETECTED,1,0,0,0,0
B_vs_probabilidad,CRC32,32,256,0.02,6,288,32,12.5,ERROR_DETECTED,1,0,0,0,0
B_vs_probabilidad,CRC32,32,256,0.02,5,288,32,12.5,ERROR_DETECTED,1,0,0,0,0
B_vs_probabilidad,CRC32,32,256,0.02,5,288,32,12.5,ERROR_DETECTED,1,0,0,0,0
B_vs_probabilidad,CRC32,32,256,0.02,5,288,32,12.5,ERROR_DETECTED,1,0,0,0,0
B_vs_probabilidad,CRC32,32,256,0.02,5,288,32,12.5,ERROR_DETECTED,1,0,0,0,0
B_vs_probabilidad,CRC32,32,256,0.02,4,288,32,12.5,ERROR_DETECTED,1,0,0,0,0
B_vs_probabilidad,CRC32,32,256,0.02,5,288,32,12.5,ERROR_DETECTED,1,0,0,0,0
B_vs_probabilidad,CRC32,32,256,0.02,5,288,32,12.5,ERROR_DETECTED,1,0,0,0,0
B_vs_probabilidad,CRC32,32,256,0.02,2,288,32,12.5,ERROR_DETECTED,1,0,0,0,0
B_vs_probabilidad,CRC32,32,256,0.02,5,288,32,12.5,ERROR_DETECTED,1,0,0,0,0
B_vs_probabilidad,CRC32,32,256,0.02,5,288,32,12.5,ERROR_DETECTED,1,0,0,0,0
B_vs_probabilidad,CRC32,32,256,0.02,10,288,32,12.5,ERROR_DETECTED,1,0,0,0,0
B_vs_probabilidad,CRC32,32,256,0.02,4,288,32,12.5,ERROR_DETECTED,1,0,0,0,0
B_vs_probabilidad,CRC32,32,256,0.02,6,288,32,12.5,ERROR_DETECTED,1,0,0,0,0
B_vs_probabilidad,CRC32,32,256,0.02,5,288,32,12.5,ERROR_DETECTED,1,0,0,0,0
B_vs_probabilidad,CRC32,32,256,0.02,6,288,32,12.5,ERROR_DETECTED,1,0,0,0,0
B_vs_probabilidad,CRC32,32,256,0.02,5,288,32,12.5,ERROR_DETECTED,1,0,0,0,0
B_vs_probabilidad,CRC32,32,256,0.02,5,288,32,12.5,ERROR_DETECTED,1,0,0,0,0
B_vs_probabilidad,CRC32,32,256,0.02,5,288,32,12.5,ERROR_DETECTED,1,0,0,0,0
B_vs_probabilidad,CRC32,32,256,0.02,4,288,32,12.5,ERROR_DETECTED,1,0,0,0,0
B_vs_probabilidad,CRC32,32,256,0.02,6,288,32,12.5,ERROR_DETECTED,1,0,0,0,0
B_vs_probabilidad,CRC32,32,256,0.02,6,288,32,12.5,ERROR_DETECTED,1,0,0,0,0
B_vs_probabilidad,CRC32,32,256,0.02,6,288,32,12.5,ERROR_DETECTED,1,0,0,0,0
B_vs_probabilidad,CRC32,32,256,0.02,4,288,32,12.5,ERROR_DETECTED,1,0,0,0,0
B_vs_probabilidad,CRC32,32,256,0.02,6,288,32,12.5,ERROR_DETECTED,1,0,0,0,0
B_vs_probabilidad,CRC32,32,256,0.02,9,288,32,12.5,ERROR_DETECTED,1,0,0,0,0
B_vs_probabilidad,CRC32,32,256,0.02,2,288,32,12.5,ERROR_DETECTED,1,0,0,0,0
B_vs_probabilidad,CRC32,32,256,0.02,7,288,32,12.5,ERROR_DETECTED,1,0,0,0,0
B_vs_probabilidad,CRC32,32,256,0.05,11,288,32,12.5,ERROR_DETECTED,1,0,0,0,0
B_vs_probabilidad,CRC32,32,256,0.05,8,288,32,12.5,ERROR_DETECTED,1,0,0,0,0
B_vs_probabilidad,CRC32,32,256,0.05,15,288,32,12.5,ERROR_DETECTED,1,0,0,0,0
B_vs_probabilidad,CRC32,32,256,0.05,11,288,32,12.5,ERROR_DETECTED,1,0,0,0,0
B_vs_probabilidad,CRC32,32,256,0.05,17,288,32,12.5,ERROR_DETECTED,1,0,0,0,0
B_vs_probabilidad,CRC32,32,256,0.05,16,288,32,12.5,ERROR_DETECTED,1,0,0,0,0
B_vs_probabilidad,CRC32,32,256,0.05,7,288,32,12.5,ERROR_DETECTED,1,0,0,0,0
B_vs_probabilidad,CRC32,32,256,0.05,15,288,32,12.5,ERROR_DETECTED,1,0,0,0,0
B_vs_probabilidad,CRC32,32,256,0.05,16,288,32,12.5,ERROR_DETECTED,1,0,0,0,0
B_vs_probabilidad,CRC32,32,256,0.05,11,288,32,12.5,ERROR_DETECTED,1,0,0,0,0
B_vs_probabilidad,CRC32,32,256,0.05,20,288,32,12.5,ERROR_DETECTED,1,0,0,0,0
B_vs_probabilidad,CRC32,32,256,0.05,16,288,32,12.5,ERROR_DETECTED,1,0,0,0,0
B_vs_probabilidad,CRC32,32,256,0.05,20,288,32,12.5,ERROR_DETECTED,1,0,0,0,0
B_vs_probabilidad,CRC32,32,256,0.05,10,288,32,12.5,ERROR_DETECTED,1,0,0,0,0
B_vs_probabilidad,CRC32,32,256,0.05,11,288,32,12.5,ERROR_DETECTED,1,0,0,0,0
B_vs_probabilidad,CRC32,32,256,0.05,15,288,32,12.5,ERROR_DETECTED,1,0,0,0,0
B_vs_probabilidad,CRC32,32,256,0.05,11,288,32,12.5,ERROR_DETECTED,1,0,0,0,0
B_vs_probabilidad,CRC32,32,256,0.05,13,288,32,12.5,ERROR_DETECTED,1,0,0,0,0
B_vs_probabilidad,CRC32,32,256,0.05,9,288,32,12.5,ERROR_DETECTED,1,0,0,0,0
B_vs_probabilidad,CRC32,32,256,0.05,18,288,32,12.5,ERROR_DETECTED,1,0,0,0,0
B_vs_probabilidad,CRC32,32,256,0.05,21,288,32,12.5,ERROR_DETECTED,1,0,0,0,0
B_vs_probabilidad,CRC32,32,256,0.05,13,288,32,12.5,ERROR_DETECTED,1,0,0,0,0
B_vs_probabilidad,CRC32,32,256,0.05,22,288,32,12.5,ERROR_DETECTED,1,0,0,0,0
B_vs_probabilidad,CRC32,32,256,0.05,15,288,32,12.5,ERROR_DETECTED,1,0,0,0,0
B_vs_probabilidad,CRC32,32,256,0.05,18,288,32,12.5,ERROR_DETECTED,1,0,0,0,0
B_vs_probabilidad,CRC32,32,256,0.05,16,288,32,12.5,ERROR_DETECTED,1,0,0,0,0
B_vs_probabilidad,CRC32,32,256,0.05,15,288,32,12.5,ERROR_DETECTED,1,0,0,0,0
B_vs_probabilidad,CRC32,32,256,0.05,14,288,32,12.5,ERROR_DETECTED,1,0,0,0,0
B_vs_probabilidad,CRC32,32,256,0.05,19,288,32,12.5,ERROR_DETECTED,1,0,0,0,0
B_vs_probabilidad,CRC32,32,256,0.05,19,288,32,12.5,ERROR_DETECTED,1,0,0,0,0
B_vs_probabilidad,CRC32,32,256,0.05,12,288,32,12.5,ERROR_DETECTED,1,0,0,0,0
B_vs_probabilidad,CRC32,32,256,0.05,19,288,32,12.5,ERROR_DETECTED,1,0,0,0,0
B_vs_probabilidad,CRC32,32,256,0.05,12,288,32,12.5,ERROR_DETECTED,1,0,0,0,0
B_vs_probabilidad,CRC32,32,256,0.05,16,288,32,12.5,ERROR_DETECTED,1,0,0,0,0
B_vs_probabilidad,CRC32,32,256,0.05,15,288,32,12.5,ERROR_DETECTED,1,0,0,0,0
B_vs_probabilidad,CRC32,32,256,0.05,16,288,32,12.5,ERROR_DETECTED,1,0,0,0,0
B_vs_probabilidad,CRC32,32,256,0.05,7,288,32,12.5,ERROR_DETECTED,1,0,0,0,0
B_vs_probabilidad,CRC32,32,256,0.05,19,288,32,12.5,ERROR_DETECTED,1,0,0,0,0
B_vs_probabilidad,CRC32,32,256,0.05,17,288,32,12.5,ERROR_DETECTED,1,0,0,0,0
B_vs_probabilidad,CRC32,32,256,0.05,20,288,32,12.5,ERROR_DETECTED,1,0,0,0,0
B_vs_probabilidad,CRC32,32,256,0.05,14,288,32,12.5,ERROR_DETECTED,1,0,0,0,0
B_vs_probabilidad,CRC32,32,256,0.05,7,288,32,12.5,ERROR_DETECTED,1,0,0,0,0
B_vs_probabilidad,CRC32,32,256,0.05,18,288,32,12.5,ERROR_DETECTED,1,0,0,0,0
B_vs_probabilidad,CRC32,32,256,0.05,5,288,32,12.5,ERROR_DETECTED,1,0,0,0,0
B_vs_probabilidad,CRC32,32,256,0.05,20,288,32,12.5,ERROR_DETECTED,1,0,0,0,0
B_vs_probabilidad,CRC32,32,256,0.05,12,288,32,12.5,ERROR_DETECTED,1,0,0,0,0
B_vs_probabilidad,CRC32,32,256,0.05,17,288,32,12.5,ERROR_DETECTED,1,0,0,0,0
B_vs_probabilidad,CRC32,32,256,0.05,11,288,32,12.5,ERROR_DETECTED,1,0,0,0,0
B_vs_probabilidad,CRC32,32,256,0.05,14,288,32,12.5,ERROR_DETECTED,1,0,0,0,0
B_vs_probabilidad,CRC32,32,256,0.05,12,288,32,12.5,ERROR_DETECTED,1,0,0,0,0
B_vs_probabilidad,CRC32,32,256,0.05,8,288,32,12.5,ERROR_DETECTED,1,0,0,0,0
B_vs_probabilidad,CRC32,32,256,0.05,9,288,32,12.5,ERROR_DETECTED,1,0,0,0,0
B_vs_probabilidad,CRC32,32,256,0.05,14,288,32,12.5,ERROR_DETECTED,1,0,0,0,0
B_vs_probabilidad,CRC32,32,256,0.05,9,288,32,12.5,ERROR_DETECTED,1,0,0,0,0
B_vs_probabilidad,CRC32,32,256,0.05,11,288,32,12.5,ERROR_DETECTED,1,0,0,0,0
B_vs_probabilidad,CRC32,32,256,0.05,13,288,32,12.5,ERROR_DETECTED,1,0,0,0,0
B_vs_probabilidad,CRC32,32,256,0.05,17,288,32,12.5,ERROR_DETECTED,1,0,0,0,0
B_vs_probabilidad,CRC32,32,256,0.05,16,288,32,12.5,ERROR_DETECTED,1,0,0,0,0
B_vs_probabilidad,CRC32,32,256,0.05,15,288,32,12.5,ERROR_DETECTED,1,0,0,0,0
B_vs_probabilidad,CRC32,32,256,0.05,14,288,32,12.5,ERROR_DETECTED,1,0,0,0,0
B_vs_probabilidad,CRC32,32,256,0.05,15,288,32,12.5,ERROR_DETECTED,1,0,0,0,0
B_vs_probabilidad,CRC32,32,256,0.05,14,288,32,12.5,ERROR_DETECTED,1,0,0,0,0
B_vs_probabilidad,CRC32,32,256,0.05,11,288,32,12.5,ERROR_DETECTED,1,0,0,0,0
B_vs_probabilidad,CRC32,32,256,0.05,14,288,32,12.5,ERROR_DETECTED,1,0,0,0,0
B_vs_probabilidad,CRC32,32,256,0.05,22,288,32,12.5,ERROR_DETECTED,1,0,0,0,0
B_vs_probabilidad,CRC32,32,256,0.05,15,288,32,12.5,ERROR_DETECTED,1,0,0,0,0
B_vs_probabilidad,CRC32,32,256,0.05,15,288,32,12.5,ERROR_DETECTED,1,0,0,0,0
B_vs_probabilidad,CRC32,32,256,0.05,16,288,32,12.5,ERROR_DETECTED,1,0,0,0,0
B_vs_probabilidad,CRC32,32,256,0.05,18,288,32,12.5,ERROR_DETECTED,1,0,0,0,0
B_vs_probabilidad,CRC32,32,256,0.05,20,288,32,12.5,ERROR_DETECTED,1,0,0,0,0
B_vs_probabilidad,CRC32,32,256,0.05,15,288,32,12.5,ERROR_DETECTED,1,0,0,0,0
B_vs_probabilidad,CRC32,32,256,0.05,11,288,32,12.5,ERROR_DETECTED,1,0,0,0,0
B_vs_probabilidad,CRC32,32,256,0.05,13,288,32,12.5,ERROR_DETECTED,1,0,0,0,0
B_vs_probabilidad,CRC32,32,256,0.05,11,288,32,12.5,ERROR_DETECTED,1,0,0,0,0
B_vs_probabilidad,CRC32,32,256,0.05,16,288,32,12.5,ERROR_DETECTED,1,0,0,0,0
B_vs_probabilidad,CRC32,32,256,0.05,21,288,32,12.5,ERROR_DETECTED,1,0,0,0,0
B_vs_probabilidad,CRC32,32,256,0.05,9,288,32,12.5,ERROR_DETECTED,1,0,0,0,0
B_vs_probabilidad,CRC32,32,256,0.05,10,288,32,12.5,ERROR_DETECTED,1,0,0,0,0
B_vs_probabilidad,CRC32,32,256,0.05,19,288,32,12.5,ERROR_DETECTED,1,0,0,0,0
B_vs_probabilidad,CRC32,32,256,0.05,9,288,32,12.5,ERROR_DETECTED,1,0,0,0,0
B_vs_probabilidad,CRC32,32,256,0.05,15,288,32,12.5,ERROR_DETECTED,1,0,0,0,0
B_vs_probabilidad,CRC32,32,256,0.05,11,288,32,12.5,ERROR_DETECTED,1,0,0,0,0
B_vs_probabilidad,CRC32,32,256,0.05,14,288,32,12.5,ERROR_DETECTED,1,0,0,0,0
B_vs_probabilidad,CRC32,32,256,0.05,21,288,32,12.5,ERROR_DETECTED,1,0,0,0,0
B_vs_probabilidad,CRC32,32,256,0.05,13,288,32,12.5,ERROR_DETECTED,1,0,0,0,0
B_vs_probabilidad,CRC32,32,256,0.05,16,288,32,12.5,ERROR_DETECTED,1,0,0,0,0
B_vs_probabilidad,CRC32,32,256,0.05,12,288,32,12.5,ERROR_DETECTED,1,0,0,0,0
B_vs_probabilidad,CRC32,32,256,0.05,13,288,32,12.5,ERROR_DETECTED,1,0,0,0,0
B_vs_probabilidad,CRC32,32,256,0.05,21,288,32,12.5,ERROR_DETECTED,1,0,0,0,0
B_vs_probabilidad,CRC32,32,256,0.05,19,288,32,12.5,ERROR_DETECTED,1,0,0,0,0
B_vs_probabilidad,CRC32,32,256,0.05,10,288,32,12.5,ERROR_DETECTED,1,0,0,0,0
B_vs_probabilidad,CRC32,32,256,0.05,10,288,32,12.5,ERROR_DETECTED,1,0,0,0,0
B_vs_probabilidad,CRC32,32,256,0.05,13,288,32,12.5,ERROR_DETECTED,1,0,0,0,0
B_vs_probabilidad,CRC32,32,256,0.05,20,288,32,12.5,ERROR_DETECTED,1,0,0,0,0
B_vs_probabilidad,CRC32,32,256,0.05,21,288,32,12.5,ERROR_DETECTED,1,0,0,0,0
B_vs_probabilidad,CRC32,32,256,0.05,13,288,32,12.5,ERROR_DETECTED,1,0,0,0,0
B_vs_probabilidad,CRC32,32,256,0.05,17,288,32,12.5,ERROR_DETECTED,1,0,0,0,0
B_vs_probabilidad,CRC32,32,256,0.05,13,288,32,12.5,ERROR_DETECTED,1,0,0,0,0
B_vs_probabilidad,CRC32,32,256,0.05,8,288,32,12.5,ERROR_DETECTED,1,0,0,0,0
B_vs_probabilidad,CRC32,32,256,0.05,15,288,32,12.5,ERROR_DETECTED,1,0,0,0,0
B_vs_probabilidad,CRC32,32,256,0.05,11,288,32,12.5,ERROR_DETECTED,1,0,0,0,0
B_vs_probabilidad,CRC32,32,256,0.05,16,288,32,12.5,ERROR_DETECTED,1,0,0,0,0
B_vs_probabilidad,CRC32,32,256,0.05,14,288,32,12.5,ERROR_DETECTED,1,0,0,0,0
B_vs_probabilidad,CRC32,32,256,0.05,15,288,32,12.5,ERROR_DETECTED,1,0,0,0,0
B_vs_probabilidad,CRC32,32,256,0.05,16,288,32,12.5,ERROR_DETECTED,1,0,0,0,0
B_vs_probabilidad,CRC32,32,256,0.05,11,288,32,12.5,ERROR_DETECTED,1,0,0,0,0
B_vs_probabilidad,CRC32,32,256,0.05,18,288,32,12.5,ERROR_DETECTED,1,0,0,0,0
B_vs_probabilidad,CRC32,32,256,0.05,13,288,32,12.5,ERROR_DETECTED,1,0,0,0,0
B_vs_probabilidad,CRC32,32,256,0.05,17,288,32,12.5,ERROR_DETECTED,1,0,0,0,0
B_vs_probabilidad,CRC32,32,256,0.05,16,288,32,12.5,ERROR_DETECTED,1,0,0,0,0
B_vs_probabilidad,CRC32,32,256,0.05,11,288,32,12.5,ERROR_DETECTED,1,0,0,0,0
B_vs_probabilidad,CRC32,32,256,0.05,10,288,32,12.5,ERROR_DETECTED,1,0,0,0,0
B_vs_probabilidad,CRC32,32,256,0.05,16,288,32,12.5,ERROR_DETECTED,1,0,0,0,0
B_vs_probabilidad,CRC32,32,256,0.05,13,288,32,12.5,ERROR_DETECTED,1,0,0,0,0
B_vs_probabilidad,CRC32,32,256,0.05,13,288,32,12.5,ERROR_DETECTED,1,0,0,0,0
B_vs_probabilidad,CRC32,32,256,0.05,12,288,32,12.5,ERROR_DETECTED,1,0,0,0,0
B_vs_probabilidad,CRC32,32,256,0.05,14,288,32,12.5,ERROR_DETECTED,1,0,0,0,0
B_vs_probabilidad,CRC32,32,256,0.05,9,288,32,12.5,ERROR_DETECTED,1,0,0,0,0
B_vs_probabilidad,CRC32,32,256,0.05,14,288,32,12.5,ERROR_DETECTED,1,0,0,0,0
B_vs_probabilidad,CRC32,32,256,0.05,18,288,32,12.5,ERROR_DETECTED,1,0,0,0,0
B_vs_probabilidad,CRC32,32,256,0.05,16,288,32,12.5,ERROR_DETECTED,1,0,0,0,0
B_vs_probabilidad,CRC32,32,256,0.05,12,288,32,12.5,ERROR_DETECTED,1,0,0,0,0
B_vs_probabilidad,CRC32,32,256,0.05,15,288,32,12.5,ERROR_DETECTED,1,0,0,0,0
B_vs_probabilidad,CRC32,32,256,0.05,13,288,32,12.5,ERROR_DETECTED,1,0,0,0,0
B_vs_probabilidad,CRC32,32,256,0.05,15,288,32,12.5,ERROR_DETECTED,1,0,0,0,0
B_vs_probabilidad,CRC32,32,256,0.05,24,288,32,12.5,ERROR_DETECTED,1,0,0,0,0
B_vs_probabilidad,CRC32,32,256,0.05,20,288,32,12.5,ERROR_DETECTED,1,0,0,0,0
B_vs_probabilidad,CRC32,32,256,0.05,13,288,32,12.5,ERROR_DETECTED,1,0,0,0,0
B_vs_probabilidad,CRC32,32,256,0.05,15,288,32,12.5,ERROR_DETECTED,1,0,0,0,0
B_vs_probabilidad,CRC32,32,256,0.05,14,288,32,12.5,ERROR_DETECTED,1,0,0,0,0
B_vs_probabilidad,CRC32,32,256,0.05,12,288,32,12.5,ERROR_DETECTED,1,0,0,0,0
B_vs_probabilidad,CRC32,32,256,0.05,6,288,32,12.5,ERROR_DETECTED,1,0,0,0,0
B_vs_probabilidad,CRC32,32,256,0.05,7,288,32,12.5,ERROR_DETECTED,1,0,0,0,0
B_vs_probabilidad,CRC32,32,256,0.05,19,288,32,12.5,ERROR_DETECTED,1,0,0,0,0
B_vs_probabilidad,CRC32,32,256,0.05,20,288,32,12.5,ERROR_DETECTED,1,0,0,0,0
B_vs_probabilidad,CRC32,32,256,0.05,15,288,32,12.5,ERROR_DETECTED,1,0,0,0,0
B_vs_probabilidad,CRC32,32,256,0.05,15,288,32,12.5,ERROR_DETECTED,1,0,0,0,0
B_vs_probabilidad,CRC32,32,256,0.05,12,288,32,12.5,ERROR_DETECTED,1,0,0,0,0
B_vs_probabilidad,CRC32,32,256,0.05,12,288,32,12.5,ERROR_DETECTED,1,0,0,0,0
B_vs_probabilidad,CRC32,32,256,0.05,16,288,32,12.5,ERROR_DETECTED,1,0,0,0,0
B_vs_probabilidad,CRC32,32,256,0.05,15,288,32,12.5,ERROR_DETECTED,1,0,0,0,0
B_vs_probabilidad,CRC32,32,256,0.05,14,288,32,12.5,ERROR_DETECTED,1,0,0,0,0
B_vs_probabilidad,CRC32,32,256,0.05,21,288,32,12.5,ERROR_DETECTED,1,0,0,0,0
B_vs_probabilidad,CRC32,32,256,0.05,12,288,32,12.5,ERROR_DETECTED,1,0,0,0,0
B_vs_probabilidad,CRC32,32,256,0.05,13,288,32,12.5,ERROR_DETECTED,1,0,0,0,0
B_vs_probabilidad,CRC32,32,256,0.05,13,288,32,12.5,ERROR_DETECTED,1,0,0,0,0
B_vs_probabilidad,CRC32,32,256,0.05,19,288,32,12.5,ERROR_DETECTED,1,0,0,0,0
B_vs_probabilidad,CRC32,32,256,0.05,14,288,32,12.5,ERROR_DETECTED,1,0,0,0,0
B_vs_probabilidad,CRC32,32,256,0.05,11,288,32,12.5,ERROR_DETECTED,1,0,0,0,0
B_vs_probabilidad,CRC32,32,256,0.05,15,288,32,12.5,ERROR_DETECTED,1,0,0,0,0
B_vs_probabilidad,CRC32,32,256,0.05,18,288,32,12.5,ERROR_DETECTED,1,0,0,0,0
B_vs_probabilidad,CRC32,32,256,0.05,21,288,32,12.5,ERROR_DETECTED,1,0,0,0,0
B_vs_probabilidad,CRC32,32,256,0.05,17,288,32,12.5,ERROR_DETECTED,1,0,0,0,0
B_vs_probabilidad,CRC32,32,256,0.05,14,288,32,12.5,ERROR_DETECTED,1,0,0,0,0
B_vs_probabilidad,CRC32,32,256,0.05,13,288,32,12.5,ERROR_DETECTED,1,0,0,0,0
B_vs_probabilidad,CRC32,32,256,0.05,18,288,32,12.5,ERROR_DETECTED,1,0,0,0,0
B_vs_probabilidad,CRC32,32,256,0.05,15,288,32,12.5,ERROR_DETECTED,1,0,0,0,0
B_vs_probabilidad,CRC32,32,256,0.05,14,288,32,12.5,ERROR_DETECTED,1,0,0,0,0
B_vs_probabilidad,CRC32,32,256,0.05,12,288,32,12.5,ERROR_DETECTED,1,0,0,0,0
B_vs_probabilidad,CRC32,32,256,0.05,21,288,32,12.5,ERROR_DETECTED,1,0,0,0,0
B_vs_probabilidad,CRC32,32,256,0.05,30,288,32,12.5,ERROR_DETECTED,1,0,0,0,0
B_vs_probabilidad,CRC32,32,256,0.05,16,288,32,12.5,ERROR_DETECTED,1,0,0,0,0
B_vs_probabilidad,CRC32,32,256,0.05,17,288,32,12.5,ERROR_DETECTED,1,0,0,0,0
B_vs_probabilidad,CRC32,32,256,0.05,15,288,32,12.5,ERROR_DETECTED,1,0,0,0,0
B_vs_probabilidad,CRC32,32,256,0.05,14,288,32,12.5,ERROR_DETECTED,1,0,0,0,0
B_vs_probabilidad,CRC32,32,256,0.05,11,288,32,12.5,ERROR_DETECTED,1,0,0,0,0
B_vs_probabilidad,CRC32,32,256,0.05,14,288,32,12.5,ERROR_DETECTED,1,0,0,0,0
B_vs_probabilidad,CRC32,32,256,0.05,15,288,32,12.5,ERROR_DETECTED,1,0,0,0,0
B_vs_probabilidad,CRC32,32,256,0.05,19,288,32,12.5,ERROR_DETECTED,1,0,0,0,0
B_vs_probabilidad,CRC32,32,256,0.05,18,288,32,12.5,ERROR_DETECTED,1,0,0,0,0
B_vs_probabilidad,CRC32,32,256,0.05,14,288,32,12.5,ERROR_DETECTED,1,0,0,0,0
B_vs_probabilidad,CRC32,32,256,0.05,16,288,32,12.5,ERROR_DETECTED,1,0,0,0,0
B_vs_probabilidad,CRC32,32,256,0.05,8,288,32,12.5,ERROR_DETECTED,1,0,0,0,0
B_vs_probabilidad,CRC32,32,256,0.05,18,288,32,12.5,ERROR_DETECTED,1,0,0,0,0
B_vs_probabilidad,CRC32,32,256,0.05,19,288,32,12.5,ERROR_DETECTED,1,0,0,0,0
B_vs_probabilidad,CRC32,32,256,0.05,8,288,32,12.5,ERROR_DETECTED,1,0,0,0,0
B_vs_probabilidad,CRC32,32,256,0.05,21,288,32,12.5,ERROR_DETECTED,1,0,0,0,0
B_vs_probabilidad,CRC32,32,256,0.05,16,288,32,12.5,ERROR_DETECTED,1,0,0,0,0
B_vs_probabilidad,CRC32,32,256,0.05,10,288,32,12.5,ERROR_DETECTED,1,0,0,0,0
B_vs_probabilidad,CRC32,32,256,0.05,14,288,32,12.5,ERROR_DETECTED,1,0,0,0,0
B_vs_probabilidad,CRC32,32,256,0.05,15,288,32,12.5,ERROR_DETECTED,1,0,0,0,0
B_vs_probabilidad,CRC32,32,256,0.05,13,288,32,12.5,ERROR_DETECTED,1,0,0,0,0
B_vs_probabilidad,CRC32,32,256,0.05,12,288,32,12.5,ERROR_DETECTED,1,0,0,0,0
B_vs_probabilidad,CRC32,32,256,0.05,16,288,32,12.5,ERROR_DETECTED,1,0,0,0,0
B_vs_probabilidad,CRC32,32,256,0.05,10,288,32,12.5,ERROR_DETECTED,1,0,0,0,0
B_vs_probabilidad,CRC32,32,256,0.05,12,288,32,12.5,ERROR_DETECTED,1,0,0,0,0
B_vs_probabilidad,CRC32,32,256,0.05,19,288,32,12.5,ERROR_DETECTED,1,0,0,0,0
B_vs_probabilidad,CRC32,32,256,0.05,18,288,32,12.5,ERROR_DETECTED,1,0,0,0,0
B_vs_probabilidad,CRC32,32,256,0.05,9,288,32,12.5,ERROR_DETECTED,1,0,0,0,0
B_vs_probabilidad,CRC32,32,256,0.05,13,288,32,12.5,ERROR_DETECTED,1,0,0,0,0
B_vs_probabilidad,CRC32,32,256,0.05,13,288,32,12.5,ERROR_DETECTED,1,0,0,0,0
B_vs_probabilidad,CRC32,32,256,0.05,8,288,32,12.5,ERROR_DETECTED,1,0,0,0,0
B_vs_probabilidad,CRC32,32,256,0.05,9,288,32,12.5,ERROR_DETECTED,1,0,0,0,0
B_vs_probabilidad,CRC32,32,256,0.05,17,288,32,12.5,ERROR_DETECTED,1,0,0,0,0
B_vs_probabilidad,CRC32,32,256,0.05,22,288,32,12.5,ERROR_DETECTED,1,0,0,0,0
B_vs_probabilidad,CRC32,32,256,0.05,19,288,32,12.5,ERROR_DETECTED,1,0,0,0,0
B_vs_probabilidad,CRC32,32,256,0.05,15,288,32,12.5,ERROR_DETECTED,1,0,0,0,0
B_vs_probabilidad,CRC32,32,256,0.05,11,288,32,12.5,ERROR_DETECTED,1,0,0,0,0
B_vs_probabilidad,CRC32,32,256,0.05,16,288,32,12.5,ERROR_DETECTED,1,0,0,0,0
B_vs_probabilidad,CRC32,32,256,0.05,14,288,32,12.5,ERROR_DETECTED,1,0,0,0,0
B_vs_probabilidad,CRC32,32,256,0.08,19,288,32,12.5,ERROR_DETECTED,1,0,0,0,0
B_vs_probabilidad,CRC32,32,256,0.08,24,288,32,12.5,ERROR_DETECTED,1,0,0,0,0
B_vs_probabilidad,CRC32,32,256,0.08,25,288,32,12.5,ERROR_DETECTED,1,0,0,0,0
B_vs_probabilidad,CRC32,32,256,0.08,19,288,32,12.5,ERROR_DETECTED,1,0,0,0,0
B_vs_probabilidad,CRC32,32,256,0.08,11,288,32,12.5,ERROR_DETECTED,1,0,0,0,0
B_vs_probabilidad,CRC32,32,256,0.08,15,288,32,12.5,ERROR_DETECTED,1,0,0,0,0
B_vs_probabilidad,CRC32,32,256,0.08,22,288,32,12.5,ERROR_DETECTED,1,0,0,0,0
B_vs_probabilidad,CRC32,32,256,0.08,22,288,32,12.5,ERROR_DETECTED,1,0,0,0,0
B_vs_probabilidad,CRC32,32,256,0.08,27,288,32,12.5,ERROR_DETECTED,1,0,0,0,0
B_vs_probabilidad,CRC32,32,256,0.08,26,288,32,12.5,ERROR_DETECTED,1,0,0,0,0
B_vs_probabilidad,CRC32,32,256,0.08,20,288,32,12.5,ERROR_DETECTED,1,0,0,0,0
B_vs_probabilidad,CRC32,32,256,0.08,22,288,32,12.5,ERROR_DETECTED,1,0,0,0,0
B_vs_probabilidad,CRC32,32,256,0.08,26,288,32,12.5,ERROR_DETECTED,1,0,0,0,0
B_vs_probabilidad,CRC32,32,256,0.08,19,288,32,12.5,ERROR_DETECTED,1,0,0,0,0
B_vs_probabilidad,CRC32,32,256,0.08,17,288,32,12.5,ERROR_DETECTED,1,0,0,0,0
B_vs_probabilidad,CRC32,32,256,0.08,24,288,32,12.5,ERROR_DETECTED,1,0,0,0,0
B_vs_probabilidad,CRC32,32,256,0.08,32,288,32,12.5,ERROR_DETECTED,1,0,0,0,0
B_vs_probabilidad,CRC32,32,256,0.08,22,288,32,12.5,ERROR_DETECTED,1,0,0,0,0
B_vs_probabilidad,CRC32,32,256,0.08,13,288,32,12.5,ERROR_DETECTED,1,0,0,0,0
B_vs_probabilidad,CRC32,32,256,0.08,28,288,32,12.5,ERROR_DETECTED,1,0,0,0,0
B_vs_probabilidad,CRC32,32,256,0.08,17,288,32,12.5,ERROR_DETECTED,1,0,0,0,0
B_vs_probabilidad,CRC32,32,256,0.08,17,288,32,12.5,ERROR_DETECTED,1,0,0,0,0
B_vs_probabilidad,CRC32,32,256,0.08,23,288,32,12.5,ERROR_DETECTED,1,0,0,0,0
B_vs_probabilidad,CRC32,32,256,0.08,19,288,32,12.5,ERROR_DETECTED,1,0,0,0,0
B_vs_probabilidad,CRC32,32,256,0.08,24,288,32,12.5,ERROR_DETECTED,1,0,0,0,0
B_vs_probabilidad,CRC32,32,256,0.08,16,288,32,12.5,ERROR_DETECTED,1,0,0,0,0
B_vs_probabilidad,CRC32,32,256,0.08,35,288,32,12.5,ERROR_DETECTED,1,0,0,0,0
B_vs_probabilidad,CRC32,32,256,0.08,16,288,32,12.5,ERROR_DETECTED,1,0,0,0,0
B_vs_probabilidad,CRC32,32,256,0.08,12,288,32,12.5,ERROR_DETECTED,1,0,0,0,0
B_vs_probabilidad,CRC32,32,256,0.08,22,288,32,12.5,ERROR_DETECTED,1,0,0,0,0
B_vs_probabilidad,CRC32,32,256,0.08,36,288,32,12.5,ERROR_DETECTED,1,0,0,0,0
B_vs_probabilidad,CRC32,32,256,0.08,28,288,32,12.5,ERROR_DETECTED,1,0,0,0,0
B_vs_probabilidad,CRC32,32,256,0.08,33,288,32,12.5,ERROR_DETECTED,1,0,0,0,0
B_vs_probabilidad,CRC32,32,256,0.08,24,288,32,12.5,ERROR_DETECTED,1,0,0,0,0
B_vs_probabilidad,CRC32,32,256,0.08,24,288,32,12.5,ERROR_DETECTED,1,0,0,0,0
B_vs_probabilidad,CRC32,32,256,0.08,26,288,32,12.5,ERROR_DETECTED,1,0,0,0,0
B_vs_probabilidad,CRC32,32,256,0.08,20,288,32,12.5,ERROR_DETECTED,1,0,0,0,0
B_vs_probabilidad,CRC32,32,256,0.08,24,288,32,12.5,ERROR_DETECTED,1,0,0,0,0
B_vs_probabilidad,CRC32,32,256,0.08,23,288,32,12.5,ERROR_DETECTED,1,0,0,0,0
B_vs_probabilidad,CRC32,32,256,0.08,18,288,32,12.5,ERROR_DETECTED,1,0,0,0,0
B_vs_probabilidad,CRC32,32,256,0.08,16,288,32,12.5,ERROR_DETECTED,1,0,0,0,0
B_vs_probabilidad,CRC32,32,256,0.08,20,288,32,12.5,ERROR_DETECTED,1,0,0,0,0
B_vs_probabilidad,CRC32,32,256,0.08,25,288,32,12.5,ERROR_DETECTED,1,0,0,0,0
B_vs_probabilidad,CRC32,32,256,0.08,13,288,32,12.5,ERROR_DETECTED,1,0,0,0,0
B_vs_probabilidad,CRC32,32,256,0.08,28,288,32,12.5,ERROR_DETECTED,1,0,0,0,0
B_vs_probabilidad,CRC32,32,256,0.08,16,288,32,12.5,ERROR_DETECTED,1,0,0,0,0
B_vs_probabilidad,CRC32,32,256,0.08,20,288,32,12.5,ERROR_DETECTED,1,0,0,0,0
B_vs_probabilidad,CRC32,32,256,0.08,22,288,32,12.5,ERROR_DETECTED,1,0,0,0,0
B_vs_probabilidad,CRC32,32,256,0.08,18,288,32,12.5,ERROR_DETECTED,1,0,0,0,0
B_vs_probabilidad,CRC32,32,256,0.08,25,288,32,12.5,ERROR_DETECTED,1,0,0,0,0
B_vs_probabilidad,CRC32,32,256,0.08,33,288,32,12.5,ERROR_DETECTED,1,0,0,0,0
B_vs_probabilidad,CRC32,32,256,0.08,23,288,32,12.5,ERROR_DETECTED,1,0,0,0,0
B_vs_probabilidad,CRC32,32,256,0.08,28,288,32,12.5,ERROR_DETECTED,1,0,0,0,0
B_vs_probabilidad,CRC32,32,256,0.08,11,288,32,12.5,ERROR_DETECTED,1,0,0,0,0
B_vs_probabilidad,CRC32,32,256,0.08,24,288,32,12.5,ERROR_DETECTED,1,0,0,0,0
B_vs_probabilidad,CRC32,32,256,0.08,20,288,32,12.5,ERROR_DETECTED,1,0,0,0,0
B_vs_probabilidad,CRC32,32,256,0.08,21,288,32,12.5,ERROR_DETECTED,1,0,0,0,0
B_vs_probabilidad,CRC32,32,256,0.08,23,288,32,12.5,ERROR_DETECTED,1,0,0,0,0
B_vs_probabilidad,CRC32,32,256,0.08,22,288,32,12.5,ERROR_DETECTED,1,0,0,0,0
B_vs_probabilidad,CRC32,32,256,0.08,18,288,32,12.5,ERROR_DETECTED,1,0,0,0,0
B_vs_probabilidad,CRC32,32,256,0.08,30,288,32,12.5,ERROR_DETECTED,1,0,0,0,0
B_vs_probabilidad,CRC32,32,256,0.08,24,288,32,12.5,ERROR_DETECTED,1,0,0,0,0
B_vs_probabilidad,CRC32,32,256,0.08,29,288,32,12.5,ERROR_DETECTED,1,0,0,0,0
B_vs_probabilidad,CRC32,32,256,0.08,28,288,32,12.5,ERROR_DETECTED,1,0,0,0,0
B_vs_probabilidad,CRC32,32,256,0.08,30,288,32,12.5,ERROR_DETECTED,1,0,0,0,0
B_vs_probabilidad,CRC32,32,256,0.08,21,288,32,12.5,ERROR_DETECTED,1,0,0,0,0
B_vs_probabilidad,CRC32,32,256,0.08,23,288,32,12.5,ERROR_DETECTED,1,0,0,0,0
B_vs_probabilidad,CRC32,32,256,0.08,26,288,32,12.5,ERROR_DETECTED,1,0,0,0,0
B_vs_probabilidad,CRC32,32,256,0.08,22,288,32,12.5,ERROR_DETECTED,1,0,0,0,0
B_vs_probabilidad,CRC32,32,256,0.08,21,288,32,12.5,ERROR_DETECTED,1,0,0,0,0
B_vs_probabilidad,CRC32,32,256,0.08,21,288,32,12.5,ERROR_DETECTED,1,0,0,0,0
B_vs_probabilidad,CRC32,32,256,0.08,15,288,32,12.5,ERROR_DETECTED,1,0,0,0,0
B_vs_probabilidad,CRC32,32,256,0.08,28,288,32,12.5,ERROR_DETECTED,1,0,0,0,0
B_vs_probabilidad,CRC32,32,256,0.08,22,288,32,12.5,ERROR_DETECTED,1,0,0,0,0
B_vs_probabilidad,CRC32,32,256,0.08,17,288,32,12.5,ERROR_DETECTED,1,0,0,0,0
B_vs_probabilidad,CRC32,32,256,0.08,22,288,32,12.5,ERROR_DETECTED,1,0,0,0,0
B_vs_probabilidad,CRC32,32,256,0.08,23,288,32,12.5,ERROR_DETECTED,1,0,0,0,0
B_vs_probabilidad,CRC32,32,256,0.08,23,288,32,12.5,ERROR_DETECTED,1,0,0,0,0
B_vs_probabilidad,CRC32,32,256,0.08,20,288,32,12.5,ERROR_DETECTED,1,0,0,0,0
B_vs_probabilidad,CRC32,32,256,0.08,30,288,32,12.5,ERROR_DETECTED,1,0,0,0,0
B_vs_probabilidad,CRC32,32,256,0.08,24,288,32,12.5,ERROR_DETECTED,1,0,0,0,0
B_vs_probabilidad,CRC32,32,256,0.08,24,288,32,12.5,ERROR_DETECTED,1,0,0,0,0
B_vs_probabilidad,CRC32,32,256,0.08,22,288,32,12.5,ERROR_DETECTED,1,0,0,0,0
B_vs_probabilidad,CRC32,32,256,0.08,27,288,32,12.5,ERROR_DETECTED,1,0,0,0,0
B_vs_probabilidad,CRC32,32,256,0.08,22,288,32,12.5,ERROR_DETECTED,1,0,0,0,0
B_vs_probabilidad,CRC32,32,256,0.08,24,288,32,12.5,ERROR_DETECTED,1,0,0,0,0
B_vs_probabilidad,CRC32,32,256,0.08,19,288,32,12.5,ERROR_DETECTED,1,0,0,0,0
B_vs_probabilidad,CRC32,32,256,0.08,20,288,32,12.5,ERROR_DETECTED,1,0,0,0,0
B_vs_probabilidad,CRC32,32,256,0.08,20,288,32,12.5,ERROR_DETECTED,1,0,0,0,0
B_vs_probabilidad,CRC32,32,256,0.08,21,288,32,12.5,ERROR_DETECTED,1,0,0,0,0
B_vs_probabilidad,CRC32,32,256,0.08,20,288,32,12.5,ERROR_DETECTED,1,0,0,0,0
B_vs_probabilidad,CRC32,32,256,0.08,25,288,32,12.5,ERROR_DETECTED,1,0,0,0,0
B_vs_probabilidad,CRC32,32,256,0.08,14,288,32,12.5,ERROR_DETECTED,1,0,0,0,0
B_vs_probabilidad,CRC32,32,256,0.08,24,288,32,12.5,ERROR_DETECTED,1,0,0,0,0
B_vs_probabilidad,CRC32,32,256,0.08,22,288,32,12.5,ERROR_DETECTED,1,0,0,0,0
B_vs_probabilidad,CRC32,32,256,0.08,21,288,32,12.5,ERROR_DETECTED,1,0,0,0,0
B_vs_probabilidad,CRC32,32,256,0.08,24,288,32,12.5,ERROR_DETECTED,1,0,0,0,0
B_vs_probabilidad,CRC32,32,256,0.08,33,288,32,12.5,ERROR_DETECTED,1,0,0,0,0
B_vs_probabilidad,CRC32,32,256,0.08,22,288,32,12.5,ERROR_DETECTED,1,0,0,0,0
B_vs_probabilidad,CRC32,32,256,0.08,21,288,32,12.5,ERROR_DETECTED,1,0,0,0,0
B_vs_probabilidad,CRC32,32,256,0.08,21,288,32,12.5,ERROR_DETECTED,1,0,0,0,0
B_vs_probabilidad,CRC32,32,256,0.08,26,288,32,12.5,ERROR_DETECTED,1,0,0,0,0
B_vs_probabilidad,CRC32,32,256,0.08,35,288,32,12.5,ERROR_DETECTED,1,0,0,0,0
B_vs_probabilidad,CRC32,32,256,0.08,16,288,32,12.5,ERROR_DETECTED,1,0,0,0,0
B_vs_probabilidad,CRC32,32,256,0.08,18,288,32,12.5,ERROR_DETECTED,1,0,0,0,0
B_vs_probabilidad,CRC32,32,256,0.08,21,288,32,12.5,ERROR_DETECTED,1,0,0,0,0
B_vs_probabilidad,CRC32,32,256,0.08,23,288,32,12.5,ERROR_DETECTED,1,0,0,0,0
B_vs_probabilidad,CRC32,32,256,0.08,23,288,32,12.5,ERROR_DETECTED,1,0,0,0,0
B_vs_probabilidad,CRC32,32,256,0.08,20,288,32,12.5,ERROR_DETECTED,1,0,0,0,0
B_vs_probabilidad,CRC32,32,256,0.08,28,288,32,12.5,ERROR_DETECTED,1,0,0,0,0
B_vs_probabilidad,CRC32,32,256,0.08,24,288,32,12.5,ERROR_DETECTED,1,0,0,0,0
B_vs_probabilidad,CRC32,32,256,0.08,32,288,32,12.5,ERROR_DETECTED,1,0,0,0,0
B_vs_probabilidad,CRC32,32,256,0.08,26,288,32,12.5,ERROR_DETECTED,1,0,0,0,0
B_vs_probabilidad,CRC32,32,256,0.08,19,288,32,12.5,ERROR_DETECTED,1,0,0,0,0
B_vs_probabilidad,CRC32,32,256,0.08,21,288,32,12.5,ERROR_DETECTED,1,0,0,0,0
B_vs_probabilidad,CRC32,32,256,0.08,24,288,32,12.5,ERROR_DETECTED,1,0,0,0,0
B_vs_probabilidad,CRC32,32,256,0.08,25,288,32,12.5,ERROR_DETECTED,1,0,0,0,0
B_vs_probabilidad,CRC32,32,256,0.08,14,288,32,12.5,ERROR_DETECTED,1,0,0,0,0
B_vs_probabilidad,CRC32,32,256,0.08,25,288,32,12.5,ERROR_DETECTED,1,0,0,0,0
B_vs_probabilidad,CRC32,32,256,0.08,23,288,32,12.5,ERROR_DETECTED,1,0,0,0,0
B_vs_probabilidad,CRC32,32,256,0.08,20,288,32,12.5,ERROR_DETECTED,1,0,0,0,0
B_vs_probabilidad,CRC32,32,256,0.08,25,288,32,12.5,ERROR_DETECTED,1,0,0,0,0
B_vs_probabilidad,CRC32,32,256,0.08,30,288,32,12.5,ERROR_DETECTED,1,0,0,0,0
B_vs_probabilidad,CRC32,32,256,0.08,19,288,32,12.5,ERROR_DETECTED,1,0,0,0,0
B_vs_probabilidad,CRC32,32,256,0.08,25,288,32,12.5,ERROR_DETECTED,1,0,0,0,0
B_vs_probabilidad,CRC32,32,256,0.08,29,288,32,12.5,ERROR_DETECTED,1,0,0,0,0
B_vs_probabilidad,CRC32,32,256,0.08,25,288,32,12.5,ERROR_DETECTED,1,0,0,0,0
B_vs_probabilidad,CRC32,32,256,0.08,20,288,32,12.5,ERROR_DETECTED,1,0,0,0,0
B_vs_probabilidad,CRC32,32,256,0.08,16,288,32,12.5,ERROR_DETECTED,1,0,0,0,0
B_vs_probabilidad,CRC32,32,256,0.08,29,288,32,12.5,ERROR_DETECTED,1,0,0,0,0
B_vs_probabilidad,CRC32,32,256,0.08,22,288,32,12.5,ERROR_DETECTED,1,0,0,0,0
B_vs_probabilidad,CRC32,32,256,0.08,35,288,32,12.5,ERROR_DETECTED,1,0,0,0,0
B_vs_probabilidad,CRC32,32,256,0.08,17,288,32,12.5,ERROR_DETECTED,1,0,0,0,0
B_vs_probabilidad,CRC32,32,256,0.08,23,288,32,12.5,ERROR_DETECTED,1,0,0,0,0
B_vs_probabilidad,CRC32,32,256,0.08,26,288,32,12.5,ERROR_DETECTED,1,0,0,0,0
B_vs_probabilidad,CRC32,32,256,0.08,18,288,32,12.5,ERROR_DETECTED,1,0,0,0,0
B_vs_probabilidad,CRC32,32,256,0.08,29,288,32,12.5,ERROR_DETECTED,1,0,0,0,0
B_vs_probabilidad,CRC32,32,256,0.08,16,288,32,12.5,ERROR_DETECTED,1,0,0,0,0
B_vs_probabilidad,CRC32,32,256,0.08,27,288,32,12.5,ERROR_DETECTED,1,0,0,0,0
B_vs_probabilidad,CRC32,32,256,0.08,25,288,32,12.5,ERROR_DETECTED,1,0,0,0,0
B_vs_probabilidad,CRC32,32,256,0.08,14,288,32,12.5,ERROR_DETECTED,1,0,0,0,0
B_vs_probabilidad,CRC32,32,256,0.08,16,288,32,12.5,ERROR_DETECTED,1,0,0,0,0
B_vs_probabilidad,CRC32,32,256,0.08,24,288,32,12.5,ERROR_DETECTED,1,0,0,0,0
B_vs_probabilidad,CRC32,32,256,0.08,22,288,32,12.5,ERROR_DETECTED,1,0,0,0,0
B_vs_probabilidad,CRC32,32,256,0.08,21,288,32,12.5,ERROR_DETECTED,1,0,0,0,0
B_vs_probabilidad,CRC32,32,256,0.08,21,288,32,12.5,ERROR_DETECTED,1,0,0,0,0
B_vs_probabilidad,CRC32,32,256,0.08,21,288,32,12.5,ERROR_DETECTED,1,0,0,0,0
B_vs_probabilidad,CRC32,32,256,0.08,15,288,32,12.5,ERROR_DETECTED,1,0,0,0,0
B_vs_probabilidad,CRC32,32,256,0.08,23,288,32,12.5,ERROR_DETECTED,1,0,0,0,0
B_vs_probabilidad,CRC32,32,256,0.08,28,288,32,12.5,ERROR_DETECTED,1,0,0,0,0
B_vs_probabilidad,CRC32,32,256,0.08,26,288,32,12.5,ERROR_DETECTED,1,0,0,0,0
B_vs_probabilidad,CRC32,32,256,0.08,24,288,32,12.5,ERROR_DETECTED,1,0,0,0,0
B_vs_probabilidad,CRC32,32,256,0.08,27,288,32,12.5,ERROR_DETECTED,1,0,0,0,0
B_vs_probabilidad,CRC32,32,256,0.08,25,288,32,12.5,ERROR_DETECTED,1,0,0,0,0
B_vs_probabilidad,CRC32,32,256,0.08,26,288,32,12.5,ERROR_DETECTED,1,0,0,0,0
B_vs_probabilidad,CRC32,32,256,0.08,18,288,32,12.5,ERROR_DETECTED,1,0,0,0,0
B_vs_probabilidad,CRC32,32,256,0.08,19,288,32,12.5,ERROR_DETECTED,1,0,0,0,0
B_vs_probabilidad,CRC32,32,256,0.08,36,288,32,12.5,ERROR_DETECTED,1,0,0,0,0
B_vs_probabilidad,CRC32,32,256,0.08,22,288,32,12.5,ERROR_DETECTED,1,0,0,0,0
B_vs_probabilidad,CRC32,32,256,0.08,14,288,32,12.5,ERROR_DETECTED,1,0,0,0,0
B_vs_probabilidad,CRC32,32,256,0.08,26,288,32,12.5,ERROR_DETECTED,1,0,0,0,0
B_vs_probabilidad,CRC32,32,256,0.08,28,288,32,12.5,ERROR_DETECTED,1,0,0,0,0
B_vs_probabilidad,CRC32,32,256,0.08,26,288,32,12.5,ERROR_DETECTED,1,0,0,0,0
B_vs_probabilidad,CRC32,32,256,0.08,24,288,32,12.5,ERROR_DETECTED,1,0,0,0,0
B_vs_probabilidad,CRC32,32,256,0.08,25,288,32,12.5,ERROR_DETECTED,1,0,0,0,0
B_vs_probabilidad,CRC32,32,256,0.08,25,288,32,12.5,ERROR_DETECTED,1,0,0,0,0
B_vs_probabilidad,CRC32,32,256,0.08,27,288,32,12.5,ERROR_DETECTED,1,0,0,0,0
B_vs_probabilidad,CRC32,32,256,0.08,20,288,32,12.5,ERROR_DETECTED,1,0,0,0,0
B_vs_probabilidad,CRC32,32,256,0.08,25,288,32,12.5,ERROR_DETECTED,1,0,0,0,0
B_vs_probabilidad,CRC32,32,256,0.08,16,288,32,12.5,ERROR_DETECTED,1,0,0,0,0
B_vs_probabilidad,CRC32,32,256,0.08,35,288,32,12.5,ERROR_DETECTED,1,0,0,0,0
B_vs_probabilidad,CRC32,32,256,0.08,32,288,32,12.5,ERROR_DETECTED,1,0,0,0,0
B_vs_probabilidad,CRC32,32,256,0.08,22,288,32,12.5,ERROR_DETECTED,1,0,0,0,0
B_vs_probabilidad,CRC32,32,256,0.08,23,288,32,12.5,ERROR_DETECTED,1,0,0,0,0
B_vs_probabilidad,CRC32,32,256,0.08,29,288,32,12.5,ERROR_DETECTED,1,0,0,0,0
B_vs_probabilidad,CRC32,32,256,0.08,24,288,32,12.5,ERROR_DETECTED,1,0,0,0,0
B_vs_probabilidad,CRC32,32,256,0.08,22,288,32,12.5,ERROR_DETECTED,1,0,0,0,0
B_vs_probabilidad,CRC32,32,256,0.08,20,288,32,12.5,ERROR_DETECTED,1,0,0,0,0
B_vs_probabilidad,CRC32,32,256,0.08,32,288,32,12.5,ERROR_DETECTED,1,0,0,0,0
B_vs_probabilidad,CRC32,32,256,0.08,30,288,32,12.5,ERROR_DETECTED,1,0,0,0,0
B_vs_probabilidad,CRC32,32,256,0.08,27,288,32,12.5,ERROR_DETECTED,1,0,0,0,0
B_vs_probabilidad,CRC32,32,256,0.08,25,288,32,12.5,ERROR_DETECTED,1,0,0,0,0
B_vs_probabilidad,CRC32,32,256,0.08,13,288,32,12.5,ERROR_DETECTED,1,0,0,0,0
B_vs_probabilidad,CRC32,32,256,0.08,22,288,32,12.5,ERROR_DETECTED,1,0,0,0,0
B_vs_probabilidad,CRC32,32,256,0.08,23,288,32,12.5,ERROR_DETECTED,1,0,0,0,0
B_vs_probabilidad,CRC32,32,256,0.08,19,288,32,12.5,ERROR_DETECTED,1,0,0,0,0
B_vs_probabilidad,CRC32,32,256,0.08,21,288,32,12.5,ERROR_DETECTED,1,0,0,0,0
B_vs_probabilidad,CRC32,32,256,0.08,17,288,32,12.5,ERROR_DETECTED,1,0,0,0,0
B_vs_probabilidad,CRC32,32,256,0.08,23,288,32,12.5,ERROR_DETECTED,1,0,0,0,0
B_vs_probabilidad,CRC32,32,256,0.08,30,288,32,12.5,ERROR_DETECTED,1,0,0,0,0
B_vs_probabilidad,CRC32,32,256,0.08,27,288,32,12.5,ERROR_DETECTED,1,0,0,0,0
B_vs_probabilidad,CRC32,32,256,0.08,21,288,32,12.5,ERROR_DETECTED,1,0,0,0,0
B_vs_probabilidad,CRC32,32,256,0.08,32,288,32,12.5,ERROR_DETECTED,1,0,0,0,0
B_vs_probabilidad,CRC32,32,256,0.08,17,288,32,12.5,ERROR_DETECTED,1,0,0,0,0
B_vs_probabilidad,CRC32,32,256,0.08,19,288,32,12.5,ERROR_DETECTED,1,0,0,0,0
B_vs_probabilidad,CRC32,32,256,0.08,20,288,32,12.5,ERROR_DETECTED,1,0,0,0,0
B_vs_probabilidad,CRC32,32,256,0.08,27,288,32,12.5,ERROR_DETECTED,1,0,0,0,0
B_vs_probabilidad,CRC32,32,256,0.08,27,288,32,12.5,ERROR_DETECTED,1,0,0,0,0
B_vs_probabilidad,CRC32,32,256,0.08,30,288,32,12.5,ERROR_DETECTED,1,0,0,0,0
B_vs_probabilidad,CRC32,32,256,0.08,24,288,32,12.5,ERROR_DETECTED,1,0,0,0,0
B_vs_probabilidad,CRC32,32,256,0.12,33,288,32,12.5,ERROR_DETECTED,1,0,0,0,0
B_vs_probabilidad,CRC32,32,256,0.12,28,288,32,12.5,ERROR_DETECTED,1,0,0,0,0
B_vs_probabilidad,CRC32,32,256,0.12,40,288,32,12.5,ERROR_DETECTED,1,0,0,0,0
B_vs_probabilidad,CRC32,32,256,0.12,40,288,32,12.5,ERROR_DETECTED,1,0,0,0,0
B_vs_probabilidad,CRC32,32,256,0.12,35,288,32,12.5,ERROR_DETECTED,1,0,0,0,0
B_vs_probabilidad,CRC32,32,256,0.12,46,288,32,12.5,ERROR_DETECTED,1,0,0,0,0
B_vs_probabilidad,CRC32,32,256,0.12,31,288,32,12.5,ERROR_DETECTED,1,0,0,0,0
B_vs_probabilidad,CRC32,32,256,0.12,41,288,32,12.5,ERROR_DETECTED,1,0,0,0,0
B_vs_probabilidad,CRC32,32,256,0.12,41,288,32,12.5,ERROR_DETECTED,1,0,0,0,0
B_vs_probabilidad,CRC32,32,256,0.12,34,288,32,12.5,ERROR_DETECTED,1,0,0,0,0
B_vs_probabilidad,CRC32,32,256,0.12,36,288,32,12.5,ERROR_DETECTED,1,0,0,0,0
B_vs_probabilidad,CRC32,32,256,0.12,34,288,32,12.5,ERROR_DETECTED,1,0,0,0,0
B_vs_probabilidad,CRC32,32,256,0.12,45,288,32,12.5,ERROR_DETECTED,1,0,0,0,0
B_vs_probabilidad,CRC32,32,256,0.12,36,288,32,12.5,ERROR_DETECTED,1,0,0,0,0
B_vs_probabilidad,CRC32,32,256,0.12,29,288,32,12.5,ERROR_DETECTED,1,0,0,0,0
B_vs_probabilidad,CRC32,32,256,0.12,35,288,32,12.5,ERROR_DETECTED,1,0,0,0,0
B_vs_probabilidad,CRC32,32,256,0.12,38,288,32,12.5,ERROR_DETECTED,1,0,0,0,0
B_vs_probabilidad,CRC32,32,256,0.12,21,288,32,12.5,ERROR_DETECTED,1,0,0,0,0
B_vs_probabilidad,CRC32,32,256,0.12,36,288,32,12.5,ERROR_DETECTED,1,0,0,0,0
B_vs_probabilidad,CRC32,32,256,0.12,27,288,32,12.5,ERROR_DETECTED,1,0,0,0,0
B_vs_probabilidad,CRC32,32,256,0.12,36,288,32,12.5,ERROR_DETECTED,1,0,0,0,0
B_vs_probabilidad,CRC32,32,256,0.12,41,288,32,12.5,ERROR_DETECTED,1,0,0,0,0
B_vs_probabilidad,CRC32,32,256,0.12,26,288,32,12.5,ERROR_DETECTED,1,0,0,0,0
B_vs_probabilidad,CRC32,32,256,0.12,40,288,32,12.5,ERROR_DETECTED,1,0,0,0,0
B_vs_probabilidad,CRC32,32,256,0.12,43,288,32,12.5,ERROR_DETECTED,1,0,0,0,0
B_vs_probabilidad,CRC32,32,256,0.12,30,288,32,12.5,ERROR_DETECTED,1,0,0,0,0
B_vs_probabilidad,CRC32,32,256,0.12,34,288,32,12.5,ERROR_DETECTED,1,0,0,0,0
B_vs_probabilidad,CRC32,32,256,0.12,39,288,32,12.5,ERROR_DETECTED,1,0,0,0,0
B_vs_probabilidad,CRC32,32,256,0.12,42,288,32,12.5,ERROR_DETECTED,1,0,0,0,0
B_vs_probabilidad,CRC32,32,256,0.12,36,288,32,12.5,ERROR_DETECTED,1,0,0,0,0
B_vs_probabilidad,CRC32,32,256,0.12,30,288,32,12.5,ERROR_DETECTED,1,0,0,0,0
B_vs_probabilidad,CRC32,32,256,0.12,45,288,32,12.5,ERROR_DETECTED,1,0,0,0,0
B_vs_probabilidad,CRC32,32,256,0.12,35,288,32,12.5,ERROR_DETECTED,1,0,0,0,0
B_vs_probabilidad,CRC32,32,256,0.12,43,288,32,12.5,ERROR_DETECTED,1,0,0,0,0
B_vs_probabilidad,CRC32,32,256,0.12,45,288,32,12.5,ERROR_DETECTED,1,0,0,0,0
B_vs_probabilidad,CRC32,32,256,0.12,39,288,32,12.5,ERROR_DETECTED,1,0,0,0,0
B_vs_probabilidad,CRC32,32,256,0.12,30,288,32,12.5,ERROR_DETECTED,1,0,0,0,0
B_vs_probabilidad,CRC32,32,256,0.12,42,288,32,12.5,ERROR_DETECTED,1,0,0,0,0
B_vs_probabilidad,CRC32,32,256,0.12,27,288,32,12.5,ERROR_DETECTED,1,0,0,0,0
B_vs_probabilidad,CRC32,32,256,0.12,42,288,32,12.5,ERROR_DETECTED,1,0,0,0,0
B_vs_probabilidad,CRC32,32,256,0.12,44,288,32,12.5,ERROR_DETECTED,1,0,0,0,0
B_vs_probabilidad,CRC32,32,256,0.12,41,288,32,12.5,ERROR_DETECTED,1,0,0,0,0
B_vs_probabilidad,CRC32,32,256,0.12,34,288,32,12.5,ERROR_DETECTED,1,0,0,0,0
B_vs_probabilidad,CRC32,32,256,0.12,25,288,32,12.5,ERROR_DETECTED,1,0,0,0,0
B_vs_probabilidad,CRC32,32,256,0.12,40,288,32,12.5,ERROR_DETECTED,1,0,0,0,0
B_vs_probabilidad,CRC32,32,256,0.12,47,288,32,12.5,ERROR_DETECTED,1,0,0,0,0
B_vs_probabilidad,CRC32,32,256,0.12,33,288,32,12.5,ERROR_DETECTED,1,0,0,0,0
B_vs_probabilidad,CRC32,32,256,0.12,34,288,32,12.5,ERROR_DETECTED,1,0,0,0,0
B_vs_probabilidad,CRC32,32,256,0.12,31,288,32,12.5,ERROR_DETECTED,1,0,0,0,0
B_vs_probabilidad,CRC32,32,256,0.12,30,288,32,12.5,ERROR_DETECTED,1,0,0,0,0
B_vs_probabilidad,CRC32,32,256,0.12,31,288,32,12.5,ERROR_DETECTED,1,0,0,0,0
B_vs_probabilidad,CRC32,32,256,0.12,18,288,32,12.5,ERROR_DETECTED,1,0,0,0,0
B_vs_probabilidad,CRC32,32,256,0.12,36,288,32,12.5,ERROR_DETECTED,1,0,0,0,0
B_vs_probabilidad,CRC32,32,256,0.12,33,288,32,12.5,ERROR_DETECTED,1,0,0,0,0
B_vs_probabilidad,CRC32,32,256,0.12,36,288,32,12.5,ERROR_DETECTED,1,0,0,0,0
B_vs_probabilidad,CRC32,32,256,0.12,44,288,32,12.5,ERROR_DETECTED,1,0,0,0,0
B_vs_probabilidad,CRC32,32,256,0.12,34,288,32,12.5,ERROR_DETECTED,1,0,0,0,0
B_vs_probabilidad,CRC32,32,256,0.12,33,288,32,12.5,ERROR_DETECTED,1,0,0,0,0
B_vs_probabilidad,CRC32,32,256,0.12,32,288,32,12.5,ERROR_DETECTED,1,0,0,0,0
B_vs_probabilidad,CRC32,32,256,0.12,36,288,32,12.5,ERROR_DETECTED,1,0,0,0,0
B_vs_probabilidad,CRC32,32,256,0.12,51,288,32,12.5,ERROR_DETECTED,1,0,0,0,0
B_vs_probabilidad,CRC32,32,256,0.12,26,288,32,12.5,ERROR_DETECTED,1,0,0,0,0
B_vs_probabilidad,CRC32,32,256,0.12,36,288,32,12.5,ERROR_DETECTED,1,0,0,0,0
B_vs_probabilidad,CRC32,32,256,0.12,31,288,32,12.5,ERROR_DETECTED,1,0,0,0,0
B_vs_probabilidad,CRC32,32,256,0.12,36,288,32,12.5,ERROR_DETECTED,1,0,0,0,0
B_vs_probabilidad,CRC32,32,256,0.12,30,288,32,12.5,ERROR_DETECTED,1,0,0,0,0
B_vs_probabilidad,CRC32,32,256,0.12,38,288,32,12.5,ERROR_DETECTED,1,0,0,0,0
B_vs_probabilidad,CRC32,32,256,0.12,35,288,32,12.5,ERROR_DETECTED,1,0,0,0,0
B_vs_probabilidad,CRC32,32,256,0.12,30,288,32,12.5,ERROR_DETECTED,1,0,0,0,0
B_vs_probabilidad,CRC32,32,256,0.12,30,288,32,12.5,ERROR_DETECTED,1,0,0,0,0
B_vs_probabilidad,CRC32,32,256,0.12,37,288,32,12.5,ERROR_DETECTED,1,0,0,0,0
B_vs_probabilidad,CRC32,32,256,0.12,34,288,32,12.5,ERROR_DETECTED,1,0,0,0,0
B_vs_probabilidad,CRC32,32,256,0.12,29,288,32,12.5,ERROR_DETECTED,1,0,0,0,0
B_vs_probabilidad,CRC32,32,256,0.12,40,288,32,12.5,ERROR_DETECTED,1,0,0,0,0
B_vs_probabilidad,CRC32,32,256,0.12,36,288,32,12.5,ERROR_DETECTED,1,0,0,0,0
B_vs_probabilidad,CRC32,32,256,0.12,24,288,32,12.5,ERROR_DETECTED,1,0,0,0,0
B_vs_probabilidad,CRC32,32,256,0.12,37,288,32,12.5,ERROR_DETECTED,1,0,0,0,0
B_vs_probabilidad,CRC32,32,256,0.12,44,288,32,12.5,ERROR_DETECTED,1,0,0,0,0
B_vs_probabilidad,CRC32,32,256,0.12,48,288,32,12.5,ERROR_DETECTED,1,0,0,0,0
B_vs_probabilidad,CRC32,32,256,0.12,33,288,32,12.5,ERROR_DETECTED,1,0,0,0,0
B_vs_probabilidad,CRC32,32,256,0.12,31,288,32,12.5,ERROR_DETECTED,1,0,0,0,0
B_vs_probabilidad,CRC32,32,256,0.12,44,288,32,12.5,ERROR_DETECTED,1,0,0,0,0
B_vs_probabilidad,CRC32,32,256,0.12,29,288,32,12.5,ERROR_DETECTED,1,0,0,0,0
B_vs_probabilidad,CRC32,32,256,0.12,45,288,32,12.5,ERROR_DETECTED,1,0,0,0,0
B_vs_probabilidad,CRC32,32,256,0.12,37,288,32,12.5,ERROR_DETECTED,1,0,0,0,0
B_vs_probabilidad,CRC32,32,256,0.12,29,288,32,12.5,ERROR_DETECTED,1,0,0,0,0
B_vs_probabilidad,CRC32,32,256,0.12,41,288,32,12.5,ERROR_DETECTED,1,0,0,0,0
B_vs_probabilidad,CRC32,32,256,0.12,34,288,32,12.5,ERROR_DETECTED,1,0,0,0,0
B_vs_probabilidad,CRC32,32,256,0.12,38,288,32,12.5,ERROR_DETECTED,1,0,0,0,0
B_vs_probabilidad,CRC32,32,256,0.12,40,288,32,12.5,ERROR_DETECTED,1,0,0,0,0
B_vs_probabilidad,CRC32,32,256,0.12,37,288,32,12.5,ERROR_DETECTED,1,0,0,0,0
B_vs_probabilidad,CRC32,32,256,0.12,30,288,32,12.5,ERROR_DETECTED,1,0,0,0,0
B_vs_probabilidad,CRC32,32,256,0.12,31,288,32,12.5,ERROR_DETECTED,1,0,0,0,0
B_vs_probabilidad,CRC32,32,256,0.12,32,288,32,12.5,ERROR_DETECTED,1,0,0,0,0
B_vs_probabilidad,CRC32,32,256,0.12,38,288,32,12.5,ERROR_DETECTED,1,0,0,0,0
B_vs_probabilidad,CRC32,32,256,0.12,32,288,32,12.5,ERROR_DETECTED,1,0,0,0,0
B_vs_probabilidad,CRC32,32,256,0.12,45,288,32,12.5,ERROR_DETECTED,1,0,0,0,0
B_vs_probabilidad,CRC32,32,256,0.12,33,288,32,12.5,ERROR_DETECTED,1,0,0,0,0
B_vs_probabilidad,CRC32,32,256,0.12,26,288,32,12.5,ERROR_DETECTED,1,0,0,0,0
B_vs_probabilidad,CRC32,32,256,0.12,29,288,32,12.5,ERROR_DETECTED,1,0,0,0,0
B_vs_probabilidad,CRC32,32,256,0.12,35,288,32,12.5,ERROR_DETECTED,1,0,0,0,0
B_vs_probabilidad,CRC32,32,256,0.12,36,288,32,12.5,ERROR_DETECTED,1,0,0,0,0
B_vs_probabilidad,CRC32,32,256,0.12,33,288,32,12.5,ERROR_DETECTED,1,0,0,0,0
B_vs_probabilidad,CRC32,32,256,0.12,38,288,32,12.5,ERROR_DETECTED,1,0,0,0,0
B_vs_probabilidad,CRC32,32,256,0.12,38,288,32,12.5,ERROR_DETECTED,1,0,0,0,0
B_vs_probabilidad,CRC32,32,256,0.12,34,288,32,12.5,ERROR_DETECTED,1,0,0,0,0
B_vs_probabilidad,CRC32,32,256,0.12,31,288,32,12.5,ERROR_DETECTED,1,0,0,0,0
B_vs_probabilidad,CRC32,32,256,0.12,31,288,32,12.5,ERROR_DETECTED,1,0,0,0,0
B_vs_probabilidad,CRC32,32,256,0.12,37,288,32,12.5,ERROR_DETECTED,1,0,0,0,0
B_vs_probabilidad,CRC32,32,256,0.12,34,288,32,12.5,ERROR_DETECTED,1,0,0,0,0
B_vs_probabilidad,CRC32,32,256,0.12,36,288,32,12.5,ERROR_DETECTED,1,0,0,0,0
B_vs_probabilidad,CRC32,32,256,0.12,36,288,32,12.5,ERROR_DETECTED,1,0,0,0,0
B_vs_probabilidad,CRC32,32,256,0.12,31,288,32,12.5,ERROR_DETECTED,1,0,0,0,0
B_vs_probabilidad,CRC32,32,256,0.12,30,288,32,12.5,ERROR_DETECTED,1,0,0,0,0
B_vs_probabilidad,CRC32,32,256,0.12,31,288,32,12.5,ERROR_DETECTED,1,0,0,0,0
B_vs_probabilidad,CRC32,32,256,0.12,35,288,32,12.5,ERROR_DETECTED,1,0,0,0,0
B_vs_probabilidad,CRC32,32,256,0.12,51,288,32,12.5,ERROR_DETECTED,1,0,0,0,0
B_vs_probabilidad,CRC32,32,256,0.12,38,288,32,12.5,ERROR_DETECTED,1,0,0,0,0
B_vs_probabilidad,CRC32,32,256,0.12,36,288,32,12.5,ERROR_DETECTED,1,0,0,0,0
B_vs_probabilidad,CRC32,32,256,0.12,20,288,32,12.5,ERROR_DETECTED,1,0,0,0,0
B_vs_probabilidad,CRC32,32,256,0.12,29,288,32,12.5,ERROR_DETECTED,1,0,0,0,0
B_vs_probabilidad,CRC32,32,256,0.12,27,288,32,12.5,ERROR_DETECTED,1,0,0,0,0
B_vs_probabilidad,CRC32,32,256,0.12,37,288,32,12.5,ERROR_DETECTED,1,0,0,0,0
B_vs_probabilidad,CRC32,32,256,0.12,25,288,32,12.5,ERROR_DETECTED,1,0,0,0,0
B_vs_probabilidad,CRC32,32,256,0.12,44,288,32,12.5,ERROR_DETECTED,1,0,0,0,0
B_vs_probabilidad,CRC32,32,256,0.12,35,288,32,12.5,ERROR_DETECTED,1,0,0,0,0
B_vs_probabilidad,CRC32,32,256,0.12,31,288,32,12.5,ERROR_DETECTED,1,0,0,0,0
B_vs_probabilidad,CRC32,32,256,0.12,25,288,32,12.5,ERROR_DETECTED,1,0,0,0,0
B_vs_probabilidad,CRC32,32,256,0.12,36,288,32,12.5,ERROR_DETECTED,1,0,0,0,0
B_vs_probabilidad,CRC32,32,256,0.12,33,288,32,12.5,ERROR_DETECTED,1,0,0,0,0
B_vs_probabilidad,CRC32,32,256,0.12,29,288,32,12.5,ERROR_DETECTED,1,0,0,0,0
B_vs_probabilidad,CRC32,32,256,0.12,30,288,32,12.5,ERROR_DETECTED,1,0,0,0,0
B_vs_probabilidad,CRC32,32,256,0.12,34,288,32,12.5,ERROR_DETECTED,1,0,0,0,0
B_vs_probabilidad,CRC32,32,256,0.12,44,288,32,12.5,ERROR_DETECTED,1,0,0,0,0
B_vs_probabilidad,CRC32,32,256,0.12,41,288,32,12.5,ERROR_DETECTED,1,0,0,0,0
B_vs_probabilidad,CRC32,32,256,0.12,43,288,32,12.5,ERROR_DETECTED,1,0,0,0,0
B_vs_probabilidad,CRC32,32,256,0.12,25,288,32,12.5,ERROR_DETECTED,1,0,0,0,0
B_vs_probabilidad,CRC32,32,256,0.12,29,288,32,12.5,ERROR_DETECTED,1,0,0,0,0
B_vs_probabilidad,CRC32,32,256,0.12,31,288,32,12.5,ERROR_DETECTED,1,0,0,0,0
B_vs_probabilidad,CRC32,32,256,0.12,31,288,32,12.5,ERROR_DETECTED,1,0,0,0,0
B_vs_probabilidad,CRC32,32,256,0.12,46,288,32,12.5,ERROR_DETECTED,1,0,0,0,0
B_vs_probabilidad,CRC32,32,256,0.12,38,288,32,12.5,ERROR_DETECTED,1,0,0,0,0
B_vs_probabilidad,CRC32,32,256,0.12,44,288,32,12.5,ERROR_DETECTED,1,0,0,0,0
B_vs_probabilidad,CRC32,32,256,0.12,43,288,32,12.5,ERROR_DETECTED,1,0,0,0,0
B_vs_probabilidad,CRC32,32,256,0.12,38,288,32,12.5,ERROR_DETECTED,1,0,0,0,0
B_vs_probabilidad,CRC32,32,256,0.12,38,288,32,12.5,ERROR_DETECTED,1,0,0,0,0
B_vs_probabilidad,CRC32,32,256,0.12,28,288,32,12.5,ERROR_DETECTED,1,0,0,0,0
B_vs_probabilidad,CRC32,32,256,0.12,32,288,32,12.5,ERROR_DETECTED,1,0,0,0,0
B_vs_probabilidad,CRC32,32,256,0.12,43,288,32,12.5,ERROR_DETECTED,1,0,0,0,0
B_vs_probabilidad,CRC32,32,256,0.12,30,288,32,12.5,ERROR_DETECTED,1,0,0,0,0
B_vs_probabilidad,CRC32,32,256,0.12,30,288,32,12.5,ERROR_DETECTED,1,0,0,0,0
B_vs_probabilidad,CRC32,32,256,0.12,33,288,32,12.5,ERROR_DETECTED,1,0,0,0,0
B_vs_probabilidad,CRC32,32,256,0.12,39,288,32,12.5,ERROR_DETECTED,1,0,0,0,0
B_vs_probabilidad,CRC32,32,256,0.12,33,288,32,12.5,ERROR_DETECTED,1,0,0,0,0
B_vs_probabilidad,CRC32,32,256,0.12,38,288,32,12.5,ERROR_DETECTED,1,0,0,0,0
B_vs_probabilidad,CRC32,32,256,0.12,32,288,32,12.5,ERROR_DETECTED,1,0,0,0,0
B_vs_probabilidad,CRC32,32,256,0.12,29,288,32,12.5,ERROR_DETECTED,1,0,0,0,0
B_vs_probabilidad,CRC32,32,256,0.12,34,288,32,12.5,ERROR_DETECTED,1,0,0,0,0
B_vs_probabilidad,CRC32,32,256,0.12,51,288,32,12.5,ERROR_DETECTED,1,0,0,0,0
B_vs_probabilidad,CRC32,32,256,0.12,29,288,32,12.5,ERROR_DETECTED,1,0,0,0,0
B_vs_probabilidad,CRC32,32,256,0.12,40,288,32,12.5,ERROR_DETECTED,1,0,0,0,0
B_vs_probabilidad,CRC32,32,256,0.12,27,288,32,12.5,ERROR_DETECTED,1,0,0,0,0
B_vs_probabilidad,CRC32,32,256,0.12,37,288,32,12.5,ERROR_DETECTED,1,0,0,0,0
B_vs_probabilidad,CRC32,32,256,0.12,42,288,32,12.5,ERROR_DETECTED,1,0,0,0,0
B_vs_probabilidad,CRC32,32,256,0.12,31,288,32,12.5,ERROR_DETECTED,1,0,0,0,0
B_vs_probabilidad,CRC32,32,256,0.12,35,288,32,12.5,ERROR_DETECTED,1,0,0,0,0
B_vs_probabilidad,CRC32,32,256,0.12,35,288,32,12.5,ERROR_DETECTED,1,0,0,0,0
B_vs_probabilidad,CRC32,32,256,0.12,33,288,32,12.5,ERROR_DETECTED,1,0,0,0,0
B_vs_probabilidad,CRC32,32,256,0.12,38,288,32,12.5,ERROR_DETECTED,1,0,0,0,0
B_vs_probabilidad,CRC32,32,256,0.12,39,288,32,12.5,ERROR_DETECTED,1,0,0,0,0
B_vs_probabilidad,CRC32,32,256,0.12,40,288,32,12.5,ERROR_DETECTED,1,0,0,0,0
B_vs_probabilidad,CRC32,32,256,0.12,42,288,32,12.5,ERROR_DETECTED,1,0,0,0,0
B_vs_probabilidad,CRC32,32,256,0.12,33,288,32,12.5,ERROR_DETECTED,1,0,0,0,0
B_vs_probabilidad,CRC32,32,256,0.12,28,288,32,12.5,ERROR_DETECTED,1,0,0,0,0
B_vs_probabilidad,CRC32,32,256,0.12,34,288,32,12.5,ERROR_DETECTED,1,0,0,0,0
B_vs_probabilidad,CRC32,32,256,0.12,34,288,32,12.5,ERROR_DETECTED,1,0,0,0,0
B_vs_probabilidad,CRC32,32,256,0.12,28,288,32,12.5,ERROR_DETECTED,1,0,0,0,0
B_vs_probabilidad,CRC32,32,256,0.12,33,288,32,12.5,ERROR_DETECTED,1,0,0,0,0
B_vs_probabilidad,CRC32,32,256,0.12,34,288,32,12.5,ERROR_DETECTED,1,0,0,0,0
B_vs_probabilidad,CRC32,32,256,0.12,28,288,32,12.5,ERROR_DETECTED,1,0,0,0,0
B_vs_probabilidad,CRC32,32,256,0.12,22,288,32,12.5,ERROR_DETECTED,1,0,0,0,0
B_vs_probabilidad,CRC32,32,256,0.12,25,288,32,12.5,ERROR_DETECTED,1,0,0,0,0
B_vs_probabilidad,CRC32,32,256,0.12,46,288,32,12.5,ERROR_DETECTED,1,0,0,0,0
B_vs_probabilidad,CRC32,32,256,0.12,19,288,32,12.5,ERROR_DETECTED,1,0,0,0,0
B_vs_probabilidad,CRC32,32,256,0.12,33,288,32,12.5,ERROR_DETECTED,1,0,0,0,0
B_vs_probabilidad,CRC32,32,256,0.12,39,288,32,12.5,ERROR_DETECTED,1,0,0,0,0
B_vs_probabilidad,CRC32,32,256,0.12,32,288,32,12.5,ERROR_DETECTED,1,0,0,0,0
B_vs_probabilidad,CRC32,32,256,0.12,33,288,32,12.5,ERROR_DETECTED,1,0,0,0,0
B_vs_probabilidad,CRC32,32,256,0.12,32,288,32,12.5,ERROR_DETECTED,1,0,0,0,0
B_vs_probabilidad,CRC32,32,256,0.12,35,288,32,12.5,ERROR_DETECTED,1,0,0,0,0
B_vs_probabilidad,CRC32,32,256,0.12,45,288,32,12.5,ERROR_DETECTED,1,0,0,0,0
B_vs_probabilidad,CRC32,32,256,0.12,30,288,32,12.5,ERROR_DETECTED,1,0,0,0,0
B_vs_probabilidad,CRC32,32,256,0.12,31,288,32,12.5,ERROR_DETECTED,1,0,0,0,0
B_vs_probabilidad,CRC32,32,256,0.12,31,288,32,12.5,ERROR_DETECTED,1,0,0,0,0
B_vs_probabilidad,CRC32,32,256,0.12,28,288,32,12.5,ERROR_DETECTED,1,0,0,0,0
B_vs_probabilidad,CRC32,32,256,0.12,36,288,32,12.5,ERROR_DETECTED,1,0,0,0,0
B_vs_probabilidad,CRC32,32,256,0.12,40,288,32,12.5,ERROR_DETECTED,1,0,0,0,0
B_vs_probabilidad,CRC32,32,256,0.12,33,288,32,12.5,ERROR_DETECTED,1,0,0,0,0
B_vs_probabilidad,CRC32,32,256,0.12,32,288,32,12.5,ERROR_DETECTED,1,0,0,0,0
B_vs_probabilidad,CRC32,32,256,0.12,33,288,32,12.5,ERROR_DETECTED,1,0,0,0,0
B_vs_probabilidad,CRC32,32,256,0.2,50,288,32,12.5,ERROR_DETECTED,1,0,0,0,0
B_vs_probabilidad,CRC32,32,256,0.2,65,288,32,12.5,ERROR_DETECTED,1,0,0,0,0
B_vs_probabilidad,CRC32,32,256,0.2,56,288,32,12.5,ERROR_DETECTED,1,0,0,0,0
B_vs_probabilidad,CRC32,32,256,0.2,62,288,32,12.5,ERROR_DETECTED,1,0,0,0,0
B_vs_probabilidad,CRC32,32,256,0.2,53,288,32,12.5,ERROR_DETECTED,1,0,0,0,0
B_vs_probabilidad,CRC32,32,256,0.2,63,288,32,12.5,ERROR_DETECTED,1,0,0,0,0
B_vs_probabilidad,CRC32,32,256,0.2,58,288,32,12.5,ERROR_DETECTED,1,0,0,0,0
B_vs_probabilidad,CRC32,32,256,0.2,54,288,32,12.5,ERROR_DETECTED,1,0,0,0,0
B_vs_probabilidad,CRC32,32,256,0.2,68,288,32,12.5,ERROR_DETECTED,1,0,0,0,0
B_vs_probabilidad,CRC32,32,256,0.2,62,288,32,12.5,ERROR_DETECTED,1,0,0,0,0
B_vs_probabilidad,CRC32,32,256,0.2,66,288,32,12.5,ERROR_DETECTED,1,0,0,0,0
B_vs_probabilidad,CRC32,32,256,0.2,56,288,32,12.5,ERROR_DETECTED,1,0,0,0,0
B_vs_probabilidad,CRC32,32,256,0.2,59,288,32,12.5,ERROR_DETECTED,1,0,0,0,0
B_vs_probabilidad,CRC32,32,256,0.2,63,288,32,12.5,ERROR_DETECTED,1,0,0,0,0
B_vs_probabilidad,CRC32,32,256,0.2,60,288,32,12.5,ERROR_DETECTED,1,0,0,0,0
B_vs_probabilidad,CRC32,32,256,0.2,56,288,32,12.5,ERROR_DETECTED,1,0,0,0,0
B_vs_probabilidad,CRC32,32,256,0.2,58,288,32,12.5,ERROR_DETECTED,1,0,0,0,0
B_vs_probabilidad,CRC32,32,256,0.2,61,288,32,12.5,ERROR_DETECTED,1,0,0,0,0
B_vs_probabilidad,CRC32,32,256,0.2,64,288,32,12.5,ERROR_DETECTED,1,0,0,0,0
B_vs_probabilidad,CRC32,32,256,0.2,36,288,32,12.5,ERROR_DETECTED,1,0,0,0,0
B_vs_probabilidad,CRC32,32,256,0.2,56,288,32,12.5,ERROR_DETECTED,1,0,0,0,0
B_vs_probabilidad,CRC32,32,256,0.2,62,288,32,12.5,ERROR_DETECTED,1,0,0,0,0
B_vs_probabilidad,CRC32,32,256,0.2,56,288,32,12.5,ERROR_DETECTED,1,0,0,0,0
B_vs_probabilidad,CRC32,32,256,0.2,52,288,32,12.5,ERROR_DETECTED,1,0,0,0,0
B_vs_probabilidad,CRC32,32,256,0.2,50,288,32,12.5,ERROR_DETECTED,1,0,0,0,0
B_vs_probabilidad,CRC32,32,256,0.2,58,288,32,12.5,ERROR_DETECTED,1,0,0,0,0
B_vs_probabilidad,CRC32,32,256,0.2,57,288,32,12.5,ERROR_DETECTED,1,0,0,0,0
B_vs_probabilidad,CRC32,32,256,0.2,64,288,32,12.5,ERROR_DETECTED,1,0,0,0,0
B_vs_probabilidad,CRC32,32,256,0.2,58,288,32,12.5,ERROR_DETECTED,1,0,0,0,0
B_vs_probabilidad,CRC32,32,256,0.2,63,288,32,12.5,ERROR_DETECTED,1,0,0,0,0
B_vs_probabilidad,CRC32,32,256,0.2,53,288,32,12.5,ERROR_DETECTED,1,0,0,0,0
B_vs_probabilidad,CRC32,32,256,0.2,62,288,32,12.5,ERROR_DETECTED,1,0,0,0,0
B_vs_probabilidad,CRC32,32,256,0.2,53,288,32,12.5,ERROR_DETECTED,1,0,0,0,0
B_vs_probabilidad,CRC32,32,256,0.2,58,288,32,12.5,ERROR_DETECTED,1,0,0,0,0
B_vs_probabilidad,CRC32,32,256,0.2,53,288,32,12.5,ERROR_DETECTED,1,0,0,0,0
B_vs_probabilidad,CRC32,32,256,0.2,50,288,32,12.5,ERROR_DETECTED,1,0,0,0,0
B_vs_probabilidad,CRC32,32,256,0.2,44,288,32,12.5,ERROR_DETECTED,1,0,0,0,0
B_vs_probabilidad,CRC32,32,256,0.2,67,288,32,12.5,ERROR_DETECTED,1,0,0,0,0
B_vs_probabilidad,CRC32,32,256,0.2,78,288,32,12.5,ERROR_DETECTED,1,0,0,0,0
B_vs_probabilidad,CRC32,32,256,0.2,57,288,32,12.5,ERROR_DETECTED,1,0,0,0,0
B_vs_probabilidad,CRC32,32,256,0.2,63,288,32,12.5,ERROR_DETECTED,1,0,0,0,0
B_vs_probabilidad,CRC32,32,256,0.2,62,288,32,12.5,ERROR_DETECTED,1,0,0,0,0
B_vs_probabilidad,CRC32,32,256,0.2,45,288,32,12.5,ERROR_DETECTED,1,0,0,0,0
B_vs_probabilidad,CRC32,32,256,0.2,52,288,32,12.5,ERROR_DETECTED,1,0,0,0,0
B_vs_probabilidad,CRC32,32,256,0.2,63,288,32,12.5,ERROR_DETECTED,1,0,0,0,0
B_vs_probabilidad,CRC32,32,256,0.2,63,288,32,12.5,ERROR_DETECTED,1,0,0,0,0
B_vs_probabilidad,CRC32,32,256,0.2,46,288,32,12.5,ERROR_DETECTED,1,0,0,0,0
B_vs_probabilidad,CRC32,32,256,0.2,50,288,32,12.5,ERROR_DETECTED,1,0,0,0,0
B_vs_probabilidad,CRC32,32,256,0.2,51,288,32,12.5,ERROR_DETECTED,1,0,0,0,0
B_vs_probabilidad,CRC32,32,256,0.2,52,288,32,12.5,ERROR_DETECTED,1,0,0,0,0
B_vs_probabilidad,CRC32,32,256,0.2,59,288,32,12.5,ERROR_DETECTED,1,0,0,0,0
B_vs_probabilidad,CRC32,32,256,0.2,58,288,32,12.5,ERROR_DETECTED,1,0,0,0,0
B_vs_probabilidad,CRC32,32,256,0.2,56,288,32,12.5,ERROR_DETECTED,1,0,0,0,0
B_vs_probabilidad,CRC32,32,256,0.2,54,288,32,12.5,ERROR_DETECTED,1,0,0,0,0
B_vs_probabilidad,CRC32,32,256,0.2,51,288,32,12.5,ERROR_DETECTED,1,0,0,0,0
B_vs_probabilidad,CRC32,32,256,0.2,62,288,32,12.5,ERROR_DETECTED,1,0,0,0,0
B_vs_probabilidad,CRC32,32,256,0.2,68,288,32,12.5,ERROR_DETECTED,1,0,0,0,0
B_vs_probabilidad,CRC32,32,256,0.2,69,288,32,12.5,ERROR_DETECTED,1,0,0,0,0
B_vs_probabilidad,CRC32,32,256,0.2,50,288,32,12.5,ERROR_DETECTED,1,0,0,0,0
B_vs_probabilidad,CRC32,32,256,0.2,66,288,32,12.5,ERROR_DETECTED,1,0,0,0,0
B_vs_probabilidad,CRC32,32,256,0.2,50,288,32,12.5,ERROR_DETECTED,1,0,0,0,0
B_vs_probabilidad,CRC32,32,256,0.2,65,288,32,12.5,ERROR_DETECTED,1,0,0,0,0
B_vs_probabilidad,CRC32,32,256,0.2,54,288,32,12.5,ERROR_DETECTED,1,0,0,0,0
B_vs_probabilidad,CRC32,32,256,0.2,49,288,32,12.5,ERROR_DETECTED,1,0,0,0,0
B_vs_probabilidad,CRC32,32,256,0.2,67,288,32,12.5,ERROR_DETECTED,1,0,0,0,0
B_vs_probabilidad,CRC32,32,256,0.2,49,288,32,12.5,ERROR_DETECTED,1,0,0,0,0
B_vs_probabilidad,CRC32,32,256,0.2,57,288,32,12.5,ERROR_DETECTED,1,0,0,0,0
B_vs_probabilidad,CRC32,32,256,0.2,61,288,32,12.5,ERROR_DETECTED,1,0,0,0,0
B_vs_probabilidad,CRC32,32,256,0.2,43,288,32,12.5,ERROR_DETECTED,1,0,0,0,0
B_vs_probabilidad,CRC32,32,256,0.2,63,288,32,12.5,ERROR_DETECTED,1,0,0,0,0
B_vs_probabilidad,CRC32,32,256,0.2,59,288,32,12.5,ERROR_DETECTED,1,0,0,0,0
B_vs_probabilidad,CRC32,32,256,0.2,47,288,32,12.5,ERROR_DETECTED,1,0,0,0,0
B_vs_probabilidad,CRC32,32,256,0.2,67,288,32,12.5,ERROR_DETECTED,1,0,0,0,0
B_vs_probabilidad,CRC32,32,256,0.2,67,288,32,12.5,ERROR_DETECTED,1,0,0,0,0
B_vs_probabilidad,CRC32,32,256,0.2,70,288,32,12.5,ERROR_DETECTED,1,0,0,0,0
B_vs_probabilidad,CRC32,32,256,0.2,66,288,32,12.5,ERROR_DETECTED,1,0,0,0,0
B_vs_probabilidad,CRC32,32,256,0.2,51,288,32,12.5,ERROR_DETECTED,1,0,0,0,0
B_vs_probabilidad,CRC32,32,256,0.2,51,288,32,12.5,ERROR_DETECTED,1,0,0,0,0
B_vs_probabilidad,CRC32,32,256,0.2,58,288,32,12.5,ERROR_DETECTED,1,0,0,0,0
B_vs_probabilidad,CRC32,32,256,0.2,56,288,32,12.5,ERROR_DETECTED,1,0,0,0,0
B_vs_probabilidad,CRC32,32,256,0.2,59,288,32,12.5,ERROR_DETECTED,1,0,0,0,0
B_vs_probabilidad,CRC32,32,256,0.2,61,288,32,12.5,ERROR_DETECTED,1,0,0,0,0
B_vs_probabilidad,CRC32,32,256,0.2,64,288,32,12.5,ERROR_DETECTED,1,0,0,0,0
B_vs_probabilidad,CRC32,32,256,0.2,56,288,32,12.5,ERROR_DETECTED,1,0,0,0,0
B_vs_probabilidad,CRC32,32,256,0.2,64,288,32,12.5,ERROR_DETECTED,1,0,0,0,0
B_vs_probabilidad,CRC32,32,256,0.2,47,288,32,12.5,ERROR_DETECTED,1,0,0,0,0
B_vs_probabilidad,CRC32,32,256,0.2,53,288,32,12.5,ERROR_DETECTED,1,0,0,0,0
B_vs_probabilidad,CRC32,32,256,0.2,60,288,32,12.5,ERROR_DETECTED,1,0,0,0,0
B_vs_probabilidad,CRC32,32,256,0.2,61,288,32,12.5,ERROR_DETECTED,1,0,0,0,0
B_vs_probabilidad,CRC32,32,256,0.2,57,288,32,12.5,ERROR_DETECTED,1,0,0,0,0
B_vs_probabilidad,CRC32,32,256,0.2,58,288,32,12.5,ERROR_DETECTED,1,0,0,0,0
B_vs_probabilidad,CRC32,32,256,0.2,56,288,32,12.5,ERROR_DETECTED,1,0,0,0,0
B_vs_probabilidad,CRC32,32,256,0.2,64,288,32,12.5,ERROR_DETECTED,1,0,0,0,0
B_vs_probabilidad,CRC32,32,256,0.2,59,288,32,12.5,ERROR_DETECTED,1,0,0,0,0
B_vs_probabilidad,CRC32,32,256,0.2,52,288,32,12.5,ERROR_DETECTED,1,0,0,0,0
B_vs_probabilidad,CRC32,32,256,0.2,55,288,32,12.5,ERROR_DETECTED,1,0,0,0,0
B_vs_probabilidad,CRC32,32,256,0.2,52,288,32,12.5,ERROR_DETECTED,1,0,0,0,0
B_vs_probabilidad,CRC32,32,256,0.2,52,288,32,12.5,ERROR_DETECTED,1,0,0,0,0
B_vs_probabilidad,CRC32,32,256,0.2,47,288,32,12.5,ERROR_DETECTED,1,0,0,0,0
B_vs_probabilidad,CRC32,32,256,0.2,60,288,32,12.5,ERROR_DETECTED,1,0,0,0,0
B_vs_probabilidad,CRC32,32,256,0.2,52,288,32,12.5,ERROR_DETECTED,1,0,0,0,0
B_vs_probabilidad,CRC32,32,256,0.2,62,288,32,12.5,ERROR_DETECTED,1,0,0,0,0
B_vs_probabilidad,CRC32,32,256,0.2,61,288,32,12.5,ERROR_DETECTED,1,0,0,0,0
B_vs_probabilidad,CRC32,32,256,0.2,64,288,32,12.5,ERROR_DETECTED,1,0,0,0,0
B_vs_probabilidad,CRC32,32,256,0.2,53,288,32,12.5,ERROR_DETECTED,1,0,0,0,0
B_vs_probabilidad,CRC32,32,256,0.2,51,288,32,12.5,ERROR_DETECTED,1,0,0,0,0
B_vs_probabilidad,CRC32,32,256,0.2,59,288,32,12.5,ERROR_DETECTED,1,0,0,0,0
B_vs_probabilidad,CRC32,32,256,0.2,67,288,32,12.5,ERROR_DETECTED,1,0,0,0,0
B_vs_probabilidad,CRC32,32,256,0.2,49,288,32,12.5,ERROR_DETECTED,1,0,0,0,0
B_vs_probabilidad,CRC32,32,256,0.2,49,288,32,12.5,ERROR_DETECTED,1,0,0,0,0
B_vs_probabilidad,CRC32,32,256,0.2,61,288,32,12.5,ERROR_DETECTED,1,0,0,0,0
B_vs_probabilidad,CRC32,32,256,0.2,53,288,32,12.5,ERROR_DETECTED,1,0,0,0,0
B_vs_probabilidad,CRC32,32,256,0.2,59,288,32,12.5,ERROR_DETECTED,1,0,0,0,0
B_vs_probabilidad,CRC32,32,256,0.2,49,288,32,12.5,ERROR_DETECTED,1,0,0,0,0
B_vs_probabilidad,CRC32,32,256,0.2,44,288,32,12.5,ERROR_DETECTED,1,0,0,0,0
B_vs_probabilidad,CRC32,32,256,0.2,46,288,32,12.5,ERROR_DETECTED,1,0,0,0,0
B_vs_probabilidad,CRC32,32,256,0.2,56,288,32,12.5,ERROR_DETECTED,1,0,0,0,0
B_vs_probabilidad,CRC32,32,256,0.2,53,288,32,12.5,ERROR_DETECTED,1,0,0,0,0
B_vs_probabilidad,CRC32,32,256,0.2,63,288,32,12.5,ERROR_DETECTED,1,0,0,0,0
B_vs_probabilidad,CRC32,32,256,0.2,50,288,32,12.5,ERROR_DETECTED,1,0,0,0,0
B_vs_probabilidad,CRC32,32,256,0.2,60,288,32,12.5,ERROR_DETECTED,1,0,0,0,0
B_vs_probabilidad,CRC32,32,256,0.2,59,288,32,12.5,ERROR_DETECTED,1,0,0,0,0
B_vs_probabilidad,CRC32,32,256,0.2,49,288,32,12.5,ERROR_DETECTED,1,0,0,0,0
B_vs_probabilidad,CRC32,32,256,0.2,54,288,32,12.5,ERROR_DETECTED,1,0,0,0,0
B_vs_probabilidad,CRC32,32,256,0.2,59,288,32,12.5,ERROR_DETECTED,1,0,0,0,0
B_vs_probabilidad,CRC32,32,256,0.2,61,288,32,12.5,ERROR_DETECTED,1,0,0,0,0
B_vs_probabilidad,CRC32,32,256,0.2,59,288,32,12.5,ERROR_DETECTED,1,0,0,0,0
B_vs_probabilidad,CRC32,32,256,0.2,48,288,32,12.5,ERROR_DETECTED,1,0,0,0,0
B_vs_probabilidad,CRC32,32,256,0.2,49,288,32,12.5,ERROR_DETECTED,1,0,0,0,0
B_vs_probabilidad,CRC32,32,256,0.2,67,288,32,12.5,ERROR_DETECTED,1,0,0,0,0
B_vs_probabilidad,CRC32,32,256,0.2,55,288,32,12.5,ERROR_DETECTED,1,0,0,0,0
B_vs_probabilidad,CRC32,32,256,0.2,46,288,32,12.5,ERROR_DETECTED,1,0,0,0,0
B_vs_probabilidad,CRC32,32,256,0.2,44,288,32,12.5,ERROR_DETECTED,1,0,0,0,0
B_vs_probabilidad,CRC32,32,256,0.2,55,288,32,12.5,ERROR_DETECTED,1,0,0,0,0
B_vs_probabilidad,CRC32,32,256,0.2,62,288,32,12.5,ERROR_DETECTED,1,0,0,0,0
B_vs_probabilidad,CRC32,32,256,0.2,58,288,32,12.5,ERROR_DETECTED,1,0,0,0,0
B_vs_probabilidad,CRC32,32,256,0.2,49,288,32,12.5,ERROR_DETECTED,1,0,0,0,0
B_vs_probabilidad,CRC32,32,256,0.2,59,288,32,12.5,ERROR_DETECTED,1,0,0,0,0
B_vs_probabilidad,CRC32,32,256,0.2,54,288,32,12.5,ERROR_DETECTED,1,0,0,0,0
B_vs_probabilidad,CRC32,32,256,0.2,64,288,32,12.5,ERROR_DETECTED,1,0,0,0,0
B_vs_probabilidad,CRC32,32,256,0.2,62,288,32,12.5,ERROR_DETECTED,1,0,0,0,0
B_vs_probabilidad,CRC32,32,256,0.2,55,288,32,12.5,ERROR_DETECTED,1,0,0,0,0
B_vs_probabilidad,CRC32,32,256,0.2,51,288,32,12.5,ERROR_DETECTED,1,0,0,0,0
B_vs_probabilidad,CRC32,32,256,0.2,54,288,32,12.5,ERROR_DETECTED,1,0,0,0,0
B_vs_probabilidad,CRC32,32,256,0.2,62,288,32,12.5,ERROR_DETECTED,1,0,0,0,0
B_vs_probabilidad,CRC32,32,256,0.2,61,288,32,12.5,ERROR_DETECTED,1,0,0,0,0
B_vs_probabilidad,CRC32,32,256,0.2,55,288,32,12.5,ERROR_DETECTED,1,0,0,0,0
B_vs_probabilidad,CRC32,32,256,0.2,62,288,32,12.5,ERROR_DETECTED,1,0,0,0,0
B_vs_probabilidad,CRC32,32,256,0.2,65,288,32,12.5,ERROR_DETECTED,1,0,0,0,0
B_vs_probabilidad,CRC32,32,256,0.2,55,288,32,12.5,ERROR_DETECTED,1,0,0,0,0
B_vs_probabilidad,CRC32,32,256,0.2,67,288,32,12.5,ERROR_DETECTED,1,0,0,0,0
B_vs_probabilidad,CRC32,32,256,0.2,64,288,32,12.5,ERROR_DETECTED,1,0,0,0,0
B_vs_probabilidad,CRC32,32,256,0.2,59,288,32,12.5,ERROR_DETECTED,1,0,0,0,0
B_vs_probabilidad,CRC32,32,256,0.2,59,288,32,12.5,ERROR_DETECTED,1,0,0,0,0
B_vs_probabilidad,CRC32,32,256,0.2,69,288,32,12.5,ERROR_DETECTED,1,0,0,0,0
B_vs_probabilidad,CRC32,32,256,0.2,63,288,32,12.5,ERROR_DETECTED,1,0,0,0,0
B_vs_probabilidad,CRC32,32,256,0.2,51,288,32,12.5,ERROR_DETECTED,1,0,0,0,0
B_vs_probabilidad,CRC32,32,256,0.2,75,288,32,12.5,ERROR_DETECTED,1,0,0,0,0
B_vs_probabilidad,CRC32,32,256,0.2,69,288,32,12.5,ERROR_DETECTED,1,0,0,0,0
B_vs_probabilidad,CRC32,32,256,0.2,59,288,32,12.5,ERROR_DETECTED,1,0,0,0,0
B_vs_probabilidad,CRC32,32,256,0.2,59,288,32,12.5,ERROR_DETECTED,1,0,0,0,0
B_vs_probabilidad,CRC32,32,256,0.2,49,288,32,12.5,ERROR_DETECTED,1,0,0,0,0
B_vs_probabilidad,CRC32,32,256,0.2,57,288,32,12.5,ERROR_DETECTED,1,0,0,0,0
B_vs_probabilidad,CRC32,32,256,0.2,72,288,32,12.5,ERROR_DETECTED,1,0,0,0,0
B_vs_probabilidad,CRC32,32,256,0.2,73,288,32,12.5,ERROR_DETECTED,1,0,0,0,0
B_vs_probabilidad,CRC32,32,256,0.2,64,288,32,12.5,ERROR_DETECTED,1,0,0,0,0
B_vs_probabilidad,CRC32,32,256,0.2,55,288,32,12.5,ERROR_DETECTED,1,0,0,0,0
B_vs_probabilidad,CRC32,32,256,0.2,56,288,32,12.5,ERROR_DETECTED,1,0,0,0,0
B_vs_probabilidad,CRC32,32,256,0.2,66,288,32,12.5,ERROR_DETECTED,1,0,0,0,0
B_vs_probabilidad,CRC32,32,256,0.2,52,288,32,12.5,ERROR_DETECTED,1,0,0,0,0
B_vs_probabilidad,CRC32,32,256,0.2,51,288,32,12.5,ERROR_DETECTED,1,0,0,0,0
B_vs_probabilidad,CRC32,32,256,0.2,74,288,32,12.5,ERROR_DETECTED,1,0,0,0,0
B_vs_probabilidad,CRC32,32,256,0.2,59,288,32,12.5,ERROR_DETECTED,1,0,0,0,0
B_vs_probabilidad,CRC32,32,256,0.2,60,288,32,12.5,ERROR_DETECTED,1,0,0,0,0
B_vs_probabilidad,CRC32,32,256,0.2,47,288,32,12.5,ERROR_DETECTED,1,0,0,0,0
B_vs_probabilidad,CRC32,32,256,0.2,52,288,32,12.5,ERROR_DETECTED,1,0,0,0,0
B_vs_probabilidad,CRC32,32,256,0.2,50,288,32,12.5,ERROR_DETECTED,1,0,0,0,0
B_vs_probabilidad,CRC32,32,256,0.2,54,288,32,12.5,ERROR_DETECTED,1,0,0,0,0
B_vs_probabilidad,CRC32,32,256,0.2,59,288,32,12.5,ERROR_DETECTED,1,0,0,0,0
B_vs_probabilidad,CRC32,32,256,0.2,59,288,32,12.5,ERROR_DETECTED,1,0,0,0,0
B_vs_probabilidad,CRC32,32,256,0.2,55,288,32,12.5,ERROR_DETECTED,1,0,0,0,0
B_vs_probabilidad,CRC32,32,256,0.2,71,288,32,12.5,ERROR_DETECTED,1,0,0,0,0
B_vs_probabilidad,CRC32,32,256,0.2,53,288,32,12.5,ERROR_DETECTED,1,0,0,0,0
B_vs_probabilidad,CRC32,32,256,0.2,53,288,32,12.5,ERROR_DETECTED,1,0,0,0,0
B_vs_probabilidad,CRC32,32,256,0.2,53,288,32,12.5,ERROR_DETECTED,1,0,0,0,0
B_vs_probabilidad,CRC32,32,256,0.2,51,288,32,12.5,ERROR_DETECTED,1,0,0,0,0
B_vs_probabilidad,CRC32,32,256,0.2,57,288,32,12.5,ERROR_DETECTED,1,0,0,0,0
B_vs_probabilidad,CRC32,32,256,0.2,48,288,32,12.5,ERROR_DETECTED,1,0,0,0,0
B_vs_probabilidad,CRC32,32,256,0.2,58,288,32,12.5,ERROR_DETECTED,1,0,0,0,0
B_vs_probabilidad,CRC32,32,256,0.2,51,288,32,12.5,ERROR_DETECTED,1,0,0,0,0
B_vs_probabilidad,CRC32,32,256,0.2,60,288,32,12.5,ERROR_DETECTED,1,0,0,0,0
B_vs_probabilidad,CRC32,32,256,0.2,59,288,32,12.5,ERROR_DETECTED,1,0,0,0,0
B_vs_probabilidad,CRC32,32,256,0.2,61,288,32,12.5,ERROR_DETECTED,1,0,0,0,0
B_vs_probabilidad,CRC32,32,256,0.2,56,288,32,12.5,ERROR_DETECTED,1,0,0,0,0
B_vs_probabilidad,CRC32,32,256,0.2,54,288,32,12.5,ERROR_DETECTED,1,0,0,0,0
B_vs_probabilidad,CRC32,32,256,0.2,48,288,32,12.5,ERROR_DETECTED,1,0,0,0,0
B_vs_probabilidad,CRC32,32,256,0.2,52,288,32,12.5,ERROR_DETECTED,1,0,0,0,0
B_vs_probabilidad,CRC32,32,256,0.2,58,288,32,12.5,ERROR_DETECTED,1,0,0,0,0
B_vs_probabilidad,CRC32,32,256,0.2,49,288,32,12.5,ERROR_DETECTED,1,0,0,0,0
B_vs_probabilidad,CRC32,32,256,0.2,54,288,32,12.5,ERROR_DETECTED,1,0,0,0,0
C_vs_tamano,HAMMING,1,8,0.01,0,13,5,62.5,OK,0,0,1,0,0
C_vs_tamano,HAMMING,1,8,0.01,0,13,5,62.5,OK,0,0,1,0,0
C_vs_tamano,HAMMING,1,8,0.01,0,13,5,62.5,OK,0,0,1,0,0
C_vs_tamano,HAMMING,1,8,0.01,0,13,5,62.5,OK,0,0,1,0,0
C_vs_tamano,HAMMING,1,8,0.01,0,13,5,62.5,OK,0,0,1,0,0
C_vs_tamano,HAMMING,1,8,0.01,0,13,5,62.5,OK,0,0,1,0,0
C_vs_tamano,HAMMING,1,8,0.01,0,13,5,62.5,OK,0,0,1,0,0
C_vs_tamano,HAMMING,1,8,0.01,0,13,5,62.5,OK,0,0,1,0,0
C_vs_tamano,HAMMING,1,8,0.01,1,13,5,62.5,CORRECTED,1,1,1,0,0
C_vs_tamano,HAMMING,1,8,0.01,0,13,5,62.5,OK,0,0,1,0,0
C_vs_tamano,HAMMING,1,8,0.01,1,13,5,62.5,CORRECTED,1,1,1,0,0
C_vs_tamano,HAMMING,1,8,0.01,0,13,5,62.5,OK,0,0,1,0,0
C_vs_tamano,HAMMING,1,8,0.01,0,13,5,62.5,OK,0,0,1,0,0
C_vs_tamano,HAMMING,1,8,0.01,0,13,5,62.5,OK,0,0,1,0,0
C_vs_tamano,HAMMING,1,8,0.01,0,13,5,62.5,OK,0,0,1,0,0
C_vs_tamano,HAMMING,1,8,0.01,0,13,5,62.5,OK,0,0,1,0,0
C_vs_tamano,HAMMING,1,8,0.01,1,13,5,62.5,CORRECTED,1,1,1,0,0
C_vs_tamano,HAMMING,1,8,0.01,0,13,5,62.5,OK,0,0,1,0,0
C_vs_tamano,HAMMING,1,8,0.01,0,13,5,62.5,OK,0,0,1,0,0
C_vs_tamano,HAMMING,1,8,0.01,0,13,5,62.5,OK,0,0,1,0,0
C_vs_tamano,HAMMING,1,8,0.01,0,13,5,62.5,OK,0,0,1,0,0
C_vs_tamano,HAMMING,1,8,0.01,0,13,5,62.5,OK,0,0,1,0,0
C_vs_tamano,HAMMING,1,8,0.01,1,13,5,62.5,CORRECTED,1,1,1,0,0
C_vs_tamano,HAMMING,1,8,0.01,0,13,5,62.5,OK,0,0,1,0,0
C_vs_tamano,HAMMING,1,8,0.01,0,13,5,62.5,OK,0,0,1,0,0
C_vs_tamano,HAMMING,1,8,0.01,0,13,5,62.5,OK,0,0,1,0,0
C_vs_tamano,HAMMING,1,8,0.01,0,13,5,62.5,OK,0,0,1,0,0
C_vs_tamano,HAMMING,1,8,0.01,0,13,5,62.5,OK,0,0,1,0,0
C_vs_tamano,HAMMING,1,8,0.01,0,13,5,62.5,OK,0,0,1,0,0
C_vs_tamano,HAMMING,1,8,0.01,0,13,5,62.5,OK,0,0,1,0,0
C_vs_tamano,HAMMING,1,8,0.01,0,13,5,62.5,OK,0,0,1,0,0
C_vs_tamano,HAMMING,1,8,0.01,0,13,5,62.5,OK,0,0,1,0,0
C_vs_tamano,HAMMING,1,8,0.01,0,13,5,62.5,OK,0,0,1,0,0
C_vs_tamano,HAMMING,1,8,0.01,0,13,5,62.5,OK,0,0,1,0,0
C_vs_tamano,HAMMING,1,8,0.01,0,13,5,62.5,OK,0,0,1,0,0
C_vs_tamano,HAMMING,1,8,0.01,2,13,5,62.5,ERROR_DETECTED,1,0,0,0,0
C_vs_tamano,HAMMING,1,8,0.01,0,13,5,62.5,OK,0,0,1,0,0
C_vs_tamano,HAMMING,1,8,0.01,1,13,5,62.5,CORRECTED,1,1,1,0,0
C_vs_tamano,HAMMING,1,8,0.01,0,13,5,62.5,OK,0,0,1,0,0
C_vs_tamano,HAMMING,1,8,0.01,0,13,5,62.5,OK,0,0,1,0,0
C_vs_tamano,HAMMING,1,8,0.01,0,13,5,62.5,OK,0,0,1,0,0
C_vs_tamano,HAMMING,1,8,0.01,0,13,5,62.5,OK,0,0,1,0,0
C_vs_tamano,HAMMING,1,8,0.01,0,13,5,62.5,OK,0,0,1,0,0
C_vs_tamano,HAMMING,1,8,0.01,0,13,5,62.5,OK,0,0,1,0,0
C_vs_tamano,HAMMING,1,8,0.01,0,13,5,62.5,OK,0,0,1,0,0
C_vs_tamano,HAMMING,1,8,0.01,0,13,5,62.5,OK,0,0,1,0,0
C_vs_tamano,HAMMING,1,8,0.01,0,13,5,62.5,OK,0,0,1,0,0
C_vs_tamano,HAMMING,1,8,0.01,0,13,5,62.5,OK,0,0,1,0,0
C_vs_tamano,HAMMING,1,8,0.01,0,13,5,62.5,OK,0,0,1,0,0
C_vs_tamano,HAMMING,1,8,0.01,0,13,5,62.5,OK,0,0,1,0,0
C_vs_tamano,HAMMING,1,8,0.01,0,13,5,62.5,OK,0,0,1,0,0
C_vs_tamano,HAMMING,1,8,0.01,0,13,5,62.5,OK,0,0,1,0,0
C_vs_tamano,HAMMING,1,8,0.01,0,13,5,62.5,OK,0,0,1,0,0
C_vs_tamano,HAMMING,1,8,0.01,0,13,5,62.5,OK,0,0,1,0,0
C_vs_tamano,HAMMING,1,8,0.01,1,13,5,62.5,CORRECTED,1,1,1,0,0
C_vs_tamano,HAMMING,1,8,0.01,0,13,5,62.5,OK,0,0,1,0,0
C_vs_tamano,HAMMING,1,8,0.01,0,13,5,62.5,OK,0,0,1,0,0
C_vs_tamano,HAMMING,1,8,0.01,1,13,5,62.5,CORRECTED,1,1,1,0,0
C_vs_tamano,HAMMING,1,8,0.01,1,13,5,62.5,CORRECTED,1,1,1,0,0
C_vs_tamano,HAMMING,1,8,0.01,1,13,5,62.5,CORRECTED,1,1,1,0,0
C_vs_tamano,HAMMING,1,8,0.01,0,13,5,62.5,OK,0,0,1,0,0
C_vs_tamano,HAMMING,1,8,0.01,0,13,5,62.5,OK,0,0,1,0,0
C_vs_tamano,HAMMING,1,8,0.01,0,13,5,62.5,OK,0,0,1,0,0
C_vs_tamano,HAMMING,1,8,0.01,0,13,5,62.5,OK,0,0,1,0,0
C_vs_tamano,HAMMING,1,8,0.01,0,13,5,62.5,OK,0,0,1,0,0
C_vs_tamano,HAMMING,1,8,0.01,0,13,5,62.5,OK,0,0,1,0,0
C_vs_tamano,HAMMING,1,8,0.01,0,13,5,62.5,OK,0,0,1,0,0
C_vs_tamano,HAMMING,1,8,0.01,0,13,5,62.5,OK,0,0,1,0,0
C_vs_tamano,HAMMING,1,8,0.01,1,13,5,62.5,CORRECTED,1,1,1,0,0
C_vs_tamano,HAMMING,1,8,0.01,0,13,5,62.5,OK,0,0,1,0,0
C_vs_tamano,HAMMING,1,8,0.01,0,13,5,62.5,OK,0,0,1,0,0
C_vs_tamano,HAMMING,1,8,0.01,0,13,5,62.5,OK,0,0,1,0,0
C_vs_tamano,HAMMING,1,8,0.01,0,13,5,62.5,OK,0,0,1,0,0
C_vs_tamano,HAMMING,1,8,0.01,0,13,5,62.5,OK,0,0,1,0,0
C_vs_tamano,HAMMING,1,8,0.01,0,13,5,62.5,OK,0,0,1,0,0
C_vs_tamano,HAMMING,1,8,0.01,0,13,5,62.5,OK,0,0,1,0,0
C_vs_tamano,HAMMING,1,8,0.01,0,13,5,62.5,OK,0,0,1,0,0
C_vs_tamano,HAMMING,1,8,0.01,0,13,5,62.5,OK,0,0,1,0,0
C_vs_tamano,HAMMING,1,8,0.01,0,13,5,62.5,OK,0,0,1,0,0
C_vs_tamano,HAMMING,1,8,0.01,0,13,5,62.5,OK,0,0,1,0,0
C_vs_tamano,HAMMING,1,8,0.01,1,13,5,62.5,CORRECTED,1,1,1,0,0
C_vs_tamano,HAMMING,1,8,0.01,0,13,5,62.5,OK,0,0,1,0,0
C_vs_tamano,HAMMING,1,8,0.01,0,13,5,62.5,OK,0,0,1,0,0
C_vs_tamano,HAMMING,1,8,0.01,0,13,5,62.5,OK,0,0,1,0,0
C_vs_tamano,HAMMING,1,8,0.01,0,13,5,62.5,OK,0,0,1,0,0
C_vs_tamano,HAMMING,1,8,0.01,1,13,5,62.5,CORRECTED,1,1,1,0,0
C_vs_tamano,HAMMING,1,8,0.01,0,13,5,62.5,OK,0,0,1,0,0
C_vs_tamano,HAMMING,1,8,0.01,0,13,5,62.5,OK,0,0,1,0,0
C_vs_tamano,HAMMING,1,8,0.01,0,13,5,62.5,OK,0,0,1,0,0
C_vs_tamano,HAMMING,1,8,0.01,0,13,5,62.5,OK,0,0,1,0,0
C_vs_tamano,HAMMING,1,8,0.01,0,13,5,62.5,OK,0,0,1,0,0
C_vs_tamano,HAMMING,1,8,0.01,0,13,5,62.5,OK,0,0,1,0,0
C_vs_tamano,HAMMING,1,8,0.01,0,13,5,62.5,OK,0,0,1,0,0
C_vs_tamano,HAMMING,1,8,0.01,0,13,5,62.5,OK,0,0,1,0,0
C_vs_tamano,HAMMING,1,8,0.01,0,13,5,62.5,OK,0,0,1,0,0
C_vs_tamano,HAMMING,1,8,0.01,0,13,5,62.5,OK,0,0,1,0,0
C_vs_tamano,HAMMING,1,8,0.01,0,13,5,62.5,OK,0,0,1,0,0
C_vs_tamano,HAMMING,1,8,0.01,0,13,5,62.5,OK,0,0,1,0,0
C_vs_tamano,HAMMING,1,8,0.01,0,13,5,62.5,OK,0,0,1,0,0
C_vs_tamano,HAMMING,1,8,0.01,0,13,5,62.5,OK,0,0,1,0,0
C_vs_tamano,HAMMING,1,8,0.01,0,13,5,62.5,OK,0,0,1,0,0
C_vs_tamano,HAMMING,1,8,0.01,0,13,5,62.5,OK,0,0,1,0,0
C_vs_tamano,HAMMING,1,8,0.01,0,13,5,62.5,OK,0,0,1,0,0
C_vs_tamano,HAMMING,1,8,0.01,0,13,5,62.5,OK,0,0,1,0,0
C_vs_tamano,HAMMING,1,8,0.01,0,13,5,62.5,OK,0,0,1,0,0
C_vs_tamano,HAMMING,1,8,0.01,0,13,5,62.5,OK,0,0,1,0,0
C_vs_tamano,HAMMING,1,8,0.01,1,13,5,62.5,CORRECTED,1,1,1,0,0
C_vs_tamano,HAMMING,1,8,0.01,0,13,5,62.5,OK,0,0,1,0,0
C_vs_tamano,HAMMING,1,8,0.01,0,13,5,62.5,OK,0,0,1,0,0
C_vs_tamano,HAMMING,1,8,0.01,0,13,5,62.5,OK,0,0,1,0,0
C_vs_tamano,HAMMING,1,8,0.01,0,13,5,62.5,OK,0,0,1,0,0
C_vs_tamano,HAMMING,1,8,0.01,0,13,5,62.5,OK,0,0,1,0,0
C_vs_tamano,HAMMING,1,8,0.01,0,13,5,62.5,OK,0,0,1,0,0
C_vs_tamano,HAMMING,1,8,0.01,0,13,5,62.5,OK,0,0,1,0,0
C_vs_tamano,HAMMING,1,8,0.01,0,13,5,62.5,OK,0,0,1,0,0
C_vs_tamano,HAMMING,1,8,0.01,0,13,5,62.5,OK,0,0,1,0,0
C_vs_tamano,HAMMING,1,8,0.01,0,13,5,62.5,OK,0,0,1,0,0
C_vs_tamano,HAMMING,1,8,0.01,0,13,5,62.5,OK,0,0,1,0,0
C_vs_tamano,HAMMING,1,8,0.01,1,13,5,62.5,CORRECTED,1,1,1,0,0
C_vs_tamano,HAMMING,1,8,0.01,0,13,5,62.5,OK,0,0,1,0,0
C_vs_tamano,HAMMING,1,8,0.01,0,13,5,62.5,OK,0,0,1,0,0
C_vs_tamano,HAMMING,1,8,0.01,0,13,5,62.5,OK,0,0,1,0,0
C_vs_tamano,HAMMING,1,8,0.01,0,13,5,62.5,OK,0,0,1,0,0
C_vs_tamano,HAMMING,1,8,0.01,0,13,5,62.5,OK,0,0,1,0,0
C_vs_tamano,HAMMING,1,8,0.01,1,13,5,62.5,CORRECTED,1,1,1,0,0
C_vs_tamano,HAMMING,1,8,0.01,0,13,5,62.5,OK,0,0,1,0,0
C_vs_tamano,HAMMING,1,8,0.01,0,13,5,62.5,OK,0,0,1,0,0
C_vs_tamano,HAMMING,1,8,0.01,0,13,5,62.5,OK,0,0,1,0,0
C_vs_tamano,HAMMING,1,8,0.01,0,13,5,62.5,OK,0,0,1,0,0
C_vs_tamano,HAMMING,1,8,0.01,0,13,5,62.5,OK,0,0,1,0,0
C_vs_tamano,HAMMING,1,8,0.01,0,13,5,62.5,OK,0,0,1,0,0
C_vs_tamano,HAMMING,1,8,0.01,0,13,5,62.5,OK,0,0,1,0,0
C_vs_tamano,HAMMING,1,8,0.01,0,13,5,62.5,OK,0,0,1,0,0
C_vs_tamano,HAMMING,1,8,0.01,0,13,5,62.5,OK,0,0,1,0,0
C_vs_tamano,HAMMING,1,8,0.01,0,13,5,62.5,OK,0,0,1,0,0
C_vs_tamano,HAMMING,1,8,0.01,0,13,5,62.5,OK,0,0,1,0,0
C_vs_tamano,HAMMING,1,8,0.01,1,13,5,62.5,CORRECTED,1,1,1,0,0
C_vs_tamano,HAMMING,1,8,0.01,2,13,5,62.5,ERROR_DETECTED,1,0,0,0,0
C_vs_tamano,HAMMING,1,8,0.01,0,13,5,62.5,OK,0,0,1,0,0
C_vs_tamano,HAMMING,1,8,0.01,0,13,5,62.5,OK,0,0,1,0,0
C_vs_tamano,HAMMING,1,8,0.01,0,13,5,62.5,OK,0,0,1,0,0
C_vs_tamano,HAMMING,1,8,0.01,1,13,5,62.5,CORRECTED,1,1,1,0,0
C_vs_tamano,HAMMING,1,8,0.01,1,13,5,62.5,CORRECTED,1,1,1,0,0
C_vs_tamano,HAMMING,1,8,0.01,0,13,5,62.5,OK,0,0,1,0,0
C_vs_tamano,HAMMING,1,8,0.01,0,13,5,62.5,OK,0,0,1,0,0
C_vs_tamano,HAMMING,1,8,0.01,0,13,5,62.5,OK,0,0,1,0,0
C_vs_tamano,HAMMING,1,8,0.01,0,13,5,62.5,OK,0,0,1,0,0
C_vs_tamano,HAMMING,1,8,0.01,0,13,5,62.5,OK,0,0,1,0,0
C_vs_tamano,HAMMING,1,8,0.01,0,13,5,62.5,OK,0,0,1,0,0
C_vs_tamano,HAMMING,1,8,0.01,0,13,5,62.5,OK,0,0,1,0,0
C_vs_tamano,HAMMING,2,16,0.01,1,22,6,37.5,CORRECTED,1,1,1,0,0
C_vs_tamano,HAMMING,2,16,0.01,0,22,6,37.5,OK,0,0,1,0,0
C_vs_tamano,HAMMING,2,16,0.01,0,22,6,37.5,OK,0,0,1,0,0
C_vs_tamano,HAMMING,2,16,0.01,0,22,6,37.5,OK,0,0,1,0,0
C_vs_tamano,HAMMING,2,16,0.01,0,22,6,37.5,OK,0,0,1,0,0
C_vs_tamano,HAMMING,2,16,0.01,0,22,6,37.5,OK,0,0,1,0,0
C_vs_tamano,HAMMING,2,16,0.01,0,22,6,37.5,OK,0,0,1,0,0
C_vs_tamano,HAMMING,2,16,0.01,0,22,6,37.5,OK,0,0,1,0,0
C_vs_tamano,HAMMING,2,16,0.01,0,22,6,37.5,OK,0,0,1,0,0
C_vs_tamano,HAMMING,2,16,0.01,0,22,6,37.5,OK,0,0,1,0,0
C_vs_tamano,HAMMING,2,16,0.01,1,22,6,37.5,CORRECTED,1,1,1,0,0
C_vs_tamano,HAMMING,2,16,0.01,0,22,6,37.5,OK,0,0,1,0,0
C_vs_tamano,HAMMING,2,16,0.01,0,22,6,37.5,OK,0,0,1,0,0
C_vs_tamano,HAMMING,2,16,0.01,0,22,6,37.5,OK,0,0,1,0,0
C_vs_tamano,HAMMING,2,16,0.01,0,22,6,37.5,OK,0,0,1,0,0
C_vs_tamano,HAMMING,2,16,0.01,0,22,6,37.5,OK,0,0,1,0,0
C_vs_tamano,HAMMING,2,16,0.01,0,22,6,37.5,OK,0,0,1,0,0
C_vs_tamano,HAMMING,2,16,0.01,0,22,6,37.5,OK,0,0,1,0,0
C_vs_tamano,HAMMING,2,16,0.01,0,22,6,37.5,OK,0,0,1,0,0
C_vs_tamano,HAMMING,2,16,0.01,0,22,6,37.5,OK,0,0,1,0,0
C_vs_tamano,HAMMING,2,16,0.01,0,22,6,37.5,OK,0,0,1,0,0
C_vs_tamano,HAMMING,2,16,0.01,0,22,6,37.5,OK,0,0,1,0,0
C_vs_tamano,HAMMING,2,16,0.01,0,22,6,37.5,OK,0,0,1,0,0
C_vs_tamano,HAMMING,2,16,0.01,0,22,6,37.5,OK,0,0,1,0,0
C_vs_tamano,HAMMING,2,16,0.01,1,22,6,37.5,CORRECTED,1,1,1,0,0
C_vs_tamano,HAMMING,2,16,0.01,0,22,6,37.5,OK,0,0,1,0,0
C_vs_tamano,HAMMING,2,16,0.01,0,22,6,37.5,OK,0,0,1,0,0
C_vs_tamano,HAMMING,2,16,0.01,0,22,6,37.5,OK,0,0,1,0,0
C_vs_tamano,HAMMING,2,16,0.01,0,22,6,37.5,OK,0,0,1,0,0
C_vs_tamano,HAMMING,2,16,0.01,0,22,6,37.5,OK,0,0,1,0,0
C_vs_tamano,HAMMING,2,16,0.01,1,22,6,37.5,CORRECTED,1,1,1,0,0
C_vs_tamano,HAMMING,2,16,0.01,0,22,6,37.5,OK,0,0,1,0,0
C_vs_tamano,HAMMING,2,16,0.01,1,22,6,37.5,CORRECTED,1,1,1,0,0
C_vs_tamano,HAMMING,2,16,0.01,0,22,6,37.5,OK,0,0,1,0,0
C_vs_tamano,HAMMING,2,16,0.01,0,22,6,37.5,OK,0,0,1,0,0
C_vs_tamano,HAMMING,2,16,0.01,0,22,6,37.5,OK,0,0,1,0,0
C_vs_tamano,HAMMING,2,16,0.01,0,22,6,37.5,OK,0,0,1,0,0
C_vs_tamano,HAMMING,2,16,0.01,0,22,6,37.5,OK,0,0,1,0,0
C_vs_tamano,HAMMING,2,16,0.01,0,22,6,37.5,OK,0,0,1,0,0
C_vs_tamano,HAMMING,2,16,0.01,0,22,6,37.5,OK,0,0,1,0,0
C_vs_tamano,HAMMING,2,16,0.01,0,22,6,37.5,OK,0,0,1,0,0
C_vs_tamano,HAMMING,2,16,0.01,0,22,6,37.5,OK,0,0,1,0,0
C_vs_tamano,HAMMING,2,16,0.01,0,22,6,37.5,OK,0,0,1,0,0
C_vs_tamano,HAMMING,2,16,0.01,0,22,6,37.5,OK,0,0,1,0,0
C_vs_tamano,HAMMING,2,16,0.01,0,22,6,37.5,OK,0,0,1,0,0
C_vs_tamano,HAMMING,2,16,0.01,1,22,6,37.5,CORRECTED,1,1,1,0,0
C_vs_tamano,HAMMING,2,16,0.01,0,22,6,37.5,OK,0,0,1,0,0
C_vs_tamano,HAMMING,2,16,0.01,1,22,6,37.5,CORRECTED,1,1,1,0,0
C_vs_tamano,HAMMING,2,16,0.01,0,22,6,37.5,OK,0,0,1,0,0
C_vs_tamano,HAMMING,2,16,0.01,0,22,6,37.5,OK,0,0,1,0,0
C_vs_tamano,HAMMING,2,16,0.01,0,22,6,37.5,OK,0,0,1,0,0
C_vs_tamano,HAMMING,2,16,0.01,0,22,6,37.5,OK,0,0,1,0,0
C_vs_tamano,HAMMING,2,16,0.01,0,22,6,37.5,OK,0,0,1,0,0
C_vs_tamano,HAMMING,2,16,0.01,0,22,6,37.5,OK,0,0,1,0,0
C_vs_tamano,HAMMING,2,16,0.01,0,22,6,37.5,OK,0,0,1,0,0
C_vs_tamano,HAMMING,2,16,0.01,0,22,6,37.5,OK,0,0,1,0,0
C_vs_tamano,HAMMING,2,16,0.01,0,22,6,37.5,OK,0,0,1,0,0
C_vs_tamano,HAMMING,2,16,0.01,0,22,6,37.5,OK,0,0,1,0,0
C_vs_tamano,HAMMING,2,16,0.01,0,22,6,37.5,OK,0,0,1,0,0
C_vs_tamano,HAMMING,2,16,0.01,0,22,6,37.5,OK,0,0,1,0,0
C_vs_tamano,HAMMING,2,16,0.01,0,22,6,37.5,OK,0,0,1,0,0
C_vs_tamano,HAMMING,2,16,0.01,1,22,6,37.5,CORRECTED,1,1,1,0,0
C_vs_tamano,HAMMING,2,16,0.01,0,22,6,37.5,OK,0,0,1,0,0
C_vs_tamano,HAMMING,2,16,0.01,0,22,6,37.5,OK,0,0,1,0,0
C_vs_tamano,HAMMING,2,16,0.01,0,22,6,37.5,OK,0,0,1,0,0
C_vs_tamano,HAMMING,2,16,0.01,0,22,6,37.5,OK,0,0,1,0,0
C_vs_tamano,HAMMING,2,16,0.01,1,22,6,37.5,CORRECTED,1,1,1,0,0
C_vs_tamano,HAMMING,2,16,0.01,0,22,6,37.5,OK,0,0,1,0,0
C_vs_tamano,HAMMING,2,16,0.01,0,22,6,37.5,OK,0,0,1,0,0
C_vs_tamano,HAMMING,2,16,0.01,1,22,6,37.5,CORRECTED,1,1,1,0,0
C_vs_tamano,HAMMING,2,16,0.01,0,22,6,37.5,OK,0,0,1,0,0
C_vs_tamano,HAMMING,2,16,0.01,0,22,6,37.5,OK,0,0,1,0,0
C_vs_tamano,HAMMING,2,16,0.01,1,22,6,37.5,CORRECTED,1,1,1,0,0
C_vs_tamano,HAMMING,2,16,0.01,1,22,6,37.5,CORRECTED,1,1,1,0,0
C_vs_tamano,HAMMING,2,16,0.01,0,22,6,37.5,OK,0,0,1,0,0
C_vs_tamano,HAMMING,2,16,0.01,1,22,6,37.5,CORRECTED,1,1,1,0,0
C_vs_tamano,HAMMING,2,16,0.01,0,22,6,37.5,OK,0,0,1,0,0
C_vs_tamano,HAMMING,2,16,0.01,0,22,6,37.5,OK,0,0,1,0,0
C_vs_tamano,HAMMING,2,16,0.01,0,22,6,37.5,OK,0,0,1,0,0
C_vs_tamano,HAMMING,2,16,0.01,0,22,6,37.5,OK,0,0,1,0,0
C_vs_tamano,HAMMING,2,16,0.01,0,22,6,37.5,OK,0,0,1,0,0
C_vs_tamano,HAMMING,2,16,0.01,0,22,6,37.5,OK,0,0,1,0,0
C_vs_tamano,HAMMING,2,16,0.01,1,22,6,37.5,CORRECTED,1,1,1,0,0
C_vs_tamano,HAMMING,2,16,0.01,0,22,6,37.5,OK,0,0,1,0,0
C_vs_tamano,HAMMING,2,16,0.01,0,22,6,37.5,OK,0,0,1,0,0
C_vs_tamano,HAMMING,2,16,0.01,0,22,6,37.5,OK,0,0,1,0,0
C_vs_tamano,HAMMING,2,16,0.01,0,22,6,37.5,OK,0,0,1,0,0
C_vs_tamano,HAMMING,2,16,0.01,0,22,6,37.5,OK,0,0,1,0,0
C_vs_tamano,HAMMING,2,16,0.01,0,22,6,37.5,OK,0,0,1,0,0
C_vs_tamano,HAMMING,2,16,0.01,0,22,6,37.5,OK,0,0,1,0,0
C_vs_tamano,HAMMING,2,16,0.01,0,22,6,37.5,OK,0,0,1,0,0
C_vs_tamano,HAMMING,2,16,0.01,0,22,6,37.5,OK,0,0,1,0,0
C_vs_tamano,HAMMING,2,16,0.01,0,22,6,37.5,OK,0,0,1,0,0
C_vs_tamano,HAMMING,2,16,0.01,0,22,6,37.5,OK,0,0,1,0,0
C_vs_tamano,HAMMING,2,16,0.01,0,22,6,37.5,OK,0,0,1,0,0
C_vs_tamano,HAMMING,2,16,0.01,0,22,6,37.5,OK,0,0,1,0,0
C_vs_tamano,HAMMING,2,16,0.01,0,22,6,37.5,OK,0,0,1,0,0
C_vs_tamano,HAMMING,2,16,0.01,1,22,6,37.5,CORRECTED,1,1,1,0,0
C_vs_tamano,HAMMING,2,16,0.01,0,22,6,37.5,OK,0,0,1,0,0
C_vs_tamano,HAMMING,2,16,0.01,0,22,6,37.5,OK,0,0,1,0,0
C_vs_tamano,HAMMING,2,16,0.01,0,22,6,37.5,OK,0,0,1,0,0
C_vs_tamano,HAMMING,2,16,0.01,0,22,6,37.5,OK,0,0,1,0,0
C_vs_tamano,HAMMING,2,16,0.01,0,22,6,37.5,OK,0,0,1,0,0
C_vs_tamano,HAMMING,2,16,0.01,0,22,6,37.5,OK,0,0,1,0,0
C_vs_tamano,HAMMING,2,16,0.01,0,22,6,37.5,OK,0,0,1,0,0
C_vs_tamano,HAMMING,2,16,0.01,0,22,6,37.5,OK,0,0,1,0,0
C_vs_tamano,HAMMING,2,16,0.01,1,22,6,37.5,CORRECTED,1,1,1,0,0
C_vs_tamano,HAMMING,2,16,0.01,0,22,6,37.5,OK,0,0,1,0,0
C_vs_tamano,HAMMING,2,16,0.01,0,22,6,37.5,OK,0,0,1,0,0
C_vs_tamano,HAMMING,2,16,0.01,0,22,6,37.5,OK,0,0,1,0,0
C_vs_tamano,HAMMING,2,16,0.01,2,22,6,37.5,ERROR_DETECTED,1,0,0,0,0
C_vs_tamano,HAMMING,2,16,0.01,0,22,6,37.5,OK,0,0,1,0,0
C_vs_tamano,HAMMING,2,16,0.01,0,22,6,37.5,OK,0,0,1,0,0
C_vs_tamano,HAMMING,2,16,0.01,0,22,6,37.5,OK,0,0,1,0,0
C_vs_tamano,HAMMING,2,16,0.01,0,22,6,37.5,OK,0,0,1,0,0
C_vs_tamano,HAMMING,2,16,0.01,0,22,6,37.5,OK,0,0,1,0,0
C_vs_tamano,HAMMING,2,16,0.01,0,22,6,37.5,OK,0,0,1,0,0
C_vs_tamano,HAMMING,2,16,0.01,0,22,6,37.5,OK,0,0,1,0,0
C_vs_tamano,HAMMING,2,16,0.01,0,22,6,37.5,OK,0,0,1,0,0
C_vs_tamano,HAMMING,2,16,0.01,0,22,6,37.5,OK,0,0,1,0,0
C_vs_tamano,HAMMING,2,16,0.01,1,22,6,37.5,CORRECTED,1,1,1,0,0
C_vs_tamano,HAMMING,2,16,0.01,0,22,6,37.5,OK,0,0,1,0,0
C_vs_tamano,HAMMING,2,16,0.01,0,22,6,37.5,OK,0,0,1,0,0
C_vs_tamano,HAMMING,2,16,0.01,0,22,6,37.5,OK,0,0,1,0,0
C_vs_tamano,HAMMING,2,16,0.01,0,22,6,37.5,OK,0,0,1,0,0
C_vs_tamano,HAMMING,2,16,0.01,0,22,6,37.5,OK,0,0,1,0,0
C_vs_tamano,HAMMING,2,16,0.01,0,22,6,37.5,OK,0,0,1,0,0
C_vs_tamano,HAMMING,2,16,0.01,0,22,6,37.5,OK,0,0,1,0,0
C_vs_tamano,HAMMING,2,16,0.01,1,22,6,37.5,CORRECTED,1,1,1,0,0
C_vs_tamano,HAMMING,2,16,0.01,0,22,6,37.5,OK,0,0,1,0,0
C_vs_tamano,HAMMING,2,16,0.01,1,22,6,37.5,CORRECTED,1,1,1,0,0
C_vs_tamano,HAMMING,2,16,0.01,0,22,6,37.5,OK,0,0,1,0,0
C_vs_tamano,HAMMING,2,16,0.01,1,22,6,37.5,CORRECTED,1,1,1,0,0
C_vs_tamano,HAMMING,2,16,0.01,1,22,6,37.5,CORRECTED,1,1,1,0,0
C_vs_tamano,HAMMING,2,16,0.01,0,22,6,37.5,OK,0,0,1,0,0
C_vs_tamano,HAMMING,2,16,0.01,0,22,6,37.5,OK,0,0,1,0,0
C_vs_tamano,HAMMING,2,16,0.01,0,22,6,37.5,OK,0,0,1,0,0
C_vs_tamano,HAMMING,2,16,0.01,0,22,6,37.5,OK,0,0,1,0,0
C_vs_tamano,HAMMING,2,16,0.01,0,22,6,37.5,OK,0,0,1,0,0
C_vs_tamano,HAMMING,2,16,0.01,0,22,6,37.5,OK,0,0,1,0,0
C_vs_tamano,HAMMING,2,16,0.01,0,22,6,37.5,OK,0,0,1,0,0
C_vs_tamano,HAMMING,2,16,0.01,2,22,6,37.5,ERROR_DETECTED,1,0,0,0,0
C_vs_tamano,HAMMING,2,16,0.01,0,22,6,37.5,OK,0,0,1,0,0
C_vs_tamano,HAMMING,2,16,0.01,0,22,6,37.5,OK,0,0,1,0,0
C_vs_tamano,HAMMING,2,16,0.01,1,22,6,37.5,CORRECTED,1,1,1,0,0
C_vs_tamano,HAMMING,2,16,0.01,0,22,6,37.5,OK,0,0,1,0,0
C_vs_tamano,HAMMING,2,16,0.01,0,22,6,37.5,OK,0,0,1,0,0
C_vs_tamano,HAMMING,2,16,0.01,0,22,6,37.5,OK,0,0,1,0,0
C_vs_tamano,HAMMING,2,16,0.01,0,22,6,37.5,OK,0,0,1,0,0
C_vs_tamano,HAMMING,2,16,0.01,1,22,6,37.5,CORRECTED,1,1,1,0,0
C_vs_tamano,HAMMING,4,32,0.01,1,39,7,21.875,CORRECTED,1,1,1,0,0
C_vs_tamano,HAMMING,4,32,0.01,0,39,7,21.875,OK,0,0,1,0,0
C_vs_tamano,HAMMING,4,32,0.01,1,39,7,21.875,CORRECTED,1,1,1,0,0
C_vs_tamano,HAMMING,4,32,0.01,1,39,7,21.875,CORRECTED,1,1,1,0,0
C_vs_tamano,HAMMING,4,32,0.01,1,39,7,21.875,CORRECTED,1,1,1,0,0
C_vs_tamano,HAMMING,4,32,0.01,0,39,7,21.875,OK,0,0,1,0,0
C_vs_tamano,HAMMING,4,32,0.01,0,39,7,21.875,OK,0,0,1,0,0
C_vs_tamano,HAMMING,4,32,0.01,0,39,7,21.875,OK,0,0,1,0,0
C_vs_tamano,HAMMING,4,32,0.01,0,39,7,21.875,OK,0,0,1,0,0
C_vs_tamano,HAMMING,4,32,0.01,0,39,7,21.875,OK,0,0,1,0,0
C_vs_tamano,HAMMING,4,32,0.01,0,39,7,21.875,OK,0,0,1,0,0
C_vs_tamano,HAMMING,4,32,0.01,2,39,7,21.875,ERROR_DETECTED,1,0,0,0,0
C_vs_tamano,HAMMING,4,32,0.01,0,39,7,21.875,OK,0,0,1,0,0
C_vs_tamano,HAMMING,4,32,0.01,1,39,7,21.875,CORRECTED,1,1,1,0,0
C_vs_tamano,HAMMING,4,32,0.01,0,39,7,21.875,OK,0,0,1,0,0
C_vs_tamano,HAMMING,4,32,0.01,1,39,7,21.875,CORRECTED,1,1,1,0,0
C_vs_tamano,HAMMING,4,32,0.01,0,39,7,21.875,OK,0,0,1,0,0
C_vs_tamano,HAMMING,4,32,0.01,0,39,7,21.875,OK,0,0,1,0,0
C_vs_tamano,HAMMING,4,32,0.01,0,39,7,21.875,OK,0,0,1,0,0
C_vs_tamano,HAMMING,4,32,0.01,0,39,7,21.875,OK,0,0,1,0,0
C_vs_tamano,HAMMING,4,32,0.01,0,39,7,21.875,OK,0,0,1,0,0
C_vs_tamano,HAMMING,4,32,0.01,2,39,7,21.875,ERROR_DETECTED,1,0,0,0,0
C_vs_tamano,HAMMING,4,32,0.01,1,39,7,21.875,CORRECTED,1,1,1,0,0
C_vs_tamano,HAMMING,4,32,0.01,2,39,7,21.875,ERROR_DETECTED,1,0,0,0,0
C_vs_tamano,HAMMING,4,32,0.01,0,39,7,21.875,OK,0,0,1,0,0
C_vs_tamano,HAMMING,4,32,0.01,0,39,7,21.875,OK,0,0,1,0,0
C_vs_tamano,HAMMING,4,32,0.01,0,39,7,21.875,OK,0,0,1,0,0
C_vs_tamano,HAMMING,4,32,0.01,1,39,7,21.875,CORRECTED,1,1,1,0,0
C_vs_tamano,HAMMING,4,32,0.01,0,39,7,21.875,OK,0,0,1,0,0
C_vs_tamano,HAMMING,4,32,0.01,1,39,7,21.875,CORRECTED,1,1,1,0,0
C_vs_tamano,HAMMING,4,32,0.01,0,39,7,21.875,OK,0,0,1,0,0
C_vs_tamano,HAMMING,4,32,0.01,0,39,7,21.875,OK,0,0,1,0,0
C_vs_tamano,HAMMING,4,32,0.01,0,39,7,21.875,OK,0,0,1,0,0
C_vs_tamano,HAMMING,4,32,0.01,1,39,7,21.875,CORRECTED,1,1,1,0,0
C_vs_tamano,HAMMING,4,32,0.01,0,39,7,21.875,OK,0,0,1,0,0
C_vs_tamano,HAMMING,4,32,0.01,0,39,7,21.875,OK,0,0,1,0,0
C_vs_tamano,HAMMING,4,32,0.01,0,39,7,21.875,OK,0,0,1,0,0
C_vs_tamano,HAMMING,4,32,0.01,1,39,7,21.875,CORRECTED,1,1,1,0,0
C_vs_tamano,HAMMING,4,32,0.01,1,39,7,21.875,CORRECTED,1,1,1,0,0
C_vs_tamano,HAMMING,4,32,0.01,0,39,7,21.875,OK,0,0,1,0,0
C_vs_tamano,HAMMING,4,32,0.01,1,39,7,21.875,CORRECTED,1,1,1,0,0
C_vs_tamano,HAMMING,4,32,0.01,1,39,7,21.875,CORRECTED,1,1,1,0,0
C_vs_tamano,HAMMING,4,32,0.01,1,39,7,21.875,CORRECTED,1,1,1,0,0
C_vs_tamano,HAMMING,4,32,0.01,0,39,7,21.875,OK,0,0,1,0,0
C_vs_tamano,HAMMING,4,32,0.01,0,39,7,21.875,OK,0,0,1,0,0
C_vs_tamano,HAMMING,4,32,0.01,1,39,7,21.875,CORRECTED,1,1,1,0,0
C_vs_tamano,HAMMING,4,32,0.01,1,39,7,21.875,CORRECTED,1,1,1,0,0
C_vs_tamano,HAMMING,4,32,0.01,0,39,7,21.875,OK,0,0,1,0,0
C_vs_tamano,HAMMING,4,32,0.01,0,39,7,21.875,OK,0,0,1,0,0
C_vs_tamano,HAMMING,4,32,0.01,0,39,7,21.875,OK,0,0,1,0,0
C_vs_tamano,HAMMING,4,32,0.01,1,39,7,21.875,CORRECTED,1,1,1,0,0
C_vs_tamano,HAMMING,4,32,0.01,0,39,7,21.875,OK,0,0,1,0,0
C_vs_tamano,HAMMING,4,32,0.01,0,39,7,21.875,OK,0,0,1,0,0
C_vs_tamano,HAMMING,4,32,0.01,2,39,7,21.875,ERROR_DETECTED,1,0,0,0,0
C_vs_tamano,HAMMING,4,32,0.01,0,39,7,21.875,OK,0,0,1,0,0
C_vs_tamano,HAMMING,4,32,0.01,0,39,7,21.875,OK,0,0,1,0,0
C_vs_tamano,HAMMING,4,32,0.01,0,39,7,21.875,OK,0,0,1,0,0
C_vs_tamano,HAMMING,4,32,0.01,1,39,7,21.875,CORRECTED,1,1,1,0,0
C_vs_tamano,HAMMING,4,32,0.01,0,39,7,21.875,OK,0,0,1,0,0
C_vs_tamano,HAMMING,4,32,0.01,0,39,7,21.875,OK,0,0,1,0,0
C_vs_tamano,HAMMING,4,32,0.01,0,39,7,21.875,OK,0,0,1,0,0
C_vs_tamano,HAMMING,4,32,0.01,0,39,7,21.875,OK,0,0,1,0,0
C_vs_tamano,HAMMING,4,32,0.01,0,39,7,21.875,OK,0,0,1,0,0
C_vs_tamano,HAMMING,4,32,0.01,1,39,7,21.875,CORRECTED,1,1,1,0,0
C_vs_tamano,HAMMING,4,32,0.01,0,39,7,21.875,OK,0,0,1,0,0
C_vs_tamano,HAMMING,4,32,0.01,0,39,7,21.875,OK,0,0,1,0,0
C_vs_tamano,HAMMING,4,32,0.01,1,39,7,21.875,CORRECTED,1,1,1,0,0
C_vs_tamano,HAMMING,4,32,0.01,0,39,7,21.875,OK,0,0,1,0,0
C_vs_tamano,HAMMING,4,32,0.01,0,39,7,21.875,OK,0,0,1,0,0
C_vs_tamano,HAMMING,4,32,0.01,0,39,7,21.875,OK,0,0,1,0,0
C_vs_tamano,HAMMING,4,32,0.01,0,39,7,21.875,OK,0,0,1,0,0
C_vs_tamano,HAMMING,4,32,0.01,0,39,7,21.875,OK,0,0,1,0,0
C_vs_tamano,HAMMING,4,32,0.01,0,39,7,21.875,OK,0,0,1,0,0
C_vs_tamano,HAMMING,4,32,0.01,1,39,7,21.875,CORRECTED,1,1,1,0,0
C_vs_tamano,HAMMING,4,32,0.01,0,39,7,21.875,OK,0,0,1,0,0
C_vs_tamano,HAMMING,4,32,0.01,0,39,7,21.875,OK,0,0,1,0,0
C_vs_tamano,HAMMING,4,32,0.01,0,39,7,21.875,OK,0,0,1,0,0
C_vs_tamano,HAMMING,4,32,0.01,0,39,7,21.875,OK,0,0,1,0,0
C_vs_tamano,HAMMING,4,32,0.01,0,39,7,21.875,OK,0,0,1,0,0
C_vs_tamano,HAMMING,4,32,0.01,0,39,7,21.875,OK,0,0,1,0,0
C_vs_tamano,HAMMING,4,32,0.01,1,39,7,21.875,CORRECTED,1,1,1,0,0
C_vs_tamano,HAMMING,4,32,0.01,0,39,7,21.875,OK,0,0,1,0,0
C_vs_tamano,HAMMING,4,32,0.01,1,39,7,21.875,CORRECTED,1,1,1,0,0
C_vs_tamano,HAMMING,4,32,0.01,1,39,7,21.875,CORRECTED,1,1,1,0,0
C_vs_tamano,HAMMING,4,32,0.01,0,39,7,21.875,OK,0,0,1,0,0
C_vs_tamano,HAMMING,4,32,0.01,0,39,7,21.875,OK,0,0,1,0,0
C_vs_tamano,HAMMING,4,32,0.01,0,39,7,21.875,OK,0,0,1,0,0
C_vs_tamano,HAMMING,4,32,0.01,0,39,7,21.875,OK,0,0,1,0,0
C_vs_tamano,HAMMING,4,32,0.01,0,39,7,21.875,OK,0,0,1,0,0
C_vs_tamano,HAMMING,4,32,0.01,0,39,7,21.875,OK,0,0,1,0,0
C_vs_tamano,HAMMING,4,32,0.01,0,39,7,21.875,OK,0,0,1,0,0
C_vs_tamano,HAMMING,4,32,0.01,0,39,7,21.875,OK,0,0,1,0,0
C_vs_tamano,HAMMING,4,32,0.01,0,39,7,21.875,OK,0,0,1,0,0
C_vs_tamano,HAMMING,4,32,0.01,0,39,7,21.875,OK,0,0,1,0,0
C_vs_tamano,HAMMING,4,32,0.01,0,39,7,21.875,OK,0,0,1,0,0
C_vs_tamano,HAMMING,4,32,0.01,1,39,7,21.875,CORRECTED,1,1,1,0,0
C_vs_tamano,HAMMING,4,32,0.01,0,39,7,21.875,OK,0,0,1,0,0
C_vs_tamano,HAMMING,4,32,0.01,1,39,7,21.875,CORRECTED,1,1,1,0,0
C_vs_tamano,HAMMING,4,32,0.01,1,39,7,21.875,CORRECTED,1,1,1,0,0
C_vs_tamano,HAMMING,4,32,0.01,0,39,7,21.875,OK,0,0,1,0,0
C_vs_tamano,HAMMING,4,32,0.01,0,39,7,21.875,OK,0,0,1,0,0
C_vs_tamano,HAMMING,4,32,0.01,1,39,7,21.875,CORRECTED,1,1,1,0,0
C_vs_tamano,HAMMING,4,32,0.01,3,39,7,21.875,CORRECTED,1,1,0,1,0
C_vs_tamano,HAMMING,4,32,0.01,1,39,7,21.875,CORRECTED,1,1,1,0,0
C_vs_tamano,HAMMING,4,32,0.01,1,39,7,21.875,CORRECTED,1,1,1,0,0
C_vs_tamano,HAMMING,4,32,0.01,0,39,7,21.875,OK,0,0,1,0,0
C_vs_tamano,HAMMING,4,32,0.01,0,39,7,21.875,OK,0,0,1,0,0
C_vs_tamano,HAMMING,4,32,0.01,1,39,7,21.875,CORRECTED,1,1,1,0,0
C_vs_tamano,HAMMING,4,32,0.01,0,39,7,21.875,OK,0,0,1,0,0
C_vs_tamano,HAMMING,4,32,0.01,0,39,7,21.875,OK,0,0,1,0,0
C_vs_tamano,HAMMING,4,32,0.01,0,39,7,21.875,OK,0,0,1,0,0
C_vs_tamano,HAMMING,4,32,0.01,0,39,7,21.875,OK,0,0,1,0,0
C_vs_tamano,HAMMING,4,32,0.01,0,39,7,21.875,OK,0,0,1,0,0
C_vs_tamano,HAMMING,4,32,0.01,0,39,7,21.875,OK,0,0,1,0,0
C_vs_tamano,HAMMING,4,32,0.01,0,39,7,21.875,OK,0,0,1,0,0
C_vs_tamano,HAMMING,4,32,0.01,0,39,7,21.875,OK,0,0,1,0,0
C_vs_tamano,HAMMING,4,32,0.01,0,39,7,21.875,OK,0,0,1,0,0
C_vs_tamano,HAMMING,4,32,0.01,1,39,7,21.875,CORRECTED,1,1,1,0,0
C_vs_tamano,HAMMING,4,32,0.01,0,39,7,21.875,OK,0,0,1,0,0
C_vs_tamano,HAMMING,4,32,0.01,1,39,7,21.875,CORRECTED,1,1,1,0,0
C_vs_tamano,HAMMING,4,32,0.01,0,39,7,21.875,OK,0,0,1,0,0
C_vs_tamano,HAMMING,4,32,0.01,0,39,7,21.875,OK,0,0,1,0,0
C_vs_tamano,HAMMING,4,32,0.01,0,39,7,21.875,OK,0,0,1,0,0
C_vs_tamano,HAMMING,4,32,0.01,0,39,7,21.875,OK,0,0,1,0,0
C_vs_tamano,HAMMING,4,32,0.01,0,39,7,21.875,OK,0,0,1,0,0
C_vs_tamano,HAMMING,4,32,0.01,0,39,7,21.875,OK,0,0,1,0,0
C_vs_tamano,HAMMING,4,32,0.01,1,39,7,21.875,CORRECTED,1,1,1,0,0
C_vs_tamano,HAMMING,4,32,0.01,0,39,7,21.875,OK,0,0,1,0,0
C_vs_tamano,HAMMING,4,32,0.01,0,39,7,21.875,OK,0,0,1,0,0
C_vs_tamano,HAMMING,4,32,0.01,2,39,7,21.875,ERROR_DETECTED,1,0,0,0,0
C_vs_tamano,HAMMING,4,32,0.01,1,39,7,21.875,CORRECTED,1,1,1,0,0
C_vs_tamano,HAMMING,4,32,0.01,0,39,7,21.875,OK,0,0,1,0,0
C_vs_tamano,HAMMING,4,32,0.01,0,39,7,21.875,OK,0,0,1,0,0
C_vs_tamano,HAMMING,4,32,0.01,1,39,7,21.875,CORRECTED,1,1,1,0,0
C_vs_tamano,HAMMING,4,32,0.01,0,39,7,21.875,OK,0,0,1,0,0
C_vs_tamano,HAMMING,4,32,0.01,0,39,7,21.875,OK,0,0,1,0,0
C_vs_tamano,HAMMING,4,32,0.01,0,39,7,21.875,OK,0,0,1,0,0
C_vs_tamano,HAMMING,4,32,0.01,0,39,7,21.875,OK,0,0,1,0,0
C_vs_tamano,HAMMING,4,32,0.01,0,39,7,21.875,OK,0,0,1,0,0
C_vs_tamano,HAMMING,4,32,0.01,0,39,7,21.875,OK,0,0,1,0,0
C_vs_tamano,HAMMING,4,32,0.01,0,39,7,21.875,OK,0,0,1,0,0
C_vs_tamano,HAMMING,4,32,0.01,1,39,7,21.875,CORRECTED,1,1,1,0,0
C_vs_tamano,HAMMING,4,32,0.01,1,39,7,21.875,CORRECTED,1,1,1,0,0
C_vs_tamano,HAMMING,4,32,0.01,0,39,7,21.875,OK,0,0,1,0,0
C_vs_tamano,HAMMING,4,32,0.01,1,39,7,21.875,CORRECTED,1,1,1,0,0
C_vs_tamano,HAMMING,4,32,0.01,0,39,7,21.875,OK,0,0,1,0,0
C_vs_tamano,HAMMING,4,32,0.01,0,39,7,21.875,OK,0,0,1,0,0
C_vs_tamano,HAMMING,4,32,0.01,0,39,7,21.875,OK,0,0,1,0,0
C_vs_tamano,HAMMING,4,32,0.01,0,39,7,21.875,OK,0,0,1,0,0
C_vs_tamano,HAMMING,4,32,0.01,0,39,7,21.875,OK,0,0,1,0,0
C_vs_tamano,HAMMING,8,64,0.01,0,72,8,12.5,OK,0,0,1,0,0
C_vs_tamano,HAMMING,8,64,0.01,3,72,8,12.5,ERROR_DETECTED,1,0,0,0,0
C_vs_tamano,HAMMING,8,64,0.01,0,72,8,12.5,OK,0,0,1,0,0
C_vs_tamano,HAMMING,8,64,0.01,1,72,8,12.5,CORRECTED,1,1,1,0,0
C_vs_tamano,HAMMING,8,64,0.01,0,72,8,12.5,OK,0,0,1,0,0
C_vs_tamano,HAMMING,8,64,0.01,0,72,8,12.5,OK,0,0,1,0,0
C_vs_tamano,HAMMING,8,64,0.01,2,72,8,12.5,ERROR_DETECTED,1,0,0,0,0
C_vs_tamano,HAMMING,8,64,0.01,0,72,8,12.5,OK,0,0,1,0,0
C_vs_tamano,HAMMING,8,64,0.01,1,72,8,12.5,CORRECTED,1,1,1,0,0
C_vs_tamano,HAMMING,8,64,0.01,0,72,8,12.5,OK,0,0,1,0,0
C_vs_tamano,HAMMING,8,64,0.01,1,72,8,12.5,CORRECTED,1,1,1,0,0
C_vs_tamano,HAMMING,8,64,0.01,1,72,8,12.5,CORRECTED,1,1,1,0,0
C_vs_tamano,HAMMING,8,64,0.01,0,72,8,12.5,OK,0,0,1,0,0
C_vs_tamano,HAMMING,8,64,0.01,1,72,8,12.5,CORRECTED,1,1,1,0,0
C_vs_tamano,HAMMING,8,64,0.01,2,72,8,12.5,ERROR_DETECTED,1,0,0,0,0
C_vs_tamano,HAMMING,8,64,0.01,0,72,8,12.5,OK,0,0,1,0,0
C_vs_tamano,HAMMING,8,64,0.01,1,72,8,12.5,CORRECTED,1,1,1,0,0
C_vs_tamano,HAMMING,8,64,0.01,0,72,8,12.5,OK,0,0,1,0,0
C_vs_tamano,HAMMING,8,64,0.01,1,72,8,12.5,CORRECTED,1,1,1,0,0
C_vs_tamano,HAMMING,8,64,0.01,1,72,8,12.5,CORRECTED,1,1,1,0,0
C_vs_tamano,HAMMING,8,64,0.01,1,72,8,12.5,CORRECTED,1,1,1,0,0
C_vs_tamano,HAMMING,8,64,0.01,1,72,8,12.5,CORRECTED,1,1,1,0,0
C_vs_tamano,HAMMING,8,64,0.01,0,72,8,12.5,OK,0,0,1,0,0
C_vs_tamano,HAMMING,8,64,0.01,0,72,8,12.5,OK,0,0,1,0,0
C_vs_tamano,HAMMING,8,64,0.01,0,72,8,12.5,OK,0,0,1,0,0
C_vs_tamano,HAMMING,8,64,0.01,0,72,8,12.5,OK,0,0,1,0,0
C_vs_tamano,HAMMING,8,64,0.01,0,72,8,12.5,OK,0,0,1,0,0
C_vs_tamano,HAMMING,8,64,0.01,2,72,8,12.5,ERROR_DETECTED,1,0,0,0,0
C_vs_tamano,HAMMING,8,64,0.01,1,72,8,12.5,CORRECTED,1,1,1,0,0
C_vs_tamano,HAMMING,8,64,0.01,1,72,8,12.5,CORRECTED,1,1,1,0,0
C_vs_tamano,HAMMING,8,64,0.01,0,72,8,12.5,OK,0,0,1,0,0
C_vs_tamano,HAMMING,8,64,0.01,0,72,8,12.5,OK,0,0,1,0,0
C_vs_tamano,HAMMING,8,64,0.01,0,72,8,12.5,OK,0,0,1,0,0
C_vs_tamano,HAMMING,8,64,0.01,1,72,8,12.5,CORRECTED,1,1,1,0,0
C_vs_tamano,HAMMING,8,64,0.01,0,72,8,12.5,OK,0,0,1,0,0
C_vs_tamano,HAMMING,8,64,0.01,1,72,8,12.5,CORRECTED,1,1,1,0,0
C_vs_tamano,HAMMING,8,64,0.01,0,72,8,12.5,OK,0,0,1,0,0
C_vs_tamano,HAMMING,8,64,0.01,1,72,8,12.5,CORRECTED,1,1,1,0,0
C_vs_tamano,HAMMING,8,64,0.01,1,72,8,12.5,CORRECTED,1,1,1,0,0
C_vs_tamano,HAMMING,8,64,0.01,1,72,8,12.5,CORRECTED,1,1,1,0,0
C_vs_tamano,HAMMING,8,64,0.01,1,72,8,12.5,CORRECTED,1,1,1,0,0
C_vs_tamano,HAMMING,8,64,0.01,1,72,8,12.5,CORRECTED,1,1,1,0,0
C_vs_tamano,HAMMING,8,64,0.01,1,72,8,12.5,CORRECTED,1,1,1,0,0
C_vs_tamano,HAMMING,8,64,0.01,0,72,8,12.5,OK,0,0,1,0,0
C_vs_tamano,HAMMING,8,64,0.01,1,72,8,12.5,CORRECTED,1,1,1,0,0
C_vs_tamano,HAMMING,8,64,0.01,0,72,8,12.5,OK,0,0,1,0,0
C_vs_tamano,HAMMING,8,64,0.01,2,72,8,12.5,ERROR_DETECTED,1,0,0,0,0
C_vs_tamano,HAMMING,8,64,0.01,1,72,8,12.5,CORRECTED,1,1,1,0,0
C_vs_tamano,HAMMING,8,64,0.01,1,72,8,12.5,CORRECTED,1,1,1,0,0
C_vs_tamano,HAMMING,8,64,0.01,0,72,8,12.5,OK,0,0,1,0,0
C_vs_tamano,HAMMING,8,64,0.01,0,72,8,12.5,OK,0,0,1,0,0
C_vs_tamano,HAMMING,8,64,0.01,0,72,8,12.5,OK,0,0,1,0,0
C_vs_tamano,HAMMING,8,64,0.01,0,72,8,12.5,OK,0,0,1,0,0
C_vs_tamano,HAMMING,8,64,0.01,0,72,8,12.5,OK,0,0,1,0,0
C_vs_tamano,HAMMING,8,64,0.01,1,72,8,12.5,CORRECTED,1,1,1,0,0
C_vs_tamano,HAMMING,8,64,0.01,1,72,8,12.5,CORRECTED,1,1,1,0,0
C_vs_tamano,HAMMING,8,64,0.01,1,72,8,12.5,CORRECTED,1,1,1,0,0
C_vs_tamano,HAMMING,8,64,0.01,0,72,8,12.5,OK,0,0,1,0,0
C_vs_tamano,HAMMING,8,64,0.01,2,72,8,12.5,ERROR_DETECTED,1,0,0,0,0
C_vs_tamano,HAMMING,8,64,0.01,1,72,8,12.5,CORRECTED,1,1,1,0,0
C_vs_tamano,HAMMING,8,64,0.01,2,72,8,12.5,ERROR_DETECTED,1,0,0,0,0
C_vs_tamano,HAMMING,8,64,0.01,0,72,8,12.5,OK,0,0,1,0,0
C_vs_tamano,HAMMING,8,64,0.01,2,72,8,12.5,ERROR_DETECTED,1,0,0,0,0
C_vs_tamano,HAMMING,8,64,0.01,0,72,8,12.5,OK,0,0,1,0,0
C_vs_tamano,HAMMING,8,64,0.01,1,72,8,12.5,CORRECTED,1,1,1,0,0
C_vs_tamano,HAMMING,8,64,0.01,0,72,8,12.5,OK,0,0,1,0,0
C_vs_tamano,HAMMING,8,64,0.01,2,72,8,12.5,ERROR_DETECTED,1,0,0,0,0
C_vs_tamano,HAMMING,8,64,0.01,0,72,8,12.5,OK,0,0,1,0,0
C_vs_tamano,HAMMING,8,64,0.01,0,72,8,12.5,OK,0,0,1,0,0
C_vs_tamano,HAMMING,8,64,0.01,0,72,8,12.5,OK,0,0,1,0,0
C_vs_tamano,HAMMING,8,64,0.01,2,72,8,12.5,ERROR_DETECTED,1,0,0,0,0
C_vs_tamano,HAMMING,8,64,0.01,0,72,8,12.5,OK,0,0,1,0,0
C_vs_tamano,HAMMING,8,64,0.01,0,72,8,12.5,OK,0,0,1,0,0
C_vs_tamano,HAMMING,8,64,0.01,1,72,8,12.5,CORRECTED,1,1,1,0,0
C_vs_tamano,HAMMING,8,64,0.01,0,72,8,12.5,OK,0,0,1,0,0
C_vs_tamano,HAMMING,8,64,0.01,1,72,8,12.5,CORRECTED,1,1,1,0,0
C_vs_tamano,HAMMING,8,64,0.01,2,72,8,12.5,ERROR_DETECTED,1,0,0,0,0
C_vs_tamano,HAMMING,8,64,0.01,0,72,8,12.5,OK,0,0,1,0,0
C_vs_tamano,HAMMING,8,64,0.01,0,72,8,12.5,OK,0,0,1,0,0
C_vs_tamano,HAMMING,8,64,0.01,1,72,8,12.5,CORRECTED,1,1,1,0,0
C_vs_tamano,HAMMING,8,64,0.01,1,72,8,12.5,CORRECTED,1,1,1,0,0
C_vs_tamano,HAMMING,8,64,0.01,0,72,8,12.5,OK,0,0,1,0,0
C_vs_tamano,HAMMING,8,64,0.01,0,72,8,12.5,OK,0,0,1,0,0
C_vs_tamano,HAMMING,8,64,0.01,1,72,8,12.5,CORRECTED,1,1,1,0,0
C_vs_tamano,HAMMING,8,64,0.01,1,72,8,12.5,CORRECTED,1,1,1,0,0
C_vs_tamano,HAMMING,8,64,0.01,0,72,8,12.5,OK,0,0,1,0,0
C_vs_tamano,HAMMING,8,64,0.01,2,72,8,12.5,ERROR_DETECTED,1,0,0,0,0
C_vs_tamano,HAMMING,8,64,0.01,0,72,8,12.5,OK,0,0,1,0,0
C_vs_tamano,HAMMING,8,64,0.01,0,72,8,12.5,OK,0,0,1,0,0
C_vs_tamano,HAMMING,8,64,0.01,0,72,8,12.5,OK,0,0,1,0,0
C_vs_tamano,HAMMING,8,64,0.01,1,72,8,12.5,CORRECTED,1,1,1,0,0
C_vs_tamano,HAMMING,8,64,0.01,2,72,8,12.5,ERROR_DETECTED,1,0,0,0,0
C_vs_tamano,HAMMING,8,64,0.01,0,72,8,12.5,OK,0,0,1,0,0
C_vs_tamano,HAMMING,8,64,0.01,1,72,8,12.5,CORRECTED,1,1,1,0,0
C_vs_tamano,HAMMING,8,64,0.01,0,72,8,12.5,OK,0,0,1,0,0
C_vs_tamano,HAMMING,8,64,0.01,0,72,8,12.5,OK,0,0,1,0,0
C_vs_tamano,HAMMING,8,64,0.01,1,72,8,12.5,CORRECTED,1,1,1,0,0
C_vs_tamano,HAMMING,8,64,0.01,0,72,8,12.5,OK,0,0,1,0,0
C_vs_tamano,HAMMING,8,64,0.01,1,72,8,12.5,CORRECTED,1,1,1,0,0
C_vs_tamano,HAMMING,8,64,0.01,0,72,8,12.5,OK,0,0,1,0,0
C_vs_tamano,HAMMING,8,64,0.01,0,72,8,12.5,OK,0,0,1,0,0
C_vs_tamano,HAMMING,8,64,0.01,1,72,8,12.5,CORRECTED,1,1,1,0,0
C_vs_tamano,HAMMING,8,64,0.01,2,72,8,12.5,ERROR_DETECTED,1,0,0,0,0
C_vs_tamano,HAMMING,8,64,0.01,2,72,8,12.5,ERROR_DETECTED,1,0,0,0,0
C_vs_tamano,HAMMING,8,64,0.01,0,72,8,12.5,OK,0,0,1,0,0
C_vs_tamano,HAMMING,8,64,0.01,0,72,8,12.5,OK,0,0,1,0,0
C_vs_tamano,HAMMING,8,64,0.01,2,72,8,12.5,ERROR_DETECTED,1,0,0,0,0
C_vs_tamano,HAMMING,8,64,0.01,0,72,8,12.5,OK,0,0,1,0,0
C_vs_tamano,HAMMING,8,64,0.01,1,72,8,12.5,CORRECTED,1,1,1,0,0
C_vs_tamano,HAMMING,8,64,0.01,1,72,8,12.5,CORRECTED,1,1,1,0,0
C_vs_tamano,HAMMING,8,64,0.01,0,72,8,12.5,OK,0,0,1,0,0
C_vs_tamano,HAMMING,8,64,0.01,1,72,8,12.5,CORRECTED,1,1,1,0,0
C_vs_tamano,HAMMING,8,64,0.01,0,72,8,12.5,OK,0,0,1,0,0
C_vs_tamano,HAMMING,8,64,0.01,0,72,8,12.5,OK,0,0,1,0,0
C_vs_tamano,HAMMING,8,64,0.01,1,72,8,12.5,CORRECTED,1,1,1,0,0
C_vs_tamano,HAMMING,8,64,0.01,0,72,8,12.5,OK,0,0,1,0,0
C_vs_tamano,HAMMING,8,64,0.01,1,72,8,12.5,CORRECTED,1,1,1,0,0
C_vs_tamano,HAMMING,8,64,0.01,0,72,8,12.5,OK,0,0,1,0,0
C_vs_tamano,HAMMING,8,64,0.01,1,72,8,12.5,CORRECTED,1,1,1,0,0
C_vs_tamano,HAMMING,8,64,0.01,0,72,8,12.5,OK,0,0,1,0,0
C_vs_tamano,HAMMING,8,64,0.01,1,72,8,12.5,CORRECTED,1,1,1,0,0
C_vs_tamano,HAMMING,8,64,0.01,0,72,8,12.5,OK,0,0,1,0,0
C_vs_tamano,HAMMING,8,64,0.01,0,72,8,12.5,OK,0,0,1,0,0
C_vs_tamano,HAMMING,8,64,0.01,0,72,8,12.5,OK,0,0,1,0,0
C_vs_tamano,HAMMING,8,64,0.01,1,72,8,12.5,CORRECTED,1,1,1,0,0
C_vs_tamano,HAMMING,8,64,0.01,1,72,8,12.5,CORRECTED,1,1,1,0,0
C_vs_tamano,HAMMING,8,64,0.01,0,72,8,12.5,OK,0,0,1,0,0
C_vs_tamano,HAMMING,8,64,0.01,1,72,8,12.5,CORRECTED,1,1,1,0,0
C_vs_tamano,HAMMING,8,64,0.01,0,72,8,12.5,OK,0,0,1,0,0
C_vs_tamano,HAMMING,8,64,0.01,0,72,8,12.5,OK,0,0,1,0,0
C_vs_tamano,HAMMING,8,64,0.01,1,72,8,12.5,CORRECTED,1,1,1,0,0
C_vs_tamano,HAMMING,8,64,0.01,1,72,8,12.5,CORRECTED,1,1,1,0,0
C_vs_tamano,HAMMING,8,64,0.01,0,72,8,12.5,OK,0,0,1,0,0
C_vs_tamano,HAMMING,8,64,0.01,1,72,8,12.5,CORRECTED,1,1,1,0,0
C_vs_tamano,HAMMING,8,64,0.01,0,72,8,12.5,OK,0,0,1,0,0
C_vs_tamano,HAMMING,8,64,0.01,0,72,8,12.5,OK,0,0,1,0,0
C_vs_tamano,HAMMING,8,64,0.01,2,72,8,12.5,ERROR_DETECTED,1,0,0,0,0
C_vs_tamano,HAMMING,8,64,0.01,0,72,8,12.5,OK,0,0,1,0,0
C_vs_tamano,HAMMING,8,64,0.01,1,72,8,12.5,CORRECTED,1,1,1,0,0
C_vs_tamano,HAMMING,8,64,0.01,1,72,8,12.5,CORRECTED,1,1,1,0,0
C_vs_tamano,HAMMING,8,64,0.01,1,72,8,12.5,CORRECTED,1,1,1,0,0
C_vs_tamano,HAMMING,8,64,0.01,2,72,8,12.5,ERROR_DETECTED,1,0,0,0,0
C_vs_tamano,HAMMING,8,64,0.01,0,72,8,12.5,OK,0,0,1,0,0
C_vs_tamano,HAMMING,8,64,0.01,1,72,8,12.5,CORRECTED,1,1,1,0,0
C_vs_tamano,HAMMING,8,64,0.01,0,72,8,12.5,OK,0,0,1,0,0
C_vs_tamano,HAMMING,8,64,0.01,3,72,8,12.5,ERROR_DETECTED,1,0,0,0,0
C_vs_tamano,HAMMING,8,64,0.01,0,72,8,12.5,OK,0,0,1,0,0
C_vs_tamano,HAMMING,8,64,0.01,2,72,8,12.5,ERROR_DETECTED,1,0,0,0,0
C_vs_tamano,HAMMING,8,64,0.01,0,72,8,12.5,OK,0,0,1,0,0
C_vs_tamano,HAMMING,8,64,0.01,0,72,8,12.5,OK,0,0,1,0,0
C_vs_tamano,HAMMING,16,128,0.01,1,137,9,7.0312,CORRECTED,1,1,1,0,0
C_vs_tamano,HAMMING,16,128,0.01,4,137,9,7.0312,ERROR_DETECTED,1,0,0,0,0
C_vs_tamano,HAMMING,16,128,0.01,5,137,9,7.0312,CORRECTED,1,1,0,1,0
C_vs_tamano,HAMMING,16,128,0.01,1,137,9,7.0312,CORRECTED,1,1,1,0,0
C_vs_tamano,HAMMING,16,128,0.01,2,137,9,7.0312,ERROR_DETECTED,1,0,0,0,0
C_vs_tamano,HAMMING,16,128,0.01,3,137,9,7.0312,CORRECTED,1,1,0,1,0
C_vs_tamano,HAMMING,16,128,0.01,3,137,9,7.0312,ERROR_DETECTED,1,0,0,0,0
C_vs_tamano,HAMMING,16,128,0.01,2,137,9,7.0312,ERROR_DETECTED,1,0,0,0,0
C_vs_tamano,HAMMING,16,128,0.01,1,137,9,7.0312,CORRECTED,1,1,1,0,0
C_vs_tamano,HAMMING,16,128,0.01,0,137,9,7.0312,OK,0,0,1,0,0
C_vs_tamano,HAMMING,16,128,0.01,1,137,9,7.0312,CORRECTED,1,1,1,0,0
C_vs_tamano,HAMMING,16,128,0.01,1,137,9,7.0312,CORRECTED,1,1,1,0,0
C_vs_tamano,HAMMING,16,128,0.01,2,137,9,7.0312,ERROR_DETECTED,1,0,0,0,0
C_vs_tamano,HAMMING,16,128,0.01,0,137,9,7.0312,OK,0,0,1,0,0
C_vs_tamano,HAMMING,16,128,0.01,3,137,9,7.0312,ERROR_DETECTED,1,0,0,0,0
C_vs_tamano,HAMMING,16,128,0.01,0,137,9,7.0312,OK,0,0,1,0,0
C_vs_tamano,HAMMING,16,128,0.01,0,137,9,7.0312,OK,0,0,1,0,0
C_vs_tamano,HAMMING,16,128,0.01,0,137,9,7.0312,OK,0,0,1,0,0
C_vs_tamano,HAMMING,16,128,0.01,1,137,9,7.0312,CORRECTED,1,1,1,0,0
C_vs_tamano,HAMMING,16,128,0.01,1,137,9,7.0312,CORRECTED,1,1,1,0,0
C_vs_tamano,HAMMING,16,128,0.01,1,137,9,7.0312,CORRECTED,1,1,1,0,0
C_vs_tamano,HAMMING,16,128,0.01,2,137,9,7.0312,ERROR_DETECTED,1,0,0,0,0
C_vs_tamano,HAMMING,16,128,0.01,1,137,9,7.0312,CORRECTED,1,1,1,0,0
C_vs_tamano,HAMMING,16,128,0.01,2,137,9,7.0312,ERROR_DETECTED,1,0,0,0,0
C_vs_tamano,HAMMING,16,128,0.01,0,137,9,7.0312,OK,0,0,1,0,0
C_vs_tamano,HAMMING,16,128,0.01,2,137,9,7.0312,ERROR_DETECTED,1,0,0,0,0
C_vs_tamano,HAMMING,16,128,0.01,2,137,9,7.0312,ERROR_DETECTED,1,0,0,0,0
C_vs_tamano,HAMMING,16,128,0.01,4,137,9,7.0312,ERROR_DETECTED,1,0,0,0,0
C_vs_tamano,HAMMING,16,128,0.01,1,137,9,7.0312,CORRECTED,1,1,1,0,0
C_vs_tamano,HAMMING,16,128,0.01,3,137,9,7.0312,CORRECTED,1,1,0,1,1
C_vs_tamano,HAMMING,16,128,0.01,2,137,9,7.0312,ERROR_DETECTED,1,0,0,0,0
C_vs_tamano,HAMMING,16,128,0.01,1,137,9,7.0312,CORRECTED,1,1,1,0,0
C_vs_tamano,HAMMING,16,128,0.01,0,137,9,7.0312,OK,0,0,1,0,0
C_vs_tamano,HAMMING,16,128,0.01,2,137,9,7.0312,ERROR_DETECTED,1,0,0,0,0
C_vs_tamano,HAMMING,16,128,0.01,1,137,9,7.0312,CORRECTED,1,1,1,0,0
C_vs_tamano,HAMMING,16,128,0.01,1,137,9,7.0312,CORRECTED,1,1,1,0,0
C_vs_tamano,HAMMING,16,128,0.01,0,137,9,7.0312,OK,0,0,1,0,0
C_vs_tamano,HAMMING,16,128,0.01,1,137,9,7.0312,CORRECTED,1,1,1,0,0
C_vs_tamano,HAMMING,16,128,0.01,1,137,9,7.0312,CORRECTED,1,1,1,0,0
C_vs_tamano,HAMMING,16,128,0.01,1,137,9,7.0312,CORRECTED,1,1,1,0,0
C_vs_tamano,HAMMING,16,128,0.01,0,137,9,7.0312,OK,0,0,1,0,0
C_vs_tamano,HAMMING,16,128,0.01,3,137,9,7.0312,CORRECTED,1,1,0,1,0
C_vs_tamano,HAMMING,16,128,0.01,1,137,9,7.0312,CORRECTED,1,1,1,0,0
C_vs_tamano,HAMMING,16,128,0.01,1,137,9,7.0312,CORRECTED,1,1,1,0,0
C_vs_tamano,HAMMING,16,128,0.01,1,137,9,7.0312,CORRECTED,1,1,1,0,0
C_vs_tamano,HAMMING,16,128,0.01,2,137,9,7.0312,ERROR_DETECTED,1,0,0,0,0
C_vs_tamano,HAMMING,16,128,0.01,2,137,9,7.0312,ERROR_DETECTED,1,0,0,0,0
C_vs_tamano,HAMMING,16,128,0.01,0,137,9,7.0312,OK,0,0,1,0,0
C_vs_tamano,HAMMING,16,128,0.01,1,137,9,7.0312,CORRECTED,1,1,1,0,0
C_vs_tamano,HAMMING,16,128,0.01,3,137,9,7.0312,CORRECTED,1,1,0,1,1
C_vs_tamano,HAMMING,16,128,0.01,1,137,9,7.0312,CORRECTED,1,1,1,0,0
C_vs_tamano,HAMMING,16,128,0.01,0,137,9,7.0312,OK,0,0,1,0,0
C_vs_tamano,HAMMING,16,128,0.01,2,137,9,7.0312,ERROR_DETECTED,1,0,0,0,0
C_vs_tamano,HAMMING,16,128,0.01,2,137,9,7.0312,ERROR_DETECTED,1,0,0,0,0
C_vs_tamano,HAMMING,16,128,0.01,1,137,9,7.0312,CORRECTED,1,1,1,0,0
C_vs_tamano,HAMMING,16,128,0.01,4,137,9,7.0312,ERROR_DETECTED,1,0,0,0,0
C_vs_tamano,HAMMING,16,128,0.01,3,137,9,7.0312,ERROR_DETECTED,1,0,0,0,0
C_vs_tamano,HAMMING,16,128,0.01,0,137,9,7.0312,OK,0,0,1,0,0
C_vs_tamano,HAMMING,16,128,0.01,1,137,9,7.0312,CORRECTED,1,1,1,0,0
C_vs_tamano,HAMMING,16,128,0.01,3,137,9,7.0312,CORRECTED,1,1,0,1,1
C_vs_tamano,HAMMING,16,128,0.01,2,137,9,7.0312,ERROR_DETECTED,1,0,0,0,0
C_vs_tamano,HAMMING,16,128,0.01,0,137,9,7.0312,OK,0,0,1,0,0
C_vs_tamano,HAMMING,16,128,0.01,3,137,9,7.0312,ERROR_DETECTED,1,0,0,0,0
C_vs_tamano,HAMMING,16,128,0.01,1,137,9,7.0312,CORRECTED,1,1,1,0,0
C_vs_tamano,HAMMING,16,128,0.01,0,137,9,7.0312,OK,0,0,1,0,0
C_vs_tamano,HAMMING,16,128,0.01,1,137,9,7.0312,CORRECTED,1,1,1,0,0
C_vs_tamano,HAMMING,16,128,0.01,3,137,9,7.0312,ERROR_DETECTED,1,0,0,0,0
C_vs_tamano,HAMMING,16,128,0.01,1,137,9,7.0312,CORRECTED,1,1,1,0,0
C_vs_tamano,HAMMING,16,128,0.01,0,137,9,7.0312,OK,0,0,1,0,0
C_vs_tamano,HAMMING,16,128,0.01,3,137,9,7.0312,ERROR_DETECTED,1,0,0,0,0
C_vs_tamano,HAMMING,16,128,0.01,1,137,9,7.0312,CORRECTED,1,1,1,0,0
C_vs_tamano,HAMMING,16,128,0.01,1,137,9,7.0312,CORRECTED,1,1,1,0,0
C_vs_tamano,HAMMING,16,128,0.01,0,137,9,7.0312,OK,0,0,1,0,0
C_vs_tamano,HAMMING,16,128,0.01,1,137,9,7.0312,CORRECTED,1,1,1,0,0
C_vs_tamano,HAMMING,16,128,0.01,0,137,9,7.0312,OK,0,0,1,0,0
C_vs_tamano,HAMMING,16,128,0.01,1,137,9,7.0312,CORRECTED,1,1,1,0,0
C_vs_tamano,HAMMING,16,128,0.01,0,137,9,7.0312,OK,0,0,1,0,0
C_vs_tamano,HAMMING,16,128,0.01,0,137,9,7.0312,OK,0,0,1,0,0
C_vs_tamano,HAMMING,16,128,0.01,1,137,9,7.0312,CORRECTED,1,1,1,0,0
C_vs_tamano,HAMMING,16,128,0.01,1,137,9,7.0312,CORRECTED,1,1,1,0,0
C_vs_tamano,HAMMING,16,128,0.01,2,137,9,7.0312,ERROR_DETECTED,1,0,0,0,0
C_vs_tamano,HAMMING,16,128,0.01,2,137,9,7.0312,ERROR_DETECTED,1,0,0,0,0
C_vs_tamano,HAMMING,16,128,0.01,1,137,9,7.0312,CORRECTED,1,1,1,0,0
C_vs_tamano,HAMMING,16,128,0.01,4,137,9,7.0312,ERROR_DETECTED,1,0,0,0,0
C_vs_tamano,HAMMING,16,128,0.01,6,137,9,7.0312,ERROR_DETECTED,1,0,0,0,0
C_vs_tamano,HAMMING,16,128,0.01,3,137,9,7.0312,CORRECTED,1,1,0,1,1
C_vs_tamano,HAMMING,16,128,0.01,1,137,9,7.0312,CORRECTED,1,1,1,0,0
C_vs_tamano,HAMMING,16,128,0.01,3,137,9,7.0312,CORRECTED,1,1,0,1,0
C_vs_tamano,HAMMING,16,128,0.01,1,137,9,7.0312,CORRECTED,1,1,1,0,0
C_vs_tamano,HAMMING,16,128,0.01,0,137,9,7.0312,OK,0,0,1,0,0
C_vs_tamano,HAMMING,16,128,0.01,2,137,9,7.0312,ERROR_DETECTED,1,0,0,0,0
C_vs_tamano,HAMMING,16,128,0.01,3,137,9,7.0312,ERROR_DETECTED,1,0,0,0,0
C_vs_tamano,HAMMING,16,128,0.01,2,137,9,7.0312,ERROR_DETECTED,1,0,0,0,0
C_vs_tamano,HAMMING,16,128,0.01,0,137,9,7.0312,OK,0,0,1,0,0
C_vs_tamano,HAMMING,16,128,0.01,1,137,9,7.0312,CORRECTED,1,1,1,0,0
C_vs_tamano,HAMMING,16,128,0.01,1,137,9,7.0312,CORRECTED,1,1,1,0,0
C_vs_tamano,HAMMING,16,128,0.01,0,137,9,7.0312,OK,0,0,1,0,0
C_vs_tamano,HAMMING,16,128,0.01,1,137,9,7.0312,CORRECTED,1,1,1,0,0
C_vs_tamano,HAMMING,16,128,0.01,3,137,9,7.0312,CORRECTED,1,1,0,1,0
C_vs_tamano,HAMMING,16,128,0.01,3,137,9,7.0312,CORRECTED,1,1,0,1,0
C_vs_tamano,HAMMING,16,128,0.01,1,137,9,7.0312,CORRECTED,1,1,1,0,0
C_vs_tamano,HAMMING,16,128,0.01,0,137,9,7.0312,OK,0,0,1,0,0
C_vs_tamano,HAMMING,16,128,0.01,1,137,9,7.0312,CORRECTED,1,1,1,0,0
C_vs_tamano,HAMMING,16,128,0.01,2,137,9,7.0312,ERROR_DETECTED,1,0,0,0,0
C_vs_tamano,HAMMING,16,128,0.01,0,137,9,7.0312,OK,0,0,1,0,0
C_vs_tamano,HAMMING,16,128,0.01,1,137,9,7.0312,CORRECTED,1,1,1,0,0
C_vs_tamano,HAMMING,16,128,0.01,0,137,9,7.0312,OK,0,0,1,0,0
C_vs_tamano,HAMMING,16,128,0.01,1,137,9,7.0312,CORRECTED,1,1,1,0,0
C_vs_tamano,HAMMING,16,128,0.01,0,137,9,7.0312,OK,0,0,1,0,0
C_vs_tamano,HAMMING,16,128,0.01,1,137,9,7.0312,CORRECTED,1,1,1,0,0
C_vs_tamano,HAMMING,16,128,0.01,0,137,9,7.0312,OK,0,0,1,0,0
C_vs_tamano,HAMMING,16,128,0.01,1,137,9,7.0312,CORRECTED,1,1,1,0,0
C_vs_tamano,HAMMING,16,128,0.01,0,137,9,7.0312,OK,0,0,1,0,0
C_vs_tamano,HAMMING,16,128,0.01,0,137,9,7.0312,OK,0,0,1,0,0
C_vs_tamano,HAMMING,16,128,0.01,1,137,9,7.0312,CORRECTED,1,1,1,0,0
C_vs_tamano,HAMMING,16,128,0.01,0,137,9,7.0312,OK,0,0,1,0,0
C_vs_tamano,HAMMING,16,128,0.01,0,137,9,7.0312,OK,0,0,1,0,0
C_vs_tamano,HAMMING,16,128,0.01,0,137,9,7.0312,OK,0,0,1,0,0
C_vs_tamano,HAMMING,16,128,0.01,3,137,9,7.0312,CORRECTED,1,1,0,1,0
C_vs_tamano,HAMMING,16,128,0.01,1,137,9,7.0312,CORRECTED,1,1,1,0,0
C_vs_tamano,HAMMING,16,128,0.01,3,137,9,7.0312,CORRECTED,1,1,0,1,0
C_vs_tamano,HAMMING,16,128,0.01,2,137,9,7.0312,ERROR_DETECTED,1,0,0,0,0
C_vs_tamano,HAMMING,16,128,0.01,2,137,9,7.0312,ERROR_DETECTED,1,0,0,0,0
C_vs_tamano,HAMMING,16,128,0.01,2,137,9,7.0312,ERROR_DETECTED,1,0,0,0,0
C_vs_tamano,HAMMING,16,128,0.01,1,137,9,7.0312,CORRECTED,1,1,1,0,0
C_vs_tamano,HAMMING,16,128,0.01,2,137,9,7.0312,ERROR_DETECTED,1,0,0,0,0
C_vs_tamano,HAMMING,16,128,0.01,1,137,9,7.0312,CORRECTED,1,1,1,0,0
C_vs_tamano,HAMMING,16,128,0.01,1,137,9,7.0312,CORRECTED,1,1,1,0,0
C_vs_tamano,HAMMING,16,128,0.01,1,137,9,7.0312,CORRECTED,1,1,1,0,0
C_vs_tamano,HAMMING,16,128,0.01,2,137,9,7.0312,ERROR_DETECTED,1,0,0,0,0
C_vs_tamano,HAMMING,16,128,0.01,1,137,9,7.0312,CORRECTED,1,1,1,0,0
C_vs_tamano,HAMMING,16,128,0.01,0,137,9,7.0312,OK,0,0,1,0,0
C_vs_tamano,HAMMING,16,128,0.01,2,137,9,7.0312,ERROR_DETECTED,1,0,0,0,0
C_vs_tamano,HAMMING,16,128,0.01,0,137,9,7.0312,OK,0,0,1,0,0
C_vs_tamano,HAMMING,16,128,0.01,3,137,9,7.0312,ERROR_DETECTED,1,0,0,0,0
C_vs_tamano,HAMMING,16,128,0.01,3,137,9,7.0312,CORRECTED,1,1,0,1,0
C_vs_tamano,HAMMING,16,128,0.01,1,137,9,7.0312,CORRECTED,1,1,1,0,0
C_vs_tamano,HAMMING,16,128,0.01,0,137,9,7.0312,OK,0,0,1,0,0
C_vs_tamano,HAMMING,16,128,0.01,0,137,9,7.0312,OK,0,0,1,0,0
C_vs_tamano,HAMMING,16,128,0.01,1,137,9,7.0312,CORRECTED,1,1,1,0,0
C_vs_tamano,HAMMING,16,128,0.01,1,137,9,7.0312,CORRECTED,1,1,1,0,0
C_vs_tamano,HAMMING,16,128,0.01,1,137,9,7.0312,CORRECTED,1,1,1,0,0
C_vs_tamano,HAMMING,16,128,0.01,1,137,9,7.0312,CORRECTED,1,1,1,0,0
C_vs_tamano,HAMMING,16,128,0.01,2,137,9,7.0312,ERROR_DETECTED,1,0,0,0,0
C_vs_tamano,HAMMING,16,128,0.01,2,137,9,7.0312,ERROR_DETECTED,1,0,0,0,0
C_vs_tamano,HAMMING,16,128,0.01,0,137,9,7.0312,OK,0,0,1,0,0
C_vs_tamano,HAMMING,16,128,0.01,2,137,9,7.0312,ERROR_DETECTED,1,0,0,0,0
C_vs_tamano,HAMMING,16,128,0.01,3,137,9,7.0312,CORRECTED,1,1,0,1,1
C_vs_tamano,HAMMING,16,128,0.01,1,137,9,7.0312,CORRECTED,1,1,1,0,0
C_vs_tamano,HAMMING,16,128,0.01,1,137,9,7.0312,CORRECTED,1,1,1,0,0
C_vs_tamano,HAMMING,32,256,0.01,1,266,10,3.9062,CORRECTED,1,1,1,0,0
C_vs_tamano,HAMMING,32,256,0.01,2,266,10,3.9062,ERROR_DETECTED,1,0,0,0,0
C_vs_tamano,HAMMING,32,256,0.01,3,266,10,3.9062,ERROR_DETECTED,1,0,0,0,0
C_vs_tamano,HAMMING,32,256,0.01,3,266,10,3.9062,ERROR_DETECTED,1,0,0,0,0
C_vs_tamano,HAMMING,32,256,0.01,5,266,10,3.9062,CORRECTED,1,1,0,1,0
C_vs_tamano,HAMMING,32,256,0.01,1,266,10,3.9062,CORRECTED,1,1,1,0,0
C_vs_tamano,HAMMING,32,256,0.01,1,266,10,3.9062,CORRECTED,1,1,1,0,0
C_vs_tamano,HAMMING,32,256,0.01,3,266,10,3.9062,CORRECTED,1,1,0,1,1
C_vs_tamano,HAMMING,32,256,0.01,1,266,10,3.9062,CORRECTED,1,1,1,0,0
C_vs_tamano,HAMMING,32,256,0.01,1,266,10,3.9062,CORRECTED,1,1,1,0,0
C_vs_tamano,HAMMING,32,256,0.01,4,266,10,3.9062,ERROR_DETECTED,1,0,0,0,0
C_vs_tamano,HAMMING,32,256,0.01,3,266,10,3.9062,CORRECTED,1,1,0,1,0
C_vs_tamano,HAMMING,32,256,0.01,5,266,10,3.9062,CORRECTED,1,1,0,1,1
C_vs_tamano,HAMMING,32,256,0.01,2,266,10,3.9062,ERROR_DETECTED,1,0,0,0,0
C_vs_tamano,HAMMING,32,256,0.01,3,266,10,3.9062,CORRECTED,1,1,0,1,0
C_vs_tamano,HAMMING,32,256,0.01,2,266,10,3.9062,ERROR_DETECTED,1,0,0,0,0
C_vs_tamano,HAMMING,32,256,0.01,3,266,10,3.9062,ERROR_DETECTED,1,0,0,0,0
C_vs_tamano,HAMMING,32,256,0.01,2,266,10,3.9062,ERROR_DETECTED,1,0,0,0,0
C_vs_tamano,HAMMING,32,256,0.01,4,266,10,3.9062,ERROR_DETECTED,1,0,0,0,0
C_vs_tamano,HAMMING,32,256,0.01,2,266,10,3.9062,ERROR_DETECTED,1,0,0,0,0
C_vs_tamano,HAMMING,32,256,0.01,7,266,10,3.9062,ERROR_DETECTED,1,0,0,0,0
C_vs_tamano,HAMMING,32,256,0.01,2,266,10,3.9062,ERROR_DETECTED,1,0,0,0,0
C_vs_tamano,HAMMING,32,256,0.01,1,266,10,3.9062,CORRECTED,1,1,1,0,0
C_vs_tamano,HAMMING,32,256,0.01,7,266,10,3.9062,CORRECTED,1,1,0,1,1
C_vs_tamano,HAMMING,32,256,0.01,6,266,10,3.9062,ERROR_DETECTED,1,0,0,0,0
C_vs_tamano,HAMMING,32,256,0.01,3,266,10,3.9062,CORRECTED,1,1,0,1,0
C_vs_tamano,HAMMING,32,256,0.01,3,266,10,3.9062,CORRECTED,1,1,0,1,0
C_vs_tamano,HAMMING,32,256,0.01,3,266,10,3.9062,CORRECTED,1,1,0,1,0
C_vs_tamano,HAMMING,32,256,0.01,6,266,10,3.9062,ERROR_DETECTED,1,0,0,0,0
C_vs_tamano,HAMMING,32,256,0.01,2,266,10,3.9062,ERROR_DETECTED,1,0,0,0,0
C_vs_tamano,HAMMING,32,256,0.01,2,266,10,3.9062,ERROR_DETECTED,1,0,0,0,0
C_vs_tamano,HAMMING,32,256,0.01,3,266,10,3.9062,CORRECTED,1,1,0,1,1
C_vs_tamano,HAMMING,32,256,0.01,3,266,10,3.9062,ERROR_DETECTED,1,0,0,0,0
C_vs_tamano,HAMMING,32,256,0.01,3,266,10,3.9062,CORRECTED,1,1,0,1,0
C_vs_tamano,HAMMING,32,256,0.01,2,266,10,3.9062,ERROR_DETECTED,1,0,0,0,0
C_vs_tamano,HAMMING,32,256,0.01,5,266,10,3.9062,CORRECTED,1,1,0,1,0
C_vs_tamano,HAMMING,32,256,0.01,3,266,10,3.9062,ERROR_DETECTED,1,0,0,0,0
C_vs_tamano,HAMMING,32,256,0.01,2,266,10,3.9062,ERROR_DETECTED,1,0,0,0,0
C_vs_tamano,HAMMING,32,256,0.01,0,266,10,3.9062,OK,0,0,1,0,0
C_vs_tamano,HAMMING,32,256,0.01,0,266,10,3.9062,OK,0,0,1,0,0
C_vs_tamano,HAMMING,32,256,0.01,5,266,10,3.9062,CORRECTED,1,1,0,1,1
C_vs_tamano,HAMMING,32,256,0.01,3,266,10,3.9062,ERROR_DETECTED,1,0,0,0,0
C_vs_tamano,HAMMING,32,256,0.01,3,266,10,3.9062,ERROR_DETECTED,1,0,0,0,0
C_vs_tamano,HAMMING,32,256,0.01,4,266,10,3.9062,ERROR_DETECTED,1,0,0,0,0
C_vs_tamano,HAMMING,32,256,0.01,3,266,10,3.9062,CORRECTED,1,1,0,1,0
C_vs_tamano,HAMMING,32,256,0.01,1,266,10,3.9062,CORRECTED,1,1,1,0,0
C_vs_tamano,HAMMING,32,256,0.01,5,266,10,3.9062,CORRECTED,1,1,0,1,0
C_vs_tamano,HAMMING,32,256,0.01,3,266,10,3.9062,CORRECTED,1,1,0,1,1
C_vs_tamano,HAMMING,32,256,0.01,2,266,10,3.9062,ERROR_DETECTED,1,0,0,0,0
C_vs_tamano,HAMMING,32,256,0.01,3,266,10,3.9062,CORRECTED,1,1,0,1,0
C_vs_tamano,HAMMING,32,256,0.01,3,266,10,3.9062,ERROR_DETECTED,1,0,0,0,0
C_vs_tamano,HAMMING,32,256,0.01,1,266,10,3.9062,CORRECTED,1,1,1,0,0
C_vs_tamano,HAMMING,32,256,0.01,2,266,10,3.9062,ERROR_DETECTED,1,0,0,0,0
C_vs_tamano,HAMMING,32,256,0.01,4,266,10,3.9062,ERROR_DETECTED,1,0,0,0,0
C_vs_tamano,HAMMING,32,256,0.01,3,266,10,3.9062,CORRECTED,1,1,0,1,0
C_vs_tamano,HAMMING,32,256,0.01,3,266,10,3.9062,CORRECTED,1,1,0,1,0
C_vs_tamano,HAMMING,32,256,0.01,1,266,10,3.9062,CORRECTED,1,1,1,0,0
C_vs_tamano,HAMMING,32,256,0.01,2,266,10,3.9062,ERROR_DETECTED,1,0,0,0,0
C_vs_tamano,HAMMING,32,256,0.01,2,266,10,3.9062,ERROR_DETECTED,1,0,0,0,0
C_vs_tamano,HAMMING,32,256,0.01,2,266,10,3.9062,ERROR_DETECTED,1,0,0,0,0
C_vs_tamano,HAMMING,32,256,0.01,1,266,10,3.9062,CORRECTED,1,1,1,0,0
C_vs_tamano,HAMMING,32,256,0.01,4,266,10,3.9062,ERROR_DETECTED,1,0,0,0,0
C_vs_tamano,HAMMING,32,256,0.01,3,266,10,3.9062,ERROR_DETECTED,1,0,0,0,0
C_vs_tamano,HAMMING,32,256,0.01,3,266,10,3.9062,CORRECTED,1,1,0,1,0
C_vs_tamano,HAMMING,32,256,0.01,3,266,10,3.9062,ERROR_DETECTED,1,0,0,0,0
C_vs_tamano,HAMMING,32,256,0.01,6,266,10,3.9062,ERROR_DETECTED,1,0,0,0,0
C_vs_tamano,HAMMING,32,256,0.01,1,266,10,3.9062,CORRECTED,1,1,1,0,0
C_vs_tamano,HAMMING,32,256,0.01,2,266,10,3.9062,ERROR_DETECTED,1,0,0,0,0
C_vs_tamano,HAMMING,32,256,0.01,1,266,10,3.9062,CORRECTED,1,1,1,0,0
C_vs_tamano,HAMMING,32,256,0.01,4,266,10,3.9062,ERROR_DETECTED,1,0,0,0,0
C_vs_tamano,HAMMING,32,256,0.01,2,266,10,3.9062,ERROR_DETECTED,1,0,0,0,0
C_vs_tamano,HAMMING,32,256,0.01,2,266,10,3.9062,ERROR_DETECTED,1,0,0,0,0
C_vs_tamano,HAMMING,32,256,0.01,1,266,10,3.9062,CORRECTED,1,1,1,0,0
C_vs_tamano,HAMMING,32,256,0.01,0,266,10,3.9062,OK,0,0,1,0,0
C_vs_tamano,HAMMING,32,256,0.01,4,266,10,3.9062,ERROR_DETECTED,1,0,0,0,0
C_vs_tamano,HAMMING,32,256,0.01,4,266,10,3.9062,ERROR_DETECTED,1,0,0,0,0
C_vs_tamano,HAMMING,32,256,0.01,1,266,10,3.9062,CORRECTED,1,1,1,0,0
C_vs_tamano,HAMMING,32,256,0.01,0,266,10,3.9062,OK,0,0,1,0,0
C_vs_tamano,HAMMING,32,256,0.01,1,266,10,3.9062,CORRECTED,1,1,1,0,0
C_vs_tamano,HAMMING,32,256,0.01,1,266,10,3.9062,CORRECTED,1,1,1,0,0
C_vs_tamano,HAMMING,32,256,0.01,5,266,10,3.9062,ERROR_DETECTED,1,0,0,0,0
C_vs_tamano,HAMMING,32,256,0.01,0,266,10,3.9062,OK,0,0,1,0,0
C_vs_tamano,HAMMING,32,256,0.01,5,266,10,3.9062,CORRECTED,1,1,0,1,0
C_vs_tamano,HAMMING,32,256,0.01,2,266,10,3.9062,ERROR_DETECTED,1,0,0,0,0
C_vs_tamano,HAMMING,32,256,0.01,3,266,10,3.9062,CORRECTED,1,1,0,1,0
C_vs_tamano,HAMMING,32,256,0.01,2,266,10,3.9062,ERROR_DETECTED,1,0,0,0,0
C_vs_tamano,HAMMING,32,256,0.01,3,266,10,3.9062,ERROR_DETECTED,1,0,0,0,0
C_vs_tamano,HAMMING,32,256,0.01,4,266,10,3.9062,ERROR_DETECTED,1,0,0,0,0
C_vs_tamano,HAMMING,32,256,0.01,3,266,10,3.9062,CORRECTED,1,1,0,1,0
C_vs_tamano,HAMMING,32,256,0.01,2,266,10,3.9062,ERROR_DETECTED,1,0,0,0,0
C_vs_tamano,HAMMING,32,256,0.01,2,266,10,3.9062,ERROR_DETECTED,1,0,0,0,0
C_vs_tamano,HAMMING,32,256,0.01,4,266,10,3.9062,ERROR_DETECTED,1,0,0,0,0
C_vs_tamano,HAMMING,32,256,0.01,3,266,10,3.9062,CORRECTED,1,1,0,1,1
C_vs_tamano,HAMMING,32,256,0.01,1,266,10,3.9062,CORRECTED,1,1,1,0,0
C_vs_tamano,HAMMING,32,256,0.01,0,266,10,3.9062,OK,0,0,1,0,0
C_vs_tamano,HAMMING,32,256,0.01,2,266,10,3.9062,ERROR_DETECTED,1,0,0,0,0
C_vs_tamano,HAMMING,32,256,0.01,3,266,10,3.9062,CORRECTED,1,1,0,1,1
C_vs_tamano,HAMMING,32,256,0.01,1,266,10,3.9062,CORRECTED,1,1,1,0,0
C_vs_tamano,HAMMING,32,256,0.01,6,266,10,3.9062,ERROR_DETECTED,1,0,0,0,0
C_vs_tamano,HAMMING,32,256,0.01,1,266,10,3.9062,CORRECTED,1,1,1,0,0
C_vs_tamano,HAMMING,32,256,0.01,2,266,10,3.9062,ERROR_DETECTED,1,0,0,0,0
C_vs_tamano,HAMMING,32,256,0.01,2,266,10,3.9062,ERROR_DETECTED,1,0,0,0,0
C_vs_tamano,HAMMING,32,256,0.01,2,266,10,3.9062,ERROR_DETECTED,1,0,0,0,0
C_vs_tamano,HAMMING,32,256,0.01,2,266,10,3.9062,ERROR_DETECTED,1,0,0,0,0
C_vs_tamano,HAMMING,32,256,0.01,2,266,10,3.9062,ERROR_DETECTED,1,0,0,0,0
C_vs_tamano,HAMMING,32,256,0.01,2,266,10,3.9062,ERROR_DETECTED,1,0,0,0,0
C_vs_tamano,HAMMING,32,256,0.01,3,266,10,3.9062,ERROR_DETECTED,1,0,0,0,0
C_vs_tamano,HAMMING,32,256,0.01,0,266,10,3.9062,OK,0,0,1,0,0
C_vs_tamano,HAMMING,32,256,0.01,1,266,10,3.9062,CORRECTED,1,1,1,0,0
C_vs_tamano,HAMMING,32,256,0.01,4,266,10,3.9062,ERROR_DETECTED,1,0,0,0,0
C_vs_tamano,HAMMING,32,256,0.01,4,266,10,3.9062,ERROR_DETECTED,1,0,0,0,0
C_vs_tamano,HAMMING,32,256,0.01,2,266,10,3.9062,ERROR_DETECTED,1,0,0,0,0
C_vs_tamano,HAMMING,32,256,0.01,5,266,10,3.9062,CORRECTED,1,1,0,1,0
C_vs_tamano,HAMMING,32,256,0.01,3,266,10,3.9062,CORRECTED,1,1,0,1,1
C_vs_tamano,HAMMING,32,256,0.01,3,266,10,3.9062,ERROR_DETECTED,1,0,0,0,0
C_vs_tamano,HAMMING,32,256,0.01,2,266,10,3.9062,ERROR_DETECTED,1,0,0,0,0
C_vs_tamano,HAMMING,32,256,0.01,0,266,10,3.9062,OK,0,0,1,0,0
C_vs_tamano,HAMMING,32,256,0.01,0,266,10,3.9062,OK,0,0,1,0,0
C_vs_tamano,HAMMING,32,256,0.01,0,266,10,3.9062,OK,0,0,1,0,0
C_vs_tamano,HAMMING,32,256,0.01,3,266,10,3.9062,CORRECTED,1,1,0,1,0
C_vs_tamano,HAMMING,32,256,0.01,2,266,10,3.9062,ERROR_DETECTED,1,0,0,0,0
C_vs_tamano,HAMMING,32,256,0.01,3,266,10,3.9062,ERROR_DETECTED,1,0,0,0,0
C_vs_tamano,HAMMING,32,256,0.01,3,266,10,3.9062,CORRECTED,1,1,0,1,1
C_vs_tamano,HAMMING,32,256,0.01,0,266,10,3.9062,OK,0,0,1,0,0
C_vs_tamano,HAMMING,32,256,0.01,2,266,10,3.9062,ERROR_DETECTED,1,0,0,0,0
C_vs_tamano,HAMMING,32,256,0.01,4,266,10,3.9062,ERROR_DETECTED,1,0,0,0,0
C_vs_tamano,HAMMING,32,256,0.01,3,266,10,3.9062,ERROR_DETECTED,1,0,0,0,0
C_vs_tamano,HAMMING,32,256,0.01,1,266,10,3.9062,CORRECTED,1,1,1,0,0
C_vs_tamano,HAMMING,32,256,0.01,2,266,10,3.9062,ERROR_DETECTED,1,0,0,0,0
C_vs_tamano,HAMMING,32,256,0.01,5,266,10,3.9062,ERROR_DETECTED,1,0,0,0,0
C_vs_tamano,HAMMING,32,256,0.01,3,266,10,3.9062,CORRECTED,1,1,0,1,0
C_vs_tamano,HAMMING,32,256,0.01,0,266,10,3.9062,OK,0,0,1,0,0
C_vs_tamano,HAMMING,32,256,0.01,4,266,10,3.9062,ERROR_DETECTED,1,0,0,0,0
C_vs_tamano,HAMMING,32,256,0.01,2,266,10,3.9062,ERROR_DETECTED,1,0,0,0,0
C_vs_tamano,HAMMING,32,256,0.01,1,266,10,3.9062,CORRECTED,1,1,1,0,0
C_vs_tamano,HAMMING,32,256,0.01,4,266,10,3.9062,ERROR_DETECTED,1,0,0,0,0
C_vs_tamano,HAMMING,32,256,0.01,1,266,10,3.9062,CORRECTED,1,1,1,0,0
C_vs_tamano,HAMMING,32,256,0.01,4,266,10,3.9062,ERROR_DETECTED,1,0,0,0,0
C_vs_tamano,HAMMING,32,256,0.01,0,266,10,3.9062,OK,0,0,1,0,0
C_vs_tamano,HAMMING,32,256,0.01,1,266,10,3.9062,CORRECTED,1,1,1,0,0
C_vs_tamano,HAMMING,32,256,0.01,1,266,10,3.9062,CORRECTED,1,1,1,0,0
C_vs_tamano,HAMMING,32,256,0.01,2,266,10,3.9062,ERROR_DETECTED,1,0,0,0,0
C_vs_tamano,HAMMING,32,256,0.01,3,266,10,3.9062,ERROR_DETECTED,1,0,0,0,0
C_vs_tamano,HAMMING,32,256,0.01,2,266,10,3.9062,ERROR_DETECTED,1,0,0,0,0
C_vs_tamano,HAMMING,32,256,0.01,3,266,10,3.9062,CORRECTED,1,1,0,1,1
C_vs_tamano,HAMMING,32,256,0.01,3,266,10,3.9062,ERROR_DETECTED,1,0,0,0,0
C_vs_tamano,HAMMING,32,256,0.01,3,266,10,3.9062,ERROR_DETECTED,1,0,0,0,0
C_vs_tamano,HAMMING,32,256,0.01,5,266,10,3.9062,ERROR_DETECTED,1,0,0,0,0
C_vs_tamano,HAMMING,32,256,0.01,1,266,10,3.9062,CORRECTED,1,1,1,0,0
C_vs_tamano,HAMMING,32,256,0.01,5,266,10,3.9062,ERROR_DETECTED,1,0,0,0,0
C_vs_tamano,HAMMING,64,512,0.01,3,523,11,2.1484,CORRECTED,1,1,0,1,0
C_vs_tamano,HAMMING,64,512,0.01,9,523,11,2.1484,ERROR_DETECTED,1,0,0,0,0
C_vs_tamano,HAMMING,64,512,0.01,3,523,11,2.1484,ERROR_DETECTED,1,0,0,0,0
C_vs_tamano,HAMMING,64,512,0.01,3,523,11,2.1484,ERROR_DETECTED,1,0,0,0,0
C_vs_tamano,HAMMING,64,512,0.01,4,523,11,2.1484,ERROR_DETECTED,1,0,0,0,0
C_vs_tamano,HAMMING,64,512,0.01,5,523,11,2.1484,ERROR_DETECTED,1,0,0,0,0
C_vs_tamano,HAMMING,64,512,0.01,9,523,11,2.1484,ERROR_DETECTED,1,0,0,0,0
C_vs_tamano,HAMMING,64,512,0.01,8,523,11,2.1484,ERROR_DETECTED,1,0,0,0,0
C_vs_tamano,HAMMING,64,512,0.01,1,523,11,2.1484,CORRECTED,1,1,1,0,0
C_vs_tamano,HAMMING,64,512,0.01,3,523,11,2.1484,CORRECTED,1,1,0,1,0
C_vs_tamano,HAMMING,64,512,0.01,11,523,11,2.1484,ERROR_DETECTED,1,0,0,0,0
C_vs_tamano,HAMMING,64,512,0.01,1,523,11,2.1484,CORRECTED,1,1,1,0,0
C_vs_tamano,HAMMING,64,512,0.01,8,523,11,2.1484,ERROR_DETECTED,1,0,0,0,0
C_vs_tamano,HAMMING,64,512,0.01,5,523,11,2.1484,ERROR_DETECTED,1,0,0,0,0
C_vs_tamano,HAMMING,64,512,0.01,3,523,11,2.1484,CORRECTED,1,1,0,1,1
C_vs_tamano,HAMMING,64,512,0.01,3,523,11,2.1484,CORRECTED,1,1,0,1,0
C_vs_tamano,HAMMING,64,512,0.01,5,523,11,2.1484,ERROR_DETECTED,1,0,0,0,0
C_vs_tamano,HAMMING,64,512,0.01,5,523,11,2.1484,CORRECTED,1,1,0,1,1
C_vs_tamano,HAMMING,64,512,0.01,5,523,11,2.1484,ERROR_DETECTED,1,0,0,0,0
C_vs_tamano,HAMMING,64,512,0.01,5,523,11,2.1484,ERROR_DETECTED,1,0,0,0,0
C_vs_tamano,HAMMING,64,512,0.01,7,523,11,2.1484,ERROR_DETECTED,1,0,0,0,0
C_vs_tamano,HAMMING,64,512,0.01,3,523,11,2.1484,ERROR_DETECTED,1,0,0,0,0
C_vs_tamano,HAMMING,64,512,0.01,5,523,11,2.1484,CORRECTED,1,1,0,1,0
C_vs_tamano,HAMMING,64,512,0.01,3,523,11,2.1484,ERROR_DETECTED,1,0,0,0,0
C_vs_tamano,HAMMING,64,512,0.01,4,523,11,2.1484,ERROR_DETECTED,1,0,0,0,0
C_vs_tamano,HAMMING,64,512,0.01,6,523,11,2.1484,ERROR_DETECTED,1,0,0,0,0
C_vs_tamano,HAMMING,64,512,0.01,3,523,11,2.1484,CORRECTED,1,1,0,1,1
C_vs_tamano,HAMMING,64,512,0.01,5,523,11,2.1484,ERROR_DETECTED,1,0,0,0,0
C_vs_tamano,HAMMING,64,512,0.01,3,523,11,2.1484,ERROR_DETECTED,1,0,0,0,0
C_vs_tamano,HAMMING,64,512,0.01,2,523,11,2.1484,ERROR_DETECTED,1,0,0,0,0
C_vs_tamano,HAMMING,64,512,0.01,4,523,11,2.1484,ERROR_DETECTED,1,0,0,0,0
C_vs_tamano,HAMMING,64,512,0.01,5,523,11,2.1484,ERROR_DETECTED,1,0,0,0,0
C_vs_tamano,HAMMING,64,512,0.01,9,523,11,2.1484,ERROR_DETECTED,1,0,0,0,0
C_vs_tamano,HAMMING,64,512,0.01,3,523,11,2.1484,CORRECTED,1,1,0,1,0
C_vs_tamano,HAMMING,64,512,0.01,6,523,11,2.1484,ERROR_DETECTED,1,0,0,0,0
C_vs_tamano,HAMMING,64,512,0.01,5,523,11,2.1484,CORRECTED,1,1,0,1,1
C_vs_tamano,HAMMING,64,512,0.01,5,523,11,2.1484,ERROR_DETECTED,1,0,0,0,0
C_vs_tamano,HAMMING,64,512,0.01,3,523,11,2.1484,CORRECTED,1,1,0,1,0
C_vs_tamano,HAMMING,64,512,0.01,3,523,11,2.1484,ERROR_DETECTED,1,0,0,0,0
C_vs_tamano,HAMMING,64,512,0.01,6,523,11,2.1484,ERROR_DETECTED,1,0,0,0,0
C_vs_tamano,HAMMING,64,512,0.01,3,523,11,2.1484,ERROR_DETECTED,1,0,0,0,0
C_vs_tamano,HAMMING,64,512,0.01,5,523,11,2.1484,ERROR_DETECTED,1,0,0,0,0
C_vs_tamano,HAMMING,64,512,0.01,4,523,11,2.1484,ERROR_DETECTED,1,0,0,0,0
C_vs_tamano,HAMMING,64,512,0.01,5,523,11,2.1484,CORRECTED,1,1,0,1,1
C_vs_tamano,HAMMING,64,512,0.01,4,523,11,2.1484,ERROR_DETECTED,1,0,0,0,0
C_vs_tamano,HAMMING,64,512,0.01,6,523,11,2.1484,ERROR_DETECTED,1,0,0,0,0
C_vs_tamano,HAMMING,64,512,0.01,6,523,11,2.1484,ERROR_DETECTED,1,0,0,0,0
C_vs_tamano,HAMMING,64,512,0.01,4,523,11,2.1484,ERROR_DETECTED,1,0,0,0,0
C_vs_tamano,HAMMING,64,512,0.01,8,523,11,2.1484,ERROR_DETECTED,1,0,0,0,0
C_vs_tamano,HAMMING,64,512,0.01,3,523,11,2.1484,CORRECTED,1,1,0,1,0
C_vs_tamano,HAMMING,64,512,0.01,6,523,11,2.1484,ERROR_DETECTED,1,0,0,0,0
C_vs_tamano,HAMMING,64,512,0.01,4,523,11,2.1484,ERROR_DETECTED,1,0,0,0,0
C_vs_tamano,HAMMING,64,512,0.01,10,523,11,2.1484,ERROR_DETECTED,1,0,0,0,0
C_vs_tamano,HAMMING,64,512,0.01,3,523,11,2.1484,CORRECTED,1,1,0,1,0
C_vs_tamano,HAMMING,64,512,0.01,7,523,11,2.1484,ERROR_DETECTED,1,0,0,0,0
C_vs_tamano,HAMMING,64,512,0.01,2,523,11,2.1484,ERROR_DETECTED,1,0,0,0,0
C_vs_tamano,HAMMING,64,512,0.01,6,523,11,2.1484,ERROR_DETECTED,1,0,0,0,0
C_vs_tamano,HAMMING,64,512,0.01,6,523,11,2.1484,ERROR_DETECTED,1,0,0,0,0
C_vs_tamano,HAMMING,64,512,0.01,7,523,11,2.1484,ERROR_DETECTED,1,0,0,0,0
C_vs_tamano,HAMMING,64,512,0.01,6,523,11,2.1484,ERROR_DETECTED,1,0,0,0,0
C_vs_tamano,HAMMING,64,512,0.01,7,523,11,2.1484,CORRECTED,1,1,0,1,0
C_vs_tamano,HAMMING,64,512,0.01,5,523,11,2.1484,CORRECTED,1,1,0,1,0
C_vs_tamano,HAMMING,64,512,0.01,5,523,11,2.1484,CORRECTED,1,1,0,1,0
C_vs_tamano,HAMMING,64,512,0.01,3,523,11,2.1484,CORRECTED,1,1,0,1,0
C_vs_tamano,HAMMING,64,512,0.01,5,523,11,2.1484,ERROR_DETECTED,1,0,0,0,0
C_vs_tamano,HAMMING,64,512,0.01,9,523,11,2.1484,ERROR_DETECTED,1,0,0,0,0
C_vs_tamano,HAMMING,64,512,0.01,4,523,11,2.1484,ERROR_DETECTED,1,0,0,0,0
C_vs_tamano,HAMMING,64,512,0.01,3,523,11,2.1484,CORRECTED,1,1,0,1,1
C_vs_tamano,HAMMING,64,512,0.01,2,523,11,2.1484,ERROR_DETECTED,1,0,0,0,0
C_vs_tamano,HAMMING,64,512,0.01,6,523,11,2.1484,ERROR_DETECTED,1,0,0,0,0
C_vs_tamano,HAMMING,64,512,0.01,9,523,11,2.1484,ERROR_DETECTED,1,0,0,0,0
C_vs_tamano,HAMMING,64,512,0.01,3,523,11,2.1484,ERROR_DETECTED,1,0,0,0,0
C_vs_tamano,HAMMING,64,512,0.01,7,523,11,2.1484,CORRECTED,1,1,0,1,0
C_vs_tamano,HAMMING,64,512,0.01,4,523,11,2.1484,ERROR_DETECTED,1,0,0,0,0
C_vs_tamano,HAMMING,64,512,0.01,2,523,11,2.1484,ERROR_DETECTED,1,0,0,0,0
C_vs_tamano,HAMMING,64,512,0.01,8,523,11,2.1484,ERROR_DETECTED,1,0,0,0,0
C_vs_tamano,HAMMING,64,512,0.01,5,523,11,2.1484,ERROR_DETECTED,1,0,0,0,0
C_vs_tamano,HAMMING,64,512,0.01,2,523,11,2.1484,ERROR_DETECTED,1,0,0,0,0
C_vs_tamano,HAMMING,64,512,0.01,9,523,11,2.1484,ERROR_DETECTED,1,0,0,0,0
C_vs_tamano,HAMMING,64,512,0.01,6,523,11,2.1484,ERROR_DETECTED,1,0,0,0,0
C_vs_tamano,HAMMING,64,512,0.01,4,523,11,2.1484,ERROR_DETECTED,1,0,0,0,0
C_vs_tamano,HAMMING,64,512,0.01,2,523,11,2.1484,ERROR_DETECTED,1,0,0,0,0
C_vs_tamano,HAMMING,64,512,0.01,7,523,11,2.1484,CORRECTED,1,1,0,1,1
C_vs_tamano,HAMMING,64,512,0.01,4,523,11,2.1484,ERROR_DETECTED,1,0,0,0,0
C_vs_tamano,HAMMING,64,512,0.01,3,523,11,2.1484,CORRECTED,1,1,0,1,0
C_vs_tamano,HAMMING,64,512,0.01,6,523,11,2.1484,ERROR_DETECTED,1,0,0,0,0
C_vs_tamano,HAMMING,64,512,0.01,7,523,11,2.1484,CORRECTED,1,1,0,1,0
C_vs_tamano,HAMMING,64,512,0.01,5,523,11,2.1484,CORRECTED,1,1,0,1,1
C_vs_tamano,HAMMING,64,512,0.01,3,523,11,2.1484,CORRECTED,1,1,0,1,0
C_vs_tamano,HAMMING,64,512,0.01,7,523,11,2.1484,ERROR_DETECTED,1,0,0,0,0
C_vs_tamano,HAMMING,64,512,0.01,7,523,11,2.1484,CORRECTED,1,1,0,1,0
C_vs_tamano,HAMMING,64,512,0.01,4,523,11,2.1484,ERROR_DETECTED,1,0,0,0,0
C_vs_tamano,HAMMING,64,512,0.01,7,523,11,2.1484,CORRECTED,1,1,0,1,0
C_vs_tamano,HAMMING,64,512,0.01,4,523,11,2.1484,ERROR_DETECTED,1,0,0,0,0
C_vs_tamano,HAMMING,64,512,0.01,5,523,11,2.1484,CORRECTED,1,1,0,1,1
C_vs_tamano,HAMMING,64,512,0.01,2,523,11,2.1484,ERROR_DETECTED,1,0,0,0,0
C_vs_tamano,HAMMING,64,512,0.01,10,523,11,2.1484,ERROR_DETECTED,1,0,0,0,0
C_vs_tamano,HAMMING,64,512,0.01,6,523,11,2.1484,ERROR_DETECTED,1,0,0,0,0
C_vs_tamano,HAMMING,64,512,0.01,8,523,11,2.1484,ERROR_DETECTED,1,0,0,0,0
C_vs_tamano,HAMMING,64,512,0.01,5,523,11,2.1484,ERROR_DETECTED,1,0,0,0,0
C_vs_tamano,HAMMING,64,512,0.01,4,523,11,2.1484,ERROR_DETECTED,1,0,0,0,0
C_vs_tamano,HAMMING,64,512,0.01,2,523,11,2.1484,ERROR_DETECTED,1,0,0,0,0
C_vs_tamano,HAMMING,64,512,0.01,7,523,11,2.1484,ERROR_DETECTED,1,0,0,0,0
C_vs_tamano,HAMMING,64,512,0.01,4,523,11,2.1484,ERROR_DETECTED,1,0,0,0,0
C_vs_tamano,HAMMING,64,512,0.01,5,523,11,2.1484,CORRECTED,1,1,0,1,1
C_vs_tamano,HAMMING,64,512,0.01,7,523,11,2.1484,ERROR_DETECTED,1,0,0,0,0
C_vs_tamano,HAMMING,64,512,0.01,10,523,11,2.1484,ERROR_DETECTED,1,0,0,0,0
C_vs_tamano,HAMMING,64,512,0.01,3,523,11,2.1484,ERROR_DETECTED,1,0,0,0,0
C_vs_tamano,HAMMING,64,512,0.01,9,523,11,2.1484,ERROR_DETECTED,1,0,0,0,0
C_vs_tamano,HAMMING,64,512,0.01,8,523,11,2.1484,ERROR_DETECTED,1,0,0,0,0
C_vs_tamano,HAMMING,64,512,0.01,9,523,11,2.1484,ERROR_DETECTED,1,0,0,0,0
C_vs_tamano,HAMMING,64,512,0.01,3,523,11,2.1484,ERROR_DETECTED,1,0,0,0,0
C_vs_tamano,HAMMING,64,512,0.01,10,523,11,2.1484,ERROR_DETECTED,1,0,0,0,0
C_vs_tamano,HAMMING,64,512,0.01,4,523,11,2.1484,ERROR_DETECTED,1,0,0,0,0
C_vs_tamano,HAMMING,64,512,0.01,3,523,11,2.1484,ERROR_DETECTED,1,0,0,0,0
C_vs_tamano,HAMMING,64,512,0.01,4,523,11,2.1484,ERROR_DETECTED,1,0,0,0,0
C_vs_tamano,HAMMING,64,512,0.01,4,523,11,2.1484,ERROR_DETECTED,1,0,0,0,0
C_vs_tamano,HAMMING,64,512,0.01,6,523,11,2.1484,ERROR_DETECTED,1,0,0,0,0
C_vs_tamano,HAMMING,64,512,0.01,4,523,11,2.1484,ERROR_DETECTED,1,0,0,0,0
C_vs_tamano,HAMMING,64,512,0.01,8,523,11,2.1484,ERROR_DETECTED,1,0,0,0,0
C_vs_tamano,HAMMING,64,512,0.01,7,523,11,2.1484,ERROR_DETECTED,1,0,0,0,0
C_vs_tamano,HAMMING,64,512,0.01,5,523,11,2.1484,CORRECTED,1,1,0,1,0
C_vs_tamano,HAMMING,64,512,0.01,4,523,11,2.1484,ERROR_DETECTED,1,0,0,0,0
C_vs_tamano,HAMMING,64,512,0.01,4,523,11,2.1484,ERROR_DETECTED,1,0,0,0,0
C_vs_tamano,HAMMING,64,512,0.01,10,523,11,2.1484,ERROR_DETECTED,1,0,0,0,0
C_vs_tamano,HAMMING,64,512,0.01,2,523,11,2.1484,ERROR_DETECTED,1,0,0,0,0
C_vs_tamano,HAMMING,64,512,0.01,3,523,11,2.1484,ERROR_DETECTED,1,0,0,0,0
C_vs_tamano,HAMMING,64,512,0.01,5,523,11,2.1484,ERROR_DETECTED,1,0,0,0,0
C_vs_tamano,HAMMING,64,512,0.01,8,523,11,2.1484,ERROR_DETECTED,1,0,0,0,0
C_vs_tamano,HAMMING,64,512,0.01,2,523,11,2.1484,ERROR_DETECTED,1,0,0,0,0
C_vs_tamano,HAMMING,64,512,0.01,5,523,11,2.1484,CORRECTED,1,1,0,1,0
C_vs_tamano,HAMMING,64,512,0.01,4,523,11,2.1484,ERROR_DETECTED,1,0,0,0,0
C_vs_tamano,HAMMING,64,512,0.01,5,523,11,2.1484,ERROR_DETECTED,1,0,0,0,0
C_vs_tamano,HAMMING,64,512,0.01,7,523,11,2.1484,ERROR_DETECTED,1,0,0,0,0
C_vs_tamano,HAMMING,64,512,0.01,3,523,11,2.1484,CORRECTED,1,1,0,1,0
C_vs_tamano,HAMMING,64,512,0.01,7,523,11,2.1484,ERROR_DETECTED,1,0,0,0,0
C_vs_tamano,HAMMING,64,512,0.01,5,523,11,2.1484,CORRECTED,1,1,0,1,0
C_vs_tamano,HAMMING,64,512,0.01,6,523,11,2.1484,ERROR_DETECTED,1,0,0,0,0
C_vs_tamano,HAMMING,64,512,0.01,5,523,11,2.1484,ERROR_DETECTED,1,0,0,0,0
C_vs_tamano,HAMMING,64,512,0.01,5,523,11,2.1484,CORRECTED,1,1,0,1,0
C_vs_tamano,HAMMING,64,512,0.01,7,523,11,2.1484,ERROR_DETECTED,1,0,0,0,0
C_vs_tamano,HAMMING,64,512,0.01,2,523,11,2.1484,ERROR_DETECTED,1,0,0,0,0
C_vs_tamano,HAMMING,64,512,0.01,4,523,11,2.1484,ERROR_DETECTED,1,0,0,0,0
C_vs_tamano,HAMMING,64,512,0.01,10,523,11,2.1484,ERROR_DETECTED,1,0,0,0,0
C_vs_tamano,HAMMING,64,512,0.01,3,523,11,2.1484,CORRECTED,1,1,0,1,0
C_vs_tamano,HAMMING,64,512,0.01,7,523,11,2.1484,CORRECTED,1,1,0,1,1
C_vs_tamano,HAMMING,64,512,0.01,5,523,11,2.1484,ERROR_DETECTED,1,0,0,0,0
C_vs_tamano,HAMMING,64,512,0.01,7,523,11,2.1484,CORRECTED,1,1,0,1,1
C_vs_tamano,HAMMING,64,512,0.01,6,523,11,2.1484,OK,0,0,0,1,0
C_vs_tamano,HAMMING,64,512,0.01,6,523,11,2.1484,ERROR_DETECTED,1,0,0,0,0
C_vs_tamano,HAMMING,128,1024,0.01,9,1036,12,1.1719,ERROR_DETECTED,1,0,0,0,0
C_vs_tamano,HAMMING,128,1024,0.01,9,1036,12,1.1719,ERROR_DETECTED,1,0,0,0,0
C_vs_tamano,HAMMING,128,1024,0.01,9,1036,12,1.1719,ERROR_DETECTED,1,0,0,0,0
C_vs_tamano,HAMMING,128,1024,0.01,17,1036,12,1.1719,ERROR_DETECTED,1,0,0,0,0
C_vs_tamano,HAMMING,128,1024,0.01,12,1036,12,1.1719,ERROR_DETECTED,1,0,0,0,0
C_vs_tamano,HAMMING,128,1024,0.01,8,1036,12,1.1719,ERROR_DETECTED,1,0,0,0,0
C_vs_tamano,HAMMING,128,1024,0.01,7,1036,12,1.1719,CORRECTED,1,1,0,1,0
C_vs_tamano,HAMMING,128,1024,0.01,14,1036,12,1.1719,ERROR_DETECTED,1,0,0,0,0
C_vs_tamano,HAMMING,128,1024,0.01,14,1036,12,1.1719,ERROR_DETECTED,1,0,0,0,0
C_vs_tamano,HAMMING,128,1024,0.01,13,1036,12,1.1719,ERROR_DETECTED,1,0,0,0,0
C_vs_tamano,HAMMING,128,1024,0.01,9,1036,12,1.1719,ERROR_DETECTED,1,0,0,0,0
C_vs_tamano,HAMMING,128,1024,0.01,11,1036,12,1.1719,ERROR_DETECTED,1,0,0,0,0
C_vs_tamano,HAMMING,128,1024,0.01,6,1036,12,1.1719,ERROR_DETECTED,1,0,0,0,0
C_vs_tamano,HAMMING,128,1024,0.01,11,1036,12,1.1719,ERROR_DETECTED,1,0,0,0,0
C_vs_tamano,HAMMING,128,1024,0.01,10,1036,12,1.1719,ERROR_DETECTED,1,0,0,0,0
C_vs_tamano,HAMMING,128,1024,0.01,10,1036,12,1.1719,ERROR_DETECTED,1,0,0,0,0
C_vs_tamano,HAMMING,128,1024,0.01,12,1036,12,1.1719,ERROR_DETECTED,1,0,0,0,0
C_vs_tamano,HAMMING,128,1024,0.01,13,1036,12,1.1719,ERROR_DETECTED,1,0,0,0,0
C_vs_tamano,HAMMING,128,1024,0.01,10,1036,12,1.1719,ERROR_DETECTED,1,0,0,0,0
C_vs_tamano,HAMMING,128,1024,0.01,5,1036,12,1.1719,ERROR_DETECTED,1,0,0,0,0
C_vs_tamano,HAMMING,128,1024,0.01,9,1036,12,1.1719,ERROR_DETECTED,1,0,0,0,0
C_vs_tamano,HAMMING,128,1024,0.01,7,1036,12,1.1719,ERROR_DETECTED,1,0,0,0,0
C_vs_tamano,HAMMING,128,1024,0.01,6,1036,12,1.1719,ERROR_DETECTED,1,0,0,0,0
C_vs_tamano,HAMMING,128,1024,0.01,13,1036,12,1.1719,ERROR_DETECTED,1,0,0,0,0
C_vs_tamano,HAMMING,128,1024,0.01,7,1036,12,1.1719,ERROR_DETECTED,1,0,0,0,0
C_vs_tamano,HAMMING,128,1024,0.01,11,1036,12,1.1719,ERROR_DETECTED,1,0,0,0,0
C_vs_tamano,HAMMING,128,1024,0.01,13,1036,12,1.1719,ERROR_DETECTED,1,0,0,0,0
C_vs_tamano,HAMMING,128,1024,0.01,11,1036,12,1.1719,ERROR_DETECTED,1,0,0,0,0
C_vs_tamano,HAMMING,128,1024,0.01,5,1036,12,1.1719,ERROR_DETECTED,1,0,0,0,0
C_vs_tamano,HAMMING,128,1024,0.01,6,1036,12,1.1719,ERROR_DETECTED,1,0,0,0,0
C_vs_tamano,HAMMING,128,1024,0.01,7,1036,12,1.1719,ERROR_DETECTED,1,0,0,0,0
C_vs_tamano,HAMMING,128,1024,0.01,9,1036,12,1.1719,ERROR_DETECTED,1,0,0,0,0
C_vs_tamano,HAMMING,128,1024,0.01,16,1036,12,1.1719,ERROR_DETECTED,1,0,0,0,0
C_vs_tamano,HAMMING,128,1024,0.01,14,1036,12,1.1719,ERROR_DETECTED,1,0,0,0,0
C_vs_tamano,HAMMING,128,1024,0.01,10,1036,12,1.1719,ERROR_DETECTED,1,0,0,0,0
C_vs_tamano,HAMMING,128,1024,0.01,6,1036,12,1.1719,ERROR_DETECTED,1,0,0,0,0
C_vs_tamano,HAMMING,128,1024,0.01,9,1036,12,1.1719,ERROR_DETECTED,1,0,0,0,0
C_vs_tamano,HAMMING,128,1024,0.01,7,1036,12,1.1719,ERROR_DETECTED,1,0,0,0,0
C_vs_tamano,HAMMING,128,1024,0.01,13,1036,12,1.1719,CORRECTED,1,1,0,1,1
C_vs_tamano,HAMMING,128,1024,0.01,7,1036,12,1.1719,ERROR_DETECTED,1,0,0,0,0
C_vs_tamano,HAMMING,128,1024,0.01,11,1036,12,1.1719,ERROR_DETECTED,1,0,0,0,0
C_vs_tamano,HAMMING,128,1024,0.01,16,1036,12,1.1719,ERROR_DETECTED,1,0,0,0,0
C_vs_tamano,HAMMING,128,1024,0.01,10,1036,12,1.1719,ERROR_DETECTED,1,0,0,0,0
C_vs_tamano,HAMMING,128,1024,0.01,4,1036,12,1.1719,ERROR_DETECTED,1,0,0,0,0
C_vs_tamano,HAMMING,128,1024,0.01,13,1036,12,1.1719,ERROR_DETECTED,1,0,0,0,0
C_vs_tamano,HAMMING,128,1024,0.01,12,1036,12,1.1719,ERROR_DETECTED,1,0,0,0,0
C_vs_tamano,HAMMING,128,1024,0.01,18,1036,12,1.1719,ERROR_DETECTED,1,0,0,0,0
C_vs_tamano,HAMMING,128,1024,0.01,13,1036,12,1.1719,ERROR_DETECTED,1,0,0,0,0
C_vs_tamano,HAMMING,128,1024,0.01,18,1036,12,1.1719,ERROR_DETECTED,1,0,0,0,0
C_vs_tamano,HAMMING,128,1024,0.01,14,1036,12,1.1719,ERROR_DETECTED,1,0,0,0,0
C_vs_tamano,HAMMING,128,1024,0.01,8,1036,12,1.1719,ERROR_DETECTED,1,0,0,0,0
C_vs_tamano,HAMMING,128,1024,0.01,11,1036,12,1.1719,ERROR_DETECTED,1,0,0,0,0
C_vs_tamano,HAMMING,128,1024,0.01,16,1036,12,1.1719,ERROR_DETECTED,1,0,0,0,0
C_vs_tamano,HAMMING,128,1024,0.01,8,1036,12,1.1719,ERROR_DETECTED,1,0,0,0,0
C_vs_tamano,HAMMING,128,1024,0.01,9,1036,12,1.1719,ERROR_DETECTED,1,0,0,0,0
C_vs_tamano,HAMMING,128,1024,0.01,8,1036,12,1.1719,ERROR_DETECTED,1,0,0,0,0
C_vs_tamano,HAMMING,128,1024,0.01,9,1036,12,1.1719,ERROR_DETECTED,1,0,0,0,0
C_vs_tamano,HAMMING,128,1024,0.01,16,1036,12,1.1719,ERROR_DETECTED,1,0,0,0,0
C_vs_tamano,HAMMING,128,1024,0.01,12,1036,12,1.1719,ERROR_DETECTED,1,0,0,0,0
C_vs_tamano,HAMMING,128,1024,0.01,10,1036,12,1.1719,ERROR_DETECTED,1,0,0,0,0
C_vs_tamano,HAMMING,128,1024,0.01,6,1036,12,1.1719,ERROR_DETECTED,1,0,0,0,0
C_vs_tamano,HAMMING,128,1024,0.01,11,1036,12,1.1719,ERROR_DETECTED,1,0,0,0,0
C_vs_tamano,HAMMING,128,1024,0.01,15,1036,12,1.1719,ERROR_DETECTED,1,0,0,0,0
C_vs_tamano,HAMMING,128,1024,0.01,20,1036,12,1.1719,ERROR_DETECTED,1,0,0,0,0
C_vs_tamano,HAMMING,128,1024,0.01,10,1036,12,1.1719,ERROR_DETECTED,1,0,0,0,0
C_vs_tamano,HAMMING,128,1024,0.01,10,1036,12,1.1719,ERROR_DETECTED,1,0,0,0,0
C_vs_tamano,HAMMING,128,1024,0.01,13,1036,12,1.1719,ERROR_DETECTED,1,0,0,0,0
C_vs_tamano,HAMMING,128,1024,0.01,10,1036,12,1.1719,ERROR_DETECTED,1,0,0,0,0
C_vs_tamano,HAMMING,128,1024,0.01,11,1036,12,1.1719,ERROR_DETECTED,1,0,0,0,0
C_vs_tamano,HAMMING,128,1024,0.01,9,1036,12,1.1719,ERROR_DETECTED,1,0,0,0,0
C_vs_tamano,HAMMING,128,1024,0.01,14,1036,12,1.1719,ERROR_DETECTED,1,0,0,0,0
C_vs_tamano,HAMMING,128,1024,0.01,14,1036,12,1.1719,ERROR_DETECTED,1,0,0,0,0
C_vs_tamano,HAMMING,128,1024,0.01,12,1036,12,1.1719,ERROR_DETECTED,1,0,0,0,0
C_vs_tamano,HAMMING,128,1024,0.01,10,1036,12,1.1719,ERROR_DETECTED,1,0,0,0,0
C_vs_tamano,HAMMING,128,1024,0.01,5,1036,12,1.1719,ERROR_DETECTED,1,0,0,0,0
C_vs_tamano,HAMMING,128,1024,0.01,11,1036,12,1.1719,ERROR_DETECTED,1,0,0,0,0
C_vs_tamano,HAMMING,128,1024,0.01,7,1036,12,1.1719,CORRECTED,1,1,0,1,1
C_vs_tamano,HAMMING,128,1024,0.01,18,1036,12,1.1719,ERROR_DETECTED,1,0,0,0,0
C_vs_tamano,HAMMING,128,1024,0.01,10,1036,12,1.1719,ERROR_DETECTED,1,0,0,0,0
C_vs_tamano,HAMMING,128,1024,0.01,8,1036,12,1.1719,ERROR_DETECTED,1,0,0,0,0
C_vs_tamano,HAMMING,128,1024,0.01,8,1036,12,1.1719,ERROR_DETECTED,1,0,0,0,0
C_vs_tamano,HAMMING,128,1024,0.01,12,1036,12,1.1719,ERROR_DETECTED,1,0,0,0,0
C_vs_tamano,HAMMING,128,1024,0.01,14,1036,12,1.1719,ERROR_DETECTED,1,0,0,0,0
C_vs_tamano,HAMMING,128,1024,0.01,10,1036,12,1.1719,ERROR_DETECTED,1,0,0,0,0
C_vs_tamano,HAMMING,128,1024,0.01,4,1036,12,1.1719,ERROR_DETECTED,1,0,0,0,0
C_vs_tamano,HAMMING,128,1024,0.01,14,1036,12,1.1719,ERROR_DETECTED,1,0,0,0,0
C_vs_tamano,HAMMING,128,1024,0.01,12,1036,12,1.1719,ERROR_DETECTED,1,0,0,0,0
C_vs_tamano,HAMMING,128,1024,0.01,17,1036,12,1.1719,ERROR_DETECTED,1,0,0,0,0
C_vs_tamano,HAMMING,128,1024,0.01,15,1036,12,1.1719,ERROR_DETECTED,1,0,0,0,0
C_vs_tamano,HAMMING,128,1024,0.01,16,1036,12,1.1719,ERROR_DETECTED,1,0,0,0,0
C_vs_tamano,HAMMING,128,1024,0.01,13,1036,12,1.1719,ERROR_DETECTED,1,0,0,0,0
C_vs_tamano,HAMMING,128,1024,0.01,8,1036,12,1.1719,ERROR_DETECTED,1,0,0,0,0
C_vs_tamano,HAMMING,128,1024,0.01,8,1036,12,1.1719,ERROR_DETECTED,1,0,0,0,0
C_vs_tamano,HAMMING,128,1024,0.01,7,1036,12,1.1719,ERROR_DETECTED,1,0,0,0,0
C_vs_tamano,HAMMING,128,1024,0.01,16,1036,12,1.1719,ERROR_DETECTED,1,0,0,0,0
C_vs_tamano,HAMMING,128,1024,0.01,11,1036,12,1.1719,ERROR_DETECTED,1,0,0,0,0
C_vs_tamano,HAMMING,128,1024,0.01,7,1036,12,1.1719,ERROR_DETECTED,1,0,0,0,0
C_vs_tamano,HAMMING,128,1024,0.01,11,1036,12,1.1719,ERROR_DETECTED,1,0,0,0,0
C_vs_tamano,HAMMING,128,1024,0.01,9,1036,12,1.1719,ERROR_DETECTED,1,0,0,0,0
C_vs_tamano,HAMMING,128,1024,0.01,7,1036,12,1.1719,CORRECTED,1,1,0,1,1
C_vs_tamano,HAMMING,128,1024,0.01,12,1036,12,1.1719,ERROR_DETECTED,1,0,0,0,0
C_vs_tamano,HAMMING,128,1024,0.01,7,1036,12,1.1719,ERROR_DETECTED,1,0,0,0,0
C_vs_tamano,HAMMING,128,1024,0.01,10,1036,12,1.1719,ERROR_DETECTED,1,0,0,0,0
C_vs_tamano,HAMMING,128,1024,0.01,12,1036,12,1.1719,ERROR_DETECTED,1,0,0,0,0
C_vs_tamano,HAMMING,128,1024,0.01,13,1036,12,1.1719,ERROR_DETECTED,1,0,0,0,0
C_vs_tamano,HAMMING,128,1024,0.01,9,1036,12,1.1719,ERROR_DETECTED,1,0,0,0,0
C_vs_tamano,HAMMING,128,1024,0.01,21,1036,12,1.1719,ERROR_DETECTED,1,0,0,0,0
C_vs_tamano,HAMMING,128,1024,0.01,8,1036,12,1.1719,ERROR_DETECTED,1,0,0,0,0
C_vs_tamano,HAMMING,128,1024,0.01,11,1036,12,1.1719,ERROR_DETECTED,1,0,0,0,0
C_vs_tamano,HAMMING,128,1024,0.01,5,1036,12,1.1719,CORRECTED,1,1,0,1,1
C_vs_tamano,HAMMING,128,1024,0.01,11,1036,12,1.1719,ERROR_DETECTED,1,0,0,0,0
C_vs_tamano,HAMMING,128,1024,0.01,9,1036,12,1.1719,CORRECTED,1,1,0,1,0
C_vs_tamano,HAMMING,128,1024,0.01,7,1036,12,1.1719,ERROR_DETECTED,1,0,0,0,0
C_vs_tamano,HAMMING,128,1024,0.01,14,1036,12,1.1719,ERROR_DETECTED,1,0,0,0,0
C_vs_tamano,HAMMING,128,1024,0.01,9,1036,12,1.1719,ERROR_DETECTED,1,0,0,0,0
C_vs_tamano,HAMMING,128,1024,0.01,10,1036,12,1.1719,ERROR_DETECTED,1,0,0,0,0
C_vs_tamano,HAMMING,128,1024,0.01,9,1036,12,1.1719,CORRECTED,1,1,0,1,0
C_vs_tamano,HAMMING,128,1024,0.01,9,1036,12,1.1719,CORRECTED,1,1,0,1,0
C_vs_tamano,HAMMING,128,1024,0.01,6,1036,12,1.1719,ERROR_DETECTED,1,0,0,0,0
C_vs_tamano,HAMMING,128,1024,0.01,13,1036,12,1.1719,ERROR_DETECTED,1,0,0,0,0
C_vs_tamano,HAMMING,128,1024,0.01,11,1036,12,1.1719,CORRECTED,1,1,0,1,0
C_vs_tamano,HAMMING,128,1024,0.01,15,1036,12,1.1719,ERROR_DETECTED,1,0,0,0,0
C_vs_tamano,HAMMING,128,1024,0.01,16,1036,12,1.1719,ERROR_DETECTED,1,0,0,0,0
C_vs_tamano,HAMMING,128,1024,0.01,11,1036,12,1.1719,ERROR_DETECTED,1,0,0,0,0
C_vs_tamano,HAMMING,128,1024,0.01,11,1036,12,1.1719,ERROR_DETECTED,1,0,0,0,0
C_vs_tamano,HAMMING,128,1024,0.01,12,1036,12,1.1719,ERROR_DETECTED,1,0,0,0,0
C_vs_tamano,HAMMING,128,1024,0.01,7,1036,12,1.1719,ERROR_DETECTED,1,0,0,0,0
C_vs_tamano,HAMMING,128,1024,0.01,11,1036,12,1.1719,ERROR_DETECTED,1,0,0,0,0
C_vs_tamano,HAMMING,128,1024,0.01,12,1036,12,1.1719,ERROR_DETECTED,1,0,0,0,0
C_vs_tamano,HAMMING,128,1024,0.01,11,1036,12,1.1719,ERROR_DETECTED,1,0,0,0,0
C_vs_tamano,HAMMING,128,1024,0.01,15,1036,12,1.1719,ERROR_DETECTED,1,0,0,0,0
C_vs_tamano,HAMMING,128,1024,0.01,12,1036,12,1.1719,ERROR_DETECTED,1,0,0,0,0
C_vs_tamano,HAMMING,128,1024,0.01,11,1036,12,1.1719,CORRECTED,1,1,0,1,1
C_vs_tamano,HAMMING,128,1024,0.01,13,1036,12,1.1719,ERROR_DETECTED,1,0,0,0,0
C_vs_tamano,HAMMING,128,1024,0.01,14,1036,12,1.1719,ERROR_DETECTED,1,0,0,0,0
C_vs_tamano,HAMMING,128,1024,0.01,11,1036,12,1.1719,ERROR_DETECTED,1,0,0,0,0
C_vs_tamano,HAMMING,128,1024,0.01,15,1036,12,1.1719,ERROR_DETECTED,1,0,0,0,0
C_vs_tamano,HAMMING,128,1024,0.01,10,1036,12,1.1719,ERROR_DETECTED,1,0,0,0,0
C_vs_tamano,HAMMING,128,1024,0.01,10,1036,12,1.1719,ERROR_DETECTED,1,0,0,0,0
C_vs_tamano,HAMMING,128,1024,0.01,11,1036,12,1.1719,ERROR_DETECTED,1,0,0,0,0
C_vs_tamano,HAMMING,128,1024,0.01,3,1036,12,1.1719,ERROR_DETECTED,1,0,0,0,0
C_vs_tamano,HAMMING,128,1024,0.01,12,1036,12,1.1719,ERROR_DETECTED,1,0,0,0,0
C_vs_tamano,HAMMING,128,1024,0.01,7,1036,12,1.1719,CORRECTED,1,1,0,1,1
C_vs_tamano,HAMMING,128,1024,0.01,11,1036,12,1.1719,ERROR_DETECTED,1,0,0,0,0
C_vs_tamano,HAMMING,128,1024,0.01,12,1036,12,1.1719,ERROR_DETECTED,1,0,0,0,0
C_vs_tamano,HAMMING,128,1024,0.01,7,1036,12,1.1719,ERROR_DETECTED,1,0,0,0,0
C_vs_tamano,HAMMING,128,1024,0.01,10,1036,12,1.1719,ERROR_DETECTED,1,0,0,0,0
C_vs_tamano,HAMMING,128,1024,0.01,9,1036,12,1.1719,ERROR_DETECTED,1,0,0,0,0
C_vs_tamano,HAMMING,128,1024,0.01,6,1036,12,1.1719,ERROR_DETECTED,1,0,0,0,0
C_vs_tamano,HAMMING,128,1024,0.01,15,1036,12,1.1719,ERROR_DETECTED,1,0,0,0,0
C_vs_tamano,CRC32,1,8,0.01,1,64,56,700.0,ERROR_DETECTED,1,0,0,0,0
C_vs_tamano,CRC32,1,8,0.01,0,64,56,700.0,OK,0,0,1,0,0
C_vs_tamano,CRC32,1,8,0.01,1,64,56,700.0,ERROR_DETECTED,1,0,0,0,0
C_vs_tamano,CRC32,1,8,0.01,0,64,56,700.0,OK,0,0,1,0,0
C_vs_tamano,CRC32,1,8,0.01,1,64,56,700.0,ERROR_DETECTED,1,0,0,0,0
C_vs_tamano,CRC32,1,8,0.01,1,64,56,700.0,ERROR_DETECTED,1,0,0,0,0
C_vs_tamano,CRC32,1,8,0.01,0,64,56,700.0,OK,0,0,1,0,0
C_vs_tamano,CRC32,1,8,0.01,0,64,56,700.0,OK,0,0,1,0,0
C_vs_tamano,CRC32,1,8,0.01,0,64,56,700.0,OK,0,0,1,0,0
C_vs_tamano,CRC32,1,8,0.01,1,64,56,700.0,ERROR_DETECTED,1,0,0,0,0
C_vs_tamano,CRC32,1,8,0.01,1,64,56,700.0,ERROR_DETECTED,1,0,0,0,0
C_vs_tamano,CRC32,1,8,0.01,1,64,56,700.0,ERROR_DETECTED,1,0,0,0,0
C_vs_tamano,CRC32,1,8,0.01,0,64,56,700.0,OK,0,0,1,0,0
C_vs_tamano,CRC32,1,8,0.01,2,64,56,700.0,ERROR_DETECTED,1,0,0,0,0
C_vs_tamano,CRC32,1,8,0.01,0,64,56,700.0,OK,0,0,1,0,0
C_vs_tamano,CRC32,1,8,0.01,0,64,56,700.0,OK,0,0,1,0,0
C_vs_tamano,CRC32,1,8,0.01,0,64,56,700.0,OK,0,0,1,0,0
C_vs_tamano,CRC32,1,8,0.01,0,64,56,700.0,OK,0,0,1,0,0
C_vs_tamano,CRC32,1,8,0.01,1,64,56,700.0,ERROR_DETECTED,1,0,0,0,0
C_vs_tamano,CRC32,1,8,0.01,2,64,56,700.0,ERROR_DETECTED,1,0,0,0,0
C_vs_tamano,CRC32,1,8,0.01,0,64,56,700.0,OK,0,0,1,0,0
C_vs_tamano,CRC32,1,8,0.01,1,64,56,700.0,ERROR_DETECTED,1,0,0,0,0
C_vs_tamano,CRC32,1,8,0.01,0,64,56,700.0,OK,0,0,1,0,0
C_vs_tamano,CRC32,1,8,0.01,0,64,56,700.0,OK,0,0,1,0,0
C_vs_tamano,CRC32,1,8,0.01,1,64,56,700.0,ERROR_DETECTED,1,0,0,0,0
C_vs_tamano,CRC32,1,8,0.01,1,64,56,700.0,ERROR_DETECTED,1,0,0,0,0
C_vs_tamano,CRC32,1,8,0.01,2,64,56,700.0,ERROR_DETECTED,1,0,0,0,0
C_vs_tamano,CRC32,1,8,0.01,1,64,56,700.0,ERROR_DETECTED,1,0,0,0,0
C_vs_tamano,CRC32,1,8,0.01,1,64,56,700.0,ERROR_DETECTED,1,0,0,0,0
C_vs_tamano,CRC32,1,8,0.01,1,64,56,700.0,ERROR_DETECTED,1,0,0,0,0
C_vs_tamano,CRC32,1,8,0.01,0,64,56,700.0,OK,0,0,1,0,0
C_vs_tamano,CRC32,1,8,0.01,0,64,56,700.0,OK,0,0,1,0,0
C_vs_tamano,CRC32,1,8,0.01,0,64,56,700.0,OK,0,0,1,0,0
C_vs_tamano,CRC32,1,8,0.01,0,64,56,700.0,OK,0,0,1,0,0
C_vs_tamano,CRC32,1,8,0.01,1,64,56,700.0,ERROR_DETECTED,1,0,0,0,0
C_vs_tamano,CRC32,1,8,0.01,1,64,56,700.0,ERROR_DETECTED,1,0,0,0,0
C_vs_tamano,CRC32,1,8,0.01,1,64,56,700.0,ERROR_DETECTED,1,0,0,0,0
C_vs_tamano,CRC32,1,8,0.01,0,64,56,700.0,OK,0,0,1,0,0
C_vs_tamano,CRC32,1,8,0.01,0,64,56,700.0,OK,0,0,1,0,0
C_vs_tamano,CRC32,1,8,0.01,2,64,56,700.0,ERROR_DETECTED,1,0,0,0,0
C_vs_tamano,CRC32,1,8,0.01,2,64,56,700.0,ERROR_DETECTED,1,0,0,0,0
C_vs_tamano,CRC32,1,8,0.01,0,64,56,700.0,OK,0,0,1,0,0
C_vs_tamano,CRC32,1,8,0.01,0,64,56,700.0,OK,0,0,1,0,0
C_vs_tamano,CRC32,1,8,0.01,1,64,56,700.0,ERROR_DETECTED,1,0,0,0,0
C_vs_tamano,CRC32,1,8,0.01,0,64,56,700.0,OK,0,0,1,0,0
C_vs_tamano,CRC32,1,8,0.01,0,64,56,700.0,OK,0,0,1,0,0
C_vs_tamano,CRC32,1,8,0.01,0,64,56,700.0,OK,0,0,1,0,0
C_vs_tamano,CRC32,1,8,0.01,0,64,56,700.0,OK,0,0,1,0,0
C_vs_tamano,CRC32,1,8,0.01,2,64,56,700.0,ERROR_DETECTED,1,0,0,0,0
C_vs_tamano,CRC32,1,8,0.01,1,64,56,700.0,ERROR_DETECTED,1,0,0,0,0
C_vs_tamano,CRC32,1,8,0.01,0,64,56,700.0,OK,0,0,1,0,0
C_vs_tamano,CRC32,1,8,0.01,2,64,56,700.0,ERROR_DETECTED,1,0,0,0,0
C_vs_tamano,CRC32,1,8,0.01,0,64,56,700.0,OK,0,0,1,0,0
C_vs_tamano,CRC32,1,8,0.01,0,64,56,700.0,OK,0,0,1,0,0
C_vs_tamano,CRC32,1,8,0.01,0,64,56,700.0,OK,0,0,1,0,0
C_vs_tamano,CRC32,1,8,0.01,1,64,56,700.0,ERROR_DETECTED,1,0,0,0,0
C_vs_tamano,CRC32,1,8,0.01,0,64,56,700.0,OK,0,0,1,0,0
C_vs_tamano,CRC32,1,8,0.01,1,64,56,700.0,ERROR_DETECTED,1,0,0,0,0
C_vs_tamano,CRC32,1,8,0.01,1,64,56,700.0,ERROR_DETECTED,1,0,0,0,0
C_vs_tamano,CRC32,1,8,0.01,0,64,56,700.0,OK,0,0,1,0,0
C_vs_tamano,CRC32,1,8,0.01,0,64,56,700.0,OK,0,0,1,0,0
C_vs_tamano,CRC32,1,8,0.01,0,64,56,700.0,OK,0,0,1,0,0
C_vs_tamano,CRC32,1,8,0.01,1,64,56,700.0,ERROR_DETECTED,1,0,0,0,0
C_vs_tamano,CRC32,1,8,0.01,1,64,56,700.0,ERROR_DETECTED,1,0,0,0,0
C_vs_tamano,CRC32,1,8,0.01,0,64,56,700.0,OK,0,0,1,0,0
C_vs_tamano,CRC32,1,8,0.01,1,64,56,700.0,ERROR_DETECTED,1,0,0,0,0
C_vs_tamano,CRC32,1,8,0.01,1,64,56,700.0,ERROR_DETECTED,1,0,0,0,0
C_vs_tamano,CRC32,1,8,0.01,0,64,56,700.0,OK,0,0,1,0,0
C_vs_tamano,CRC32,1,8,0.01,1,64,56,700.0,ERROR_DETECTED,1,0,0,0,0
C_vs_tamano,CRC32,1,8,0.01,0,64,56,700.0,OK,0,0,1,0,0
C_vs_tamano,CRC32,1,8,0.01,1,64,56,700.0,ERROR_DETECTED,1,0,0,0,0
C_vs_tamano,CRC32,1,8,0.01,0,64,56,700.0,OK,0,0,1,0,0
C_vs_tamano,CRC32,1,8,0.01,0,64,56,700.0,OK,0,0,1,0,0
C_vs_tamano,CRC32,1,8,0.01,1,64,56,700.0,ERROR_DETECTED,1,0,0,0,0
C_vs_tamano,CRC32,1,8,0.01,0,64,56,700.0,OK,0,0,1,0,0
C_vs_tamano,CRC32,1,8,0.01,0,64,56,700.0,OK,0,0,1,0,0
C_vs_tamano,CRC32,1,8,0.01,0,64,56,700.0,OK,0,0,1,0,0
C_vs_tamano,CRC32,1,8,0.01,0,64,56,700.0,OK,0,0,1,0,0
C_vs_tamano,CRC32,1,8,0.01,0,64,56,700.0,OK,0,0,1,0,0
C_vs_tamano,CRC32,1,8,0.01,2,64,56,700.0,ERROR_DETECTED,1,0,0,0,0
C_vs_tamano,CRC32,1,8,0.01,1,64,56,700.0,ERROR_DETECTED,1,0,0,0,0
C_vs_tamano,CRC32,1,8,0.01,0,64,56,700.0,OK,0,0,1,0,0
C_vs_tamano,CRC32,1,8,0.01,0,64,56,700.0,OK,0,0,1,0,0
C_vs_tamano,CRC32,1,8,0.01,1,64,56,700.0,ERROR_DETECTED,1,0,0,0,0
C_vs_tamano,CRC32,1,8,0.01,3,64,56,700.0,ERROR_DETECTED,1,0,0,0,0
C_vs_tamano,CRC32,1,8,0.01,0,64,56,700.0,OK,0,0,1,0,0
C_vs_tamano,CRC32,1,8,0.01,0,64,56,700.0,OK,0,0,1,0,0
C_vs_tamano,CRC32,1,8,0.01,2,64,56,700.0,ERROR_DETECTED,1,0,0,0,0
C_vs_tamano,CRC32,1,8,0.01,0,64,56,700.0,OK,0,0,1,0,0
C_vs_tamano,CRC32,1,8,0.01,0,64,56,700.0,OK,0,0,1,0,0
C_vs_tamano,CRC32,1,8,0.01,1,64,56,700.0,ERROR_DETECTED,1,0,0,0,0
C_vs_tamano,CRC32,1,8,0.01,0,64,56,700.0,OK,0,0,1,0,0
C_vs_tamano,CRC32,1,8,0.01,3,64,56,700.0,ERROR_DETECTED,1,0,0,0,0
C_vs_tamano,CRC32,1,8,0.01,2,64,56,700.0,ERROR_DETECTED,1,0,0,0,0
C_vs_tamano,CRC32,1,8,0.01,0,64,56,700.0,OK,0,0,1,0,0
C_vs_tamano,CRC32,1,8,0.01,0,64,56,700.0,OK,0,0,1,0,0
C_vs_tamano,CRC32,1,8,0.01,2,64,56,700.0,ERROR_DETECTED,1,0,0,0,0
C_vs_tamano,CRC32,1,8,0.01,0,64,56,700.0,OK,0,0,1,0,0
C_vs_tamano,CRC32,1,8,0.01,1,64,56,700.0,ERROR_DETECTED,1,0,0,0,0
C_vs_tamano,CRC32,1,8,0.01,1,64,56,700.0,ERROR_DETECTED,1,0,0,0,0
C_vs_tamano,CRC32,1,8,0.01,0,64,56,700.0,OK,0,0,1,0,0
C_vs_tamano,CRC32,1,8,0.01,0,64,56,700.0,OK,0,0,1,0,0
C_vs_tamano,CRC32,1,8,0.01,1,64,56,700.0,ERROR_DETECTED,1,0,0,0,0
C_vs_tamano,CRC32,1,8,0.01,2,64,56,700.0,ERROR_DETECTED,1,0,0,0,0
C_vs_tamano,CRC32,1,8,0.01,0,64,56,700.0,OK,0,0,1,0,0
C_vs_tamano,CRC32,1,8,0.01,1,64,56,700.0,ERROR_DETECTED,1,0,0,0,0
C_vs_tamano,CRC32,1,8,0.01,0,64,56,700.0,OK,0,0,1,0,0
C_vs_tamano,CRC32,1,8,0.01,0,64,56,700.0,OK,0,0,1,0,0
C_vs_tamano,CRC32,1,8,0.01,1,64,56,700.0,ERROR_DETECTED,1,0,0,0,0
C_vs_tamano,CRC32,1,8,0.01,0,64,56,700.0,OK,0,0,1,0,0
C_vs_tamano,CRC32,1,8,0.01,1,64,56,700.0,ERROR_DETECTED,1,0,0,0,0
C_vs_tamano,CRC32,1,8,0.01,2,64,56,700.0,ERROR_DETECTED,1,0,0,0,0
C_vs_tamano,CRC32,1,8,0.01,0,64,56,700.0,OK,0,0,1,0,0
C_vs_tamano,CRC32,1,8,0.01,2,64,56,700.0,ERROR_DETECTED,1,0,0,0,0
C_vs_tamano,CRC32,1,8,0.01,2,64,56,700.0,ERROR_DETECTED,1,0,0,0,0
C_vs_tamano,CRC32,1,8,0.01,0,64,56,700.0,OK,0,0,1,0,0
C_vs_tamano,CRC32,1,8,0.01,0,64,56,700.0,OK,0,0,1,0,0
C_vs_tamano,CRC32,1,8,0.01,1,64,56,700.0,ERROR_DETECTED,1,0,0,0,0
C_vs_tamano,CRC32,1,8,0.01,1,64,56,700.0,ERROR_DETECTED,1,0,0,0,0
C_vs_tamano,CRC32,1,8,0.01,1,64,56,700.0,ERROR_DETECTED,1,0,0,0,0
C_vs_tamano,CRC32,1,8,0.01,1,64,56,700.0,ERROR_DETECTED,1,0,0,0,0
C_vs_tamano,CRC32,1,8,0.01,0,64,56,700.0,OK,0,0,1,0,0
C_vs_tamano,CRC32,1,8,0.01,1,64,56,700.0,ERROR_DETECTED,1,0,0,0,0
C_vs_tamano,CRC32,1,8,0.01,2,64,56,700.0,ERROR_DETECTED,1,0,0,0,0
C_vs_tamano,CRC32,1,8,0.01,1,64,56,700.0,ERROR_DETECTED,1,0,0,0,0
C_vs_tamano,CRC32,1,8,0.01,0,64,56,700.0,OK,0,0,1,0,0
C_vs_tamano,CRC32,1,8,0.01,2,64,56,700.0,ERROR_DETECTED,1,0,0,0,0
C_vs_tamano,CRC32,1,8,0.01,0,64,56,700.0,OK,0,0,1,0,0
C_vs_tamano,CRC32,1,8,0.01,0,64,56,700.0,OK,0,0,1,0,0
C_vs_tamano,CRC32,1,8,0.01,0,64,56,700.0,OK,0,0,1,0,0
C_vs_tamano,CRC32,1,8,0.01,2,64,56,700.0,ERROR_DETECTED,1,0,0,0,0
C_vs_tamano,CRC32,1,8,0.01,0,64,56,700.0,OK,0,0,1,0,0
C_vs_tamano,CRC32,1,8,0.01,0,64,56,700.0,OK,0,0,1,0,0
C_vs_tamano,CRC32,1,8,0.01,1,64,56,700.0,ERROR_DETECTED,1,0,0,0,0
C_vs_tamano,CRC32,1,8,0.01,0,64,56,700.0,OK,0,0,1,0,0
C_vs_tamano,CRC32,1,8,0.01,1,64,56,700.0,ERROR_DETECTED,1,0,0,0,0
C_vs_tamano,CRC32,1,8,0.01,0,64,56,700.0,OK,0,0,1,0,0
C_vs_tamano,CRC32,1,8,0.01,1,64,56,700.0,ERROR_DETECTED,1,0,0,0,0
C_vs_tamano,CRC32,1,8,0.01,0,64,56,700.0,OK,0,0,1,0,0
C_vs_tamano,CRC32,1,8,0.01,1,64,56,700.0,ERROR_DETECTED,1,0,0,0,0
C_vs_tamano,CRC32,1,8,0.01,2,64,56,700.0,ERROR_DETECTED,1,0,0,0,0
C_vs_tamano,CRC32,1,8,0.01,1,64,56,700.0,ERROR_DETECTED,1,0,0,0,0
C_vs_tamano,CRC32,1,8,0.01,0,64,56,700.0,OK,0,0,1,0,0
C_vs_tamano,CRC32,1,8,0.01,1,64,56,700.0,ERROR_DETECTED,1,0,0,0,0
C_vs_tamano,CRC32,1,8,0.01,1,64,56,700.0,ERROR_DETECTED,1,0,0,0,0
C_vs_tamano,CRC32,1,8,0.01,2,64,56,700.0,ERROR_DETECTED,1,0,0,0,0
C_vs_tamano,CRC32,1,8,0.01,1,64,56,700.0,ERROR_DETECTED,1,0,0,0,0
C_vs_tamano,CRC32,1,8,0.01,0,64,56,700.0,OK,0,0,1,0,0
C_vs_tamano,CRC32,1,8,0.01,1,64,56,700.0,ERROR_DETECTED,1,0,0,0,0
C_vs_tamano,CRC32,1,8,0.01,1,64,56,700.0,ERROR_DETECTED,1,0,0,0,0
C_vs_tamano,CRC32,2,16,0.01,0,64,48,300.0,OK,0,0,1,0,0
C_vs_tamano,CRC32,2,16,0.01,0,64,48,300.0,OK,0,0,1,0,0
C_vs_tamano,CRC32,2,16,0.01,1,64,48,300.0,ERROR_DETECTED,1,0,0,0,0
C_vs_tamano,CRC32,2,16,0.01,1,64,48,300.0,ERROR_DETECTED,1,0,0,0,0
C_vs_tamano,CRC32,2,16,0.01,0,64,48,300.0,OK,0,0,1,0,0
C_vs_tamano,CRC32,2,16,0.01,1,64,48,300.0,ERROR_DETECTED,1,0,0,0,0
C_vs_tamano,CRC32,2,16,0.01,1,64,48,300.0,ERROR_DETECTED,1,0,0,0,0
C_vs_tamano,CRC32,2,16,0.01,2,64,48,300.0,ERROR_DETECTED,1,0,0,0,0
C_vs_tamano,CRC32,2,16,0.01,0,64,48,300.0,OK,0,0,1,0,0
C_vs_tamano,CRC32,2,16,0.01,2,64,48,300.0,ERROR_DETECTED,1,0,0,0,0
C_vs_tamano,CRC32,2,16,0.01,1,64,48,300.0,ERROR_DETECTED,1,0,0,0,0
C_vs_tamano,CRC32,2,16,0.01,1,64,48,300.0,ERROR_DETECTED,1,0,0,0,0
C_vs_tamano,CRC32,2,16,0.01,0,64,48,300.0,OK,0,0,1,0,0
C_vs_tamano,CRC32,2,16,0.01,3,64,48,300.0,ERROR_DETECTED,1,0,0,0,0
C_vs_tamano,CRC32,2,16,0.01,0,64,48,300.0,OK,0,0,1,0,0
C_vs_tamano,CRC32,2,16,0.01,2,64,48,300.0,ERROR_DETECTED,1,0,0,0,0
C_vs_tamano,CRC32,2,16,0.01,0,64,48,300.0,OK,0,0,1,0,0
C_vs_tamano,CRC32,2,16,0.01,1,64,48,300.0,ERROR_DETECTED,1,0,0,0,0
C_vs_tamano,CRC32,2,16,0.01,2,64,48,300.0,ERROR_DETECTED,1,0,0,0,0
C_vs_tamano,CRC32,2,16,0.01,1,64,48,300.0,ERROR_DETECTED,1,0,0,0,0
C_vs_tamano,CRC32,2,16,0.01,0,64,48,300.0,OK,0,0,1,0,0
C_vs_tamano,CRC32,2,16,0.01,0,64,48,300.0,OK,0,0,1,0,0
C_vs_tamano,CRC32,2,16,0.01,0,64,48,300.0,OK,0,0,1,0,0
C_vs_tamano,CRC32,2,16,0.01,1,64,48,300.0,ERROR_DETECTED,1,0,0,0,0
C_vs_tamano,CRC32,2,16,0.01,2,64,48,300.0,ERROR_DETECTED,1,0,0,0,0
C_vs_tamano,CRC32,2,16,0.01,0,64,48,300.0,OK,0,0,1,0,0
C_vs_tamano,CRC32,2,16,0.01,1,64,48,300.0,ERROR_DETECTED,1,0,0,0,0
C_vs_tamano,CRC32,2,16,0.01,0,64,48,300.0,OK,0,0,1,0,0
C_vs_tamano,CRC32,2,16,0.01,1,64,48,300.0,ERROR_DETECTED,1,0,0,0,0
C_vs_tamano,CRC32,2,16,0.01,0,64,48,300.0,OK,0,0,1,0,0
C_vs_tamano,CRC32,2,16,0.01,0,64,48,300.0,OK,0,0,1,0,0
C_vs_tamano,CRC32,2,16,0.01,0,64,48,300.0,OK,0,0,1,0,0
C_vs_tamano,CRC32,2,16,0.01,2,64,48,300.0,ERROR_DETECTED,1,0,0,0,0
C_vs_tamano,CRC32,2,16,0.01,0,64,48,300.0,OK,0,0,1,0,0
C_vs_tamano,CRC32,2,16,0.01,0,64,48,300.0,OK,0,0,1,0,0
C_vs_tamano,CRC32,2,16,0.01,0,64,48,300.0,OK,0,0,1,0,0
C_vs_tamano,CRC32,2,16,0.01,1,64,48,300.0,ERROR_DETECTED,1,0,0,0,0
C_vs_tamano,CRC32,2,16,0.01,1,64,48,300.0,ERROR_DETECTED,1,0,0,0,0
C_vs_tamano,CRC32,2,16,0.01,0,64,48,300.0,OK,0,0,1,0,0
C_vs_tamano,CRC32,2,16,0.01,2,64,48,300.0,ERROR_DETECTED,1,0,0,0,0
C_vs_tamano,CRC32,2,16,0.01,2,64,48,300.0,ERROR_DETECTED,1,0,0,0,0
C_vs_tamano,CRC32,2,16,0.01,0,64,48,300.0,OK,0,0,1,0,0
C_vs_tamano,CRC32,2,16,0.01,1,64,48,300.0,ERROR_DETECTED,1,0,0,0,0
C_vs_tamano,CRC32,2,16,0.01,0,64,48,300.0,OK,0,0,1,0,0
C_vs_tamano,CRC32,2,16,0.01,0,64,48,300.0,OK,0,0,1,0,0
C_vs_tamano,CRC32,2,16,0.01,0,64,48,300.0,OK,0,0,1,0,0
C_vs_tamano,CRC32,2,16,0.01,0,64,48,300.0,OK,0,0,1,0,0
C_vs_tamano,CRC32,2,16,0.01,0,64,48,300.0,OK,0,0,1,0,0
C_vs_tamano,CRC32,2,16,0.01,0,64,48,300.0,OK,0,0,1,0,0
C_vs_tamano,CRC32,2,16,0.01,1,64,48,300.0,ERROR_DETECTED,1,0,0,0,0
C_vs_tamano,CRC32,2,16,0.01,0,64,48,300.0,OK,0,0,1,0,0
C_vs_tamano,CRC32,2,16,0.01,0,64,48,300.0,OK,0,0,1,0,0
C_vs_tamano,CRC32,2,16,0.01,0,64,48,300.0,OK,0,0,1,0,0
C_vs_tamano,CRC32,2,16,0.01,1,64,48,300.0,ERROR_DETECTED,1,0,0,0,0
C_vs_tamano,CRC32,2,16,0.01,0,64,48,300.0,OK,0,0,1,0,0
C_vs_tamano,CRC32,2,16,0.01,0,64,48,300.0,OK,0,0,1,0,0
C_vs_tamano,CRC32,2,16,0.01,0,64,48,300.0,OK,0,0,1,0,0
C_vs_tamano,CRC32,2,16,0.01,0,64,48,300.0,OK,0,0,1,0,0
C_vs_tamano,CRC32,2,16,0.01,1,64,48,300.0,ERROR_DETECTED,1,0,0,0,0
C_vs_tamano,CRC32,2,16,0.01,0,64,48,300.0,OK,0,0,1,0,0
C_vs_tamano,CRC32,2,16,0.01,0,64,48,300.0,OK,0,0,1,0,0
C_vs_tamano,CRC32,2,16,0.01,1,64,48,300.0,ERROR_DETECTED,1,0,0,0,0
C_vs_tamano,CRC32,2,16,0.01,2,64,48,300.0,ERROR_DETECTED,1,0,0,0,0
C_vs_tamano,CRC32,2,16,0.01,0,64,48,300.0,OK,0,0,1,0,0
C_vs_tamano,CRC32,2,16,0.01,0,64,48,300.0,OK,0,0,1,0,0
C_vs_tamano,CRC32,2,16,0.01,0,64,48,300.0,OK,0,0,1,0,0
C_vs_tamano,CRC32,2,16,0.01,1,64,48,300.0,ERROR_DETECTED,1,0,0,0,0
C_vs_tamano,CRC32,2,16,0.01,1,64,48,300.0,ERROR_DETECTED,1,0,0,0,0
C_vs_tamano,CRC32,2,16,0.01,1,64,48,300.0,ERROR_DETECTED,1,0,0,0,0
C_vs_tamano,CRC32,2,16,0.01,1,64,48,300.0,ERROR_DETECTED,1,0,0,0,0
C_vs_tamano,CRC32,2,16,0.01,1,64,48,300.0,ERROR_DETECTED,1,0,0,0,0
C_vs_tamano,CRC32,2,16,0.01,0,64,48,300.0,OK,0,0,1,0,0
C_vs_tamano,CRC32,2,16,0.01,0,64,48,300.0,OK,0,0,1,0,0
C_vs_tamano,CRC32,2,16,0.01,0,64,48,300.0,OK,0,0,1,0,0
C_vs_tamano,CRC32,2,16,0.01,1,64,48,300.0,ERROR_DETECTED,1,0,0,0,0
C_vs_tamano,CRC32,2,16,0.01,0,64,48,300.0,OK,0,0,1,0,0
C_vs_tamano,CRC32,2,16,0.01,1,64,48,300.0,ERROR_DETECTED,1,0,0,0,0
C_vs_tamano,CRC32,2,16,0.01,0,64,48,300.0,OK,0,0,1,0,0
C_vs_tamano,CRC32,2,16,0.01,1,64,48,300.0,ERROR_DETECTED,1,0,0,0,0
C_vs_tamano,CRC32,2,16,0.01,0,64,48,300.0,OK,0,0,1,0,0
C_vs_tamano,CRC32,2,16,0.01,0,64,48,300.0,OK,0,0,1,0,0
C_vs_tamano,CRC32,2,16,0.01,0,64,48,300.0,OK,0,0,1,0,0
C_vs_tamano,CRC32,2,16,0.01,1,64,48,300.0,ERROR_DETECTED,1,0,0,0,0
C_vs_tamano,CRC32,2,16,0.01,0,64,48,300.0,OK,0,0,1,0,0
C_vs_tamano,CRC32,2,16,0.01,1,64,48,300.0,ERROR_DETECTED,1,0,0,0,0
C_vs_tamano,CRC32,2,16,0.01,1,64,48,300.0,ERROR_DETECTED,1,0,0,0,0
C_vs_tamano,CRC32,2,16,0.01,0,64,48,300.0,OK,0,0,1,0,0
C_vs_tamano,CRC32,2,16,0.01,3,64,48,300.0,ERROR_DETECTED,1,0,0,0,0
C_vs_tamano,CRC32,2,16,0.01,1,64,48,300.0,ERROR_DETECTED,1,0,0,0,0
C_vs_tamano,CRC32,2,16,0.01,3,64,48,300.0,ERROR_DETECTED,1,0,0,0,0
C_vs_tamano,CRC32,2,16,0.01,0,64,48,300.0,OK,0,0,1,0,0
C_vs_tamano,CRC32,2,16,0.01,0,64,48,300.0,OK,0,0,1,0,0
C_vs_tamano,CRC32,2,16,0.01,1,64,48,300.0,ERROR_DETECTED,1,0,0,0,0
C_vs_tamano,CRC32,2,16,0.01,1,64,48,300.0,ERROR_DETECTED,1,0,0,0,0
C_vs_tamano,CRC32,2,16,0.01,1,64,48,300.0,ERROR_DETECTED,1,0,0,0,0
C_vs_tamano,CRC32,2,16,0.01,0,64,48,300.0,OK,0,0,1,0,0
C_vs_tamano,CRC32,2,16,0.01,0,64,48,300.0,OK,0,0,1,0,0
C_vs_tamano,CRC32,2,16,0.01,1,64,48,300.0,ERROR_DETECTED,1,0,0,0,0
C_vs_tamano,CRC32,2,16,0.01,1,64,48,300.0,ERROR_DETECTED,1,0,0,0,0
C_vs_tamano,CRC32,2,16,0.01,0,64,48,300.0,OK,0,0,1,0,0
C_vs_tamano,CRC32,2,16,0.01,1,64,48,300.0,ERROR_DETECTED,1,0,0,0,0
C_vs_tamano,CRC32,2,16,0.01,1,64,48,300.0,ERROR_DETECTED,1,0,0,0,0
C_vs_tamano,CRC32,2,16,0.01,1,64,48,300.0,ERROR_DETECTED,1,0,0,0,0
C_vs_tamano,CRC32,2,16,0.01,1,64,48,300.0,ERROR_DETECTED,1,0,0,0,0
C_vs_tamano,CRC32,2,16,0.01,0,64,48,300.0,OK,0,0,1,0,0
C_vs_tamano,CRC32,2,16,0.01,1,64,48,300.0,ERROR_DETECTED,1,0,0,0,0
C_vs_tamano,CRC32,2,16,0.01,0,64,48,300.0,OK,0,0,1,0,0
C_vs_tamano,CRC32,2,16,0.01,1,64,48,300.0,ERROR_DETECTED,1,0,0,0,0
C_vs_tamano,CRC32,2,16,0.01,2,64,48,300.0,ERROR_DETECTED,1,0,0,0,0
C_vs_tamano,CRC32,2,16,0.01,0,64,48,300.0,OK,0,0,1,0,0
C_vs_tamano,CRC32,2,16,0.01,1,64,48,300.0,ERROR_DETECTED,1,0,0,0,0
C_vs_tamano,CRC32,2,16,0.01,1,64,48,300.0,ERROR_DETECTED,1,0,0,0,0
C_vs_tamano,CRC32,2,16,0.01,1,64,48,300.0,ERROR_DETECTED,1,0,0,0,0
C_vs_tamano,CRC32,2,16,0.01,0,64,48,300.0,OK,0,0,1,0,0
C_vs_tamano,CRC32,2,16,0.01,1,64,48,300.0,ERROR_DETECTED,1,0,0,0,0
C_vs_tamano,CRC32,2,16,0.01,0,64,48,300.0,OK,0,0,1,0,0
C_vs_tamano,CRC32,2,16,0.01,0,64,48,300.0,OK,0,0,1,0,0
C_vs_tamano,CRC32,2,16,0.01,0,64,48,300.0,OK,0,0,1,0,0
C_vs_tamano,CRC32,2,16,0.01,1,64,48,300.0,ERROR_DETECTED,1,0,0,0,0
C_vs_tamano,CRC32,2,16,0.01,0,64,48,300.0,OK,0,0,1,0,0
C_vs_tamano,CRC32,2,16,0.01,0,64,48,300.0,OK,0,0,1,0,0
C_vs_tamano,CRC32,2,16,0.01,1,64,48,300.0,ERROR_DETECTED,1,0,0,0,0
C_vs_tamano,CRC32,2,16,0.01,2,64,48,300.0,ERROR_DETECTED,1,0,0,0,0
C_vs_tamano,CRC32,2,16,0.01,1,64,48,300.0,ERROR_DETECTED,1,0,0,0,0
C_vs_tamano,CRC32,2,16,0.01,0,64,48,300.0,OK,0,0,1,0,0
C_vs_tamano,CRC32,2,16,0.01,0,64,48,300.0,OK,0,0,1,0,0
C_vs_tamano,CRC32,2,16,0.01,1,64,48,300.0,ERROR_DETECTED,1,0,0,0,0
C_vs_tamano,CRC32,2,16,0.01,0,64,48,300.0,OK,0,0,1,0,0
C_vs_tamano,CRC32,2,16,0.01,0,64,48,300.0,OK,0,0,1,0,0
C_vs_tamano,CRC32,2,16,0.01,1,64,48,300.0,ERROR_DETECTED,1,0,0,0,0
C_vs_tamano,CRC32,2,16,0.01,0,64,48,300.0,OK,0,0,1,0,0
C_vs_tamano,CRC32,2,16,0.01,0,64,48,300.0,OK,0,0,1,0,0
C_vs_tamano,CRC32,2,16,0.01,0,64,48,300.0,OK,0,0,1,0,0
C_vs_tamano,CRC32,2,16,0.01,1,64,48,300.0,ERROR_DETECTED,1,0,0,0,0
C_vs_tamano,CRC32,2,16,0.01,0,64,48,300.0,OK,0,0,1,0,0
C_vs_tamano,CRC32,2,16,0.01,1,64,48,300.0,ERROR_DETECTED,1,0,0,0,0
C_vs_tamano,CRC32,2,16,0.01,1,64,48,300.0,ERROR_DETECTED,1,0,0,0,0
C_vs_tamano,CRC32,2,16,0.01,1,64,48,300.0,ERROR_DETECTED,1,0,0,0,0
C_vs_tamano,CRC32,2,16,0.01,0,64,48,300.0,OK,0,0,1,0,0
C_vs_tamano,CRC32,2,16,0.01,0,64,48,300.0,OK,0,0,1,0,0
C_vs_tamano,CRC32,2,16,0.01,0,64,48,300.0,OK,0,0,1,0,0
C_vs_tamano,CRC32,2,16,0.01,1,64,48,300.0,ERROR_DETECTED,1,0,0,0,0
C_vs_tamano,CRC32,2,16,0.01,0,64,48,300.0,OK,0,0,1,0,0
C_vs_tamano,CRC32,2,16,0.01,0,64,48,300.0,OK,0,0,1,0,0
C_vs_tamano,CRC32,2,16,0.01,1,64,48,300.0,ERROR_DETECTED,1,0,0,0,0
C_vs_tamano,CRC32,2,16,0.01,1,64,48,300.0,ERROR_DETECTED,1,0,0,0,0
C_vs_tamano,CRC32,2,16,0.01,0,64,48,300.0,OK,0,0,1,0,0
C_vs_tamano,CRC32,2,16,0.01,0,64,48,300.0,OK,0,0,1,0,0
C_vs_tamano,CRC32,2,16,0.01,0,64,48,300.0,OK,0,0,1,0,0
C_vs_tamano,CRC32,2,16,0.01,0,64,48,300.0,OK,0,0,1,0,0
C_vs_tamano,CRC32,4,32,0.01,0,64,32,100.0,OK,0,0,1,0,0
C_vs_tamano,CRC32,4,32,0.01,1,64,32,100.0,ERROR_DETECTED,1,0,0,0,0
C_vs_tamano,CRC32,4,32,0.01,2,64,32,100.0,ERROR_DETECTED,1,0,0,0,0
C_vs_tamano,CRC32,4,32,0.01,0,64,32,100.0,OK,0,0,1,0,0
C_vs_tamano,CRC32,4,32,0.01,0,64,32,100.0,OK,0,0,1,0,0
C_vs_tamano,CRC32,4,32,0.01,0,64,32,100.0,OK,0,0,1,0,0
C_vs_tamano,CRC32,4,32,0.01,1,64,32,100.0,ERROR_DETECTED,1,0,0,0,0
C_vs_tamano,CRC32,4,32,0.01,0,64,32,100.0,OK,0,0,1,0,0
C_vs_tamano,CRC32,4,32,0.01,0,64,32,100.0,OK,0,0,1,0,0
C_vs_tamano,CRC32,4,32,0.01,2,64,32,100.0,ERROR_DETECTED,1,0,0,0,0
C_vs_tamano,CRC32,4,32,0.01,1,64,32,100.0,ERROR_DETECTED,1,0,0,0,0
C_vs_tamano,CRC32,4,32,0.01,0,64,32,100.0,OK,0,0,1,0,0
C_vs_tamano,CRC32,4,32,0.01,0,64,32,100.0,OK,0,0,1,0,0
C_vs_tamano,CRC32,4,32,0.01,2,64,32,100.0,ERROR_DETECTED,1,0,0,0,0
C_vs_tamano,CRC32,4,32,0.01,1,64,32,100.0,ERROR_DETECTED,1,0,0,0,0
C_vs_tamano,CRC32,4,32,0.01,0,64,32,100.0,OK,0,0,1,0,0
C_vs_tamano,CRC32,4,32,0.01,0,64,32,100.0,OK,0,0,1,0,0
C_vs_tamano,CRC32,4,32,0.01,1,64,32,100.0,ERROR_DETECTED,1,0,0,0,0
C_vs_tamano,CRC32,4,32,0.01,1,64,32,100.0,ERROR_DETECTED,1,0,0,0,0
C_vs_tamano,CRC32,4,32,0.01,1,64,32,100.0,ERROR_DETECTED,1,0,0,0,0
C_vs_tamano,CRC32,4,32,0.01,1,64,32,100.0,ERROR_DETECTED,1,0,0,0,0
C_vs_tamano,CRC32,4,32,0.01,1,64,32,100.0,ERROR_DETECTED,1,0,0,0,0
C_vs_tamano,CRC32,4,32,0.01,1,64,32,100.0,ERROR_DETECTED,1,0,0,0,0
C_vs_tamano,CRC32,4,32,0.01,1,64,32,100.0,ERROR_DETECTED,1,0,0,0,0
C_vs_tamano,CRC32,4,32,0.01,1,64,32,100.0,ERROR_DETECTED,1,0,0,0,0
C_vs_tamano,CRC32,4,32,0.01,1,64,32,100.0,ERROR_DETECTED,1,0,0,0,0
C_vs_tamano,CRC32,4,32,0.01,0,64,32,100.0,OK,0,0,1,0,0
C_vs_tamano,CRC32,4,32,0.01,2,64,32,100.0,ERROR_DETECTED,1,0,0,0,0
C_vs_tamano,CRC32,4,32,0.01,1,64,32,100.0,ERROR_DETECTED,1,0,0,0,0
C_vs_tamano,CRC32,4,32,0.01,1,64,32,100.0,ERROR_DETECTED,1,0,0,0,0
C_vs_tamano,CRC32,4,32,0.01,0,64,32,100.0,OK,0,0,1,0,0
C_vs_tamano,CRC32,4,32,0.01,1,64,32,100.0,ERROR_DETECTED,1,0,0,0,0
C_vs_tamano,CRC32,4,32,0.01,1,64,32,100.0,ERROR_DETECTED,1,0,0,0,0
C_vs_tamano,CRC32,4,32,0.01,1,64,32,100.0,ERROR_DETECTED,1,0,0,0,0
C_vs_tamano,CRC32,4,32,0.01,0,64,32,100.0,OK,0,0,1,0,0
C_vs_tamano,CRC32,4,32,0.01,2,64,32,100.0,ERROR_DETECTED,1,0,0,0,0
C_vs_tamano,CRC32,4,32,0.01,1,64,32,100.0,ERROR_DETECTED,1,0,0,0,0
C_vs_tamano,CRC32,4,32,0.01,1,64,32,100.0,ERROR_DETECTED,1,0,0,0,0
C_vs_tamano,CRC32,4,32,0.01,0,64,32,100.0,OK,0,0,1,0,0
C_vs_tamano,CRC32,4,32,0.01,0,64,32,100.0,OK,0,0,1,0,0
C_vs_tamano,CRC32,4,32,0.01,0,64,32,100.0,OK,0,0,1,0,0
C_vs_tamano,CRC32,4,32,0.01,0,64,32,100.0,OK,0,0,1,0,0
C_vs_tamano,CRC32,4,32,0.01,1,64,32,100.0,ERROR_DETECTED,1,0,0,0,0
C_vs_tamano,CRC32,4,32,0.01,1,64,32,100.0,ERROR_DETECTED,1,0,0,0,0
C_vs_tamano,CRC32,4,32,0.01,0,64,32,100.0,OK,0,0,1,0,0
C_vs_tamano,CRC32,4,32,0.01,0,64,32,100.0,OK,0,0,1,0,0
C_vs_tamano,CRC32,4,32,0.01,1,64,32,100.0,ERROR_DETECTED,1,0,0,0,0
C_vs_tamano,CRC32,4,32,0.01,0,64,32,100.0,OK,0,0,1,0,0
C_vs_tamano,CRC32,4,32,0.01,0,64,32,100.0,OK,0,0,1,0,0
C_vs_tamano,CRC32,4,32,0.01,2,64,32,100.0,ERROR_DETECTED,1,0,0,0,0
C_vs_tamano,CRC32,4,32,0.01,0,64,32,100.0,OK,0,0,1,0,0
C_vs_tamano,CRC32,4,32,0.01,0,64,32,100.0,OK,0,0,1,0,0
C_vs_tamano,CRC32,4,32,0.01,1,64,32,100.0,ERROR_DETECTED,1,0,0,0,0
C_vs_tamano,CRC32,4,32,0.01,2,64,32,100.0,ERROR_DETECTED,1,0,0,0,0
C_vs_tamano,CRC32,4,32,0.01,1,64,32,100.0,ERROR_DETECTED,1,0,0,0,0
C_vs_tamano,CRC32,4,32,0.01,1,64,32,100.0,ERROR_DETECTED,1,0,0,0,0
C_vs_tamano,CRC32,4,32,0.01,0,64,32,100.0,OK,0,0,1,0,0
C_vs_tamano,CRC32,4,32,0.01,1,64,32,100.0,ERROR_DETECTED,1,0,0,0,0
C_vs_tamano,CRC32,4,32,0.01,1,64,32,100.0,ERROR_DETECTED,1,0,0,0,0
C_vs_tamano,CRC32,4,32,0.01,2,64,32,100.0,ERROR_DETECTED,1,0,0,0,0
C_vs_tamano,CRC32,4,32,0.01,0,64,32,100.0,OK,0,0,1,0,0
C_vs_tamano,CRC32,4,32,0.01,2,64,32,100.0,ERROR_DETECTED,1,0,0,0,0
C_vs_tamano,CRC32,4,32,0.01,0,64,32,100.0,OK,0,0,1,0,0
C_vs_tamano,CRC32,4,32,0.01,1,64,32,100.0,ERROR_DETECTED,1,0,0,0,0
C_vs_tamano,CRC32,4,32,0.01,1,64,32,100.0,ERROR_DETECTED,1,0,0,0,0
C_vs_tamano,CRC32,4,32,0.01,1,64,32,100.0,ERROR_DETECTED,1,0,0,0,0
C_vs_tamano,CRC32,4,32,0.01,1,64,32,100.0,ERROR_DETECTED,1,0,0,0,0
C_vs_tamano,CRC32,4,32,0.01,0,64,32,100.0,OK,0,0,1,0,0
C_vs_tamano,CRC32,4,32,0.01,0,64,32,100.0,OK,0,0,1,0,0
C_vs_tamano,CRC32,4,32,0.01,1,64,32,100.0,ERROR_DETECTED,1,0,0,0,0
C_vs_tamano,CRC32,4,32,0.01,0,64,32,100.0,OK,0,0,1,0,0
C_vs_tamano,CRC32,4,32,0.01,0,64,32,100.0,OK,0,0,1,0,0
C_vs_tamano,CRC32,4,32,0.01,0,64,32,100.0,OK,0,0,1,0,0
C_vs_tamano,CRC32,4,32,0.01,1,64,32,100.0,ERROR_DETECTED,1,0,0,0,0
C_vs_tamano,CRC32,4,32,0.01,0,64,32,100.0,OK,0,0,1,0,0
C_vs_tamano,CRC32,4,32,0.01,1,64,32,100.0,ERROR_DETECTED,1,0,0,0,0
C_vs_tamano,CRC32,4,32,0.01,2,64,32,100.0,ERROR_DETECTED,1,0,0,0,0
C_vs_tamano,CRC32,4,32,0.01,1,64,32,100.0,ERROR_DETECTED,1,0,0,0,0
C_vs_tamano,CRC32,4,32,0.01,0,64,32,100.0,OK,0,0,1,0,0
C_vs_tamano,CRC32,4,32,0.01,1,64,32,100.0,ERROR_DETECTED,1,0,0,0,0
C_vs_tamano,CRC32,4,32,0.01,0,64,32,100.0,OK,0,0,1,0,0
C_vs_tamano,CRC32,4,32,0.01,0,64,32,100.0,OK,0,0,1,0,0
C_vs_tamano,CRC32,4,32,0.01,0,64,32,100.0,OK,0,0,1,0,0
C_vs_tamano,CRC32,4,32,0.01,0,64,32,100.0,OK,0,0,1,0,0
C_vs_tamano,CRC32,4,32,0.01,1,64,32,100.0,ERROR_DETECTED,1,0,0,0,0
C_vs_tamano,CRC32,4,32,0.01,0,64,32,100.0,OK,0,0,1,0,0
C_vs_tamano,CRC32,4,32,0.01,1,64,32,100.0,ERROR_DETECTED,1,0,0,0,0
C_vs_tamano,CRC32,4,32,0.01,0,64,32,100.0,OK,0,0,1,0,0
C_vs_tamano,CRC32,4,32,0.01,0,64,32,100.0,OK,0,0,1,0,0
C_vs_tamano,CRC32,4,32,0.01,0,64,32,100.0,OK,0,0,1,0,0
C_vs_tamano,CRC32,4,32,0.01,5,64,32,100.0,ERROR_DETECTED,1,0,0,0,0
C_vs_tamano,CRC32,4,32,0.01,0,64,32,100.0,OK,0,0,1,0,0
C_vs_tamano,CRC32,4,32,0.01,0,64,32,100.0,OK,0,0,1,0,0
C_vs_tamano,CRC32,4,32,0.01,1,64,32,100.0,ERROR_DETECTED,1,0,0,0,0
C_vs_tamano,CRC32,4,32,0.01,0,64,32,100.0,OK,0,0,1,0,0
C_vs_tamano,CRC32,4,32,0.01,0,64,32,100.0,OK,0,0,1,0,0
C_vs_tamano,CRC32,4,32,0.01,2,64,32,100.0,ERROR_DETECTED,1,0,0,0,0
C_vs_tamano,CRC32,4,32,0.01,2,64,32,100.0,ERROR_DETECTED,1,0,0,0,0
C_vs_tamano,CRC32,4,32,0.01,2,64,32,100.0,ERROR_DETECTED,1,0,0,0,0
C_vs_tamano,CRC32,4,32,0.01,1,64,32,100.0,ERROR_DETECTED,1,0,0,0,0
C_vs_tamano,CRC32,4,32,0.01,0,64,32,100.0,OK,0,0,1,0,0
C_vs_tamano,CRC32,4,32,0.01,0,64,32,100.0,OK,0,0,1,0,0
C_vs_tamano,CRC32,4,32,0.01,1,64,32,100.0,ERROR_DETECTED,1,0,0,0,0
C_vs_tamano,CRC32,4,32,0.01,0,64,32,100.0,OK,0,0,1,0,0
C_vs_tamano,CRC32,4,32,0.01,1,64,32,100.0,ERROR_DETECTED,1,0,0,0,0
C_vs_tamano,CRC32,4,32,0.01,0,64,32,100.0,OK,0,0,1,0,0
C_vs_tamano,CRC32,4,32,0.01,0,64,32,100.0,OK,0,0,1,0,0
C_vs_tamano,CRC32,4,32,0.01,0,64,32,100.0,OK,0,0,1,0,0
C_vs_tamano,CRC32,4,32,0.01,1,64,32,100.0,ERROR_DETECTED,1,0,0,0,0
C_vs_tamano,CRC32,4,32,0.01,0,64,32,100.0,OK,0,0,1,0,0
C_vs_tamano,CRC32,4,32,0.01,1,64,32,100.0,ERROR_DETECTED,1,0,0,0,0
C_vs_tamano,CRC32,4,32,0.01,0,64,32,100.0,OK,0,0,1,0,0
C_vs_tamano,CRC32,4,32,0.01,0,64,32,100.0,OK,0,0,1,0,0
C_vs_tamano,CRC32,4,32,0.01,0,64,32,100.0,OK,0,0,1,0,0
C_vs_tamano,CRC32,4,32,0.01,0,64,32,100.0,OK,0,0,1,0,0
C_vs_tamano,CRC32,4,32,0.01,0,64,32,100.0,OK,0,0,1,0,0
C_vs_tamano,CRC32,4,32,0.01,1,64,32,100.0,ERROR_DETECTED,1,0,0,0,0
C_vs_tamano,CRC32,4,32,0.01,1,64,32,100.0,ERROR_DETECTED,1,0,0,0,0
C_vs_tamano,CRC32,4,32,0.01,1,64,32,100.0,ERROR_DETECTED,1,0,0,0,0
C_vs_tamano,CRC32,4,32,0.01,0,64,32,100.0,OK,0,0,1,0,0
C_vs_tamano,CRC32,4,32,0.01,2,64,32,100.0,ERROR_DETECTED,1,0,0,0,0
C_vs_tamano,CRC32,4,32,0.01,2,64,32,100.0,ERROR_DETECTED,1,0,0,0,0
C_vs_tamano,CRC32,4,32,0.01,1,64,32,100.0,ERROR_DETECTED,1,0,0,0,0
C_vs_tamano,CRC32,4,32,0.01,2,64,32,100.0,ERROR_DETECTED,1,0,0,0,0
C_vs_tamano,CRC32,4,32,0.01,1,64,32,100.0,ERROR_DETECTED,1,0,0,0,0
C_vs_tamano,CRC32,4,32,0.01,1,64,32,100.0,ERROR_DETECTED,1,0,0,0,0
C_vs_tamano,CRC32,4,32,0.01,1,64,32,100.0,ERROR_DETECTED,1,0,0,0,0
C_vs_tamano,CRC32,4,32,0.01,1,64,32,100.0,ERROR_DETECTED,1,0,0,0,0
C_vs_tamano,CRC32,4,32,0.01,0,64,32,100.0,OK,0,0,1,0,0
C_vs_tamano,CRC32,4,32,0.01,0,64,32,100.0,OK,0,0,1,0,0
C_vs_tamano,CRC32,4,32,0.01,2,64,32,100.0,ERROR_DETECTED,1,0,0,0,0
C_vs_tamano,CRC32,4,32,0.01,0,64,32,100.0,OK,0,0,1,0,0
C_vs_tamano,CRC32,4,32,0.01,1,64,32,100.0,ERROR_DETECTED,1,0,0,0,0
C_vs_tamano,CRC32,4,32,0.01,0,64,32,100.0,OK,0,0,1,0,0
C_vs_tamano,CRC32,4,32,0.01,1,64,32,100.0,ERROR_DETECTED,1,0,0,0,0
C_vs_tamano,CRC32,4,32,0.01,2,64,32,100.0,ERROR_DETECTED,1,0,0,0,0
C_vs_tamano,CRC32,4,32,0.01,1,64,32,100.0,ERROR_DETECTED,1,0,0,0,0
C_vs_tamano,CRC32,4,32,0.01,2,64,32,100.0,ERROR_DETECTED,1,0,0,0,0
C_vs_tamano,CRC32,4,32,0.01,0,64,32,100.0,OK,0,0,1,0,0
C_vs_tamano,CRC32,4,32,0.01,1,64,32,100.0,ERROR_DETECTED,1,0,0,0,0
C_vs_tamano,CRC32,4,32,0.01,1,64,32,100.0,ERROR_DETECTED,1,0,0,0,0
C_vs_tamano,CRC32,4,32,0.01,0,64,32,100.0,OK,0,0,1,0,0
C_vs_tamano,CRC32,4,32,0.01,1,64,32,100.0,ERROR_DETECTED,1,0,0,0,0
C_vs_tamano,CRC32,4,32,0.01,1,64,32,100.0,ERROR_DETECTED,1,0,0,0,0
C_vs_tamano,CRC32,4,32,0.01,0,64,32,100.0,OK,0,0,1,0,0
C_vs_tamano,CRC32,4,32,0.01,2,64,32,100.0,ERROR_DETECTED,1,0,0,0,0
C_vs_tamano,CRC32,4,32,0.01,1,64,32,100.0,ERROR_DETECTED,1,0,0,0,0
C_vs_tamano,CRC32,4,32,0.01,0,64,32,100.0,OK,0,0,1,0,0
C_vs_tamano,CRC32,4,32,0.01,0,64,32,100.0,OK,0,0,1,0,0
C_vs_tamano,CRC32,4,32,0.01,2,64,32,100.0,ERROR_DETECTED,1,0,0,0,0
C_vs_tamano,CRC32,8,64,0.01,1,96,32,50.0,ERROR_DETECTED,1,0,0,0,0
C_vs_tamano,CRC32,8,64,0.01,1,96,32,50.0,ERROR_DETECTED,1,0,0,0,0
C_vs_tamano,CRC32,8,64,0.01,2,96,32,50.0,ERROR_DETECTED,1,0,0,0,0
C_vs_tamano,CRC32,8,64,0.01,2,96,32,50.0,ERROR_DETECTED,1,0,0,0,0
C_vs_tamano,CRC32,8,64,0.01,3,96,32,50.0,ERROR_DETECTED,1,0,0,0,0
C_vs_tamano,CRC32,8,64,0.01,0,96,32,50.0,OK,0,0,1,0,0
C_vs_tamano,CRC32,8,64,0.01,2,96,32,50.0,ERROR_DETECTED,1,0,0,0,0
C_vs_tamano,CRC32,8,64,0.01,0,96,32,50.0,OK,0,0,1,0,0
C_vs_tamano,CRC32,8,64,0.01,0,96,32,50.0,OK,0,0,1,0,0
C_vs_tamano,CRC32,8,64,0.01,0,96,32,50.0,OK,0,0,1,0,0
C_vs_tamano,CRC32,8,64,0.01,1,96,32,50.0,ERROR_DETECTED,1,0,0,0,0
C_vs_tamano,CRC32,8,64,0.01,0,96,32,50.0,OK,0,0,1,0,0
C_vs_tamano,CRC32,8,64,0.01,0,96,32,50.0,OK,0,0,1,0,0
C_vs_tamano,CRC32,8,64,0.01,0,96,32,50.0,OK,0,0,1,0,0
C_vs_tamano,CRC32,8,64,0.01,3,96,32,50.0,ERROR_DETECTED,1,0,0,0,0
C_vs_tamano,CRC32,8,64,0.01,0,96,32,50.0,OK,0,0,1,0,0
C_vs_tamano,CRC32,8,64,0.01,0,96,32,50.0,OK,0,0,1,0,0
C_vs_tamano,CRC32,8,64,0.01,0,96,32,50.0,OK,0,0,1,0,0
C_vs_tamano,CRC32,8,64,0.01,2,96,32,50.0,ERROR_DETECTED,1,0,0,0,0
C_vs_tamano,CRC32,8,64,0.01,0,96,32,50.0,OK,0,0,1,0,0
C_vs_tamano,CRC32,8,64,0.01,4,96,32,50.0,ERROR_DETECTED,1,0,0,0,0
C_vs_tamano,CRC32,8,64,0.01,2,96,32,50.0,ERROR_DETECTED,1,0,0,0,0
C_vs_tamano,CRC32,8,64,0.01,2,96,32,50.0,ERROR_DETECTED,1,0,0,0,0
C_vs_tamano,CRC32,8,64,0.01,1,96,32,50.0,ERROR_DETECTED,1,0,0,0,0
C_vs_tamano,CRC32,8,64,0.01,0,96,32,50.0,OK,0,0,1,0,0
C_vs_tamano,CRC32,8,64,0.01,0,96,32,50.0,OK,0,0,1,0,0
C_vs_tamano,CRC32,8,64,0.01,1,96,32,50.0,ERROR_DETECTED,1,0,0,0,0
C_vs_tamano,CRC32,8,64,0.01,0,96,32,50.0,OK,0,0,1,0,0
C_vs_tamano,CRC32,8,64,0.01,3,96,32,50.0,ERROR_DETECTED,1,0,0,0,0
C_vs_tamano,CRC32,8,64,0.01,1,96,32,50.0,ERROR_DETECTED,1,0,0,0,0
C_vs_tamano,CRC32,8,64,0.01,1,96,32,50.0,ERROR_DETECTED,1,0,0,0,0
C_vs_tamano,CRC32,8,64,0.01,0,96,32,50.0,OK,0,0,1,0,0
C_vs_tamano,CRC32,8,64,0.01,1,96,32,50.0,ERROR_DETECTED,1,0,0,0,0
C_vs_tamano,CRC32,8,64,0.01,1,96,32,50.0,ERROR_DETECTED,1,0,0,0,0
C_vs_tamano,CRC32,8,64,0.01,1,96,32,50.0,ERROR_DETECTED,1,0,0,0,0
C_vs_tamano,CRC32,8,64,0.01,1,96,32,50.0,ERROR_DETECTED,1,0,0,0,0
C_vs_tamano,CRC32,8,64,0.01,0,96,32,50.0,OK,0,0,1,0,0
C_vs_tamano,CRC32,8,64,0.01,2,96,32,50.0,ERROR_DETECTED,1,0,0,0,0
C_vs_tamano,CRC32,8,64,0.01,1,96,32,50.0,ERROR_DETECTED,1,0,0,0,0
C_vs_tamano,CRC32,8,64,0.01,0,96,32,50.0,OK,0,0,1,0,0
C_vs_tamano,CRC32,8,64,0.01,3,96,32,50.0,ERROR_DETECTED,1,0,0,0,0
C_vs_tamano,CRC32,8,64,0.01,1,96,32,50.0,ERROR_DETECTED,1,0,0,0,0
C_vs_tamano,CRC32,8,64,0.01,1,96,32,50.0,ERROR_DETECTED,1,0,0,0,0
C_vs_tamano,CRC32,8,64,0.01,1,96,32,50.0,ERROR_DETECTED,1,0,0,0,0
C_vs_tamano,CRC32,8,64,0.01,0,96,32,50.0,OK,0,0,1,0,0
C_vs_tamano,CRC32,8,64,0.01,2,96,32,50.0,ERROR_DETECTED,1,0,0,0,0
C_vs_tamano,CRC32,8,64,0.01,0,96,32,50.0,OK,0,0,1,0,0
C_vs_tamano,CRC32,8,64,0.01,0,96,32,50.0,OK,0,0,1,0,0
C_vs_tamano,CRC32,8,64,0.01,2,96,32,50.0,ERROR_DETECTED,1,0,0,0,0
C_vs_tamano,CRC32,8,64,0.01,1,96,32,50.0,ERROR_DETECTED,1,0,0,0,0
C_vs_tamano,CRC32,8,64,0.01,4,96,32,50.0,ERROR_DETECTED,1,0,0,0,0
C_vs_tamano,CRC32,8,64,0.01,0,96,32,50.0,OK,0,0,1,0,0
C_vs_tamano,CRC32,8,64,0.01,2,96,32,50.0,ERROR_DETECTED,1,0,0,0,0
C_vs_tamano,CRC32,8,64,0.01,1,96,32,50.0,ERROR_DETECTED,1,0,0,0,0
C_vs_tamano,CRC32,8,64,0.01,1,96,32,50.0,ERROR_DETECTED,1,0,0,0,0
C_vs_tamano,CRC32,8,64,0.01,2,96,32,50.0,ERROR_DETECTED,1,0,0,0,0
C_vs_tamano,CRC32,8,64,0.01,0,96,32,50.0,OK,0,0,1,0,0
C_vs_tamano,CRC32,8,64,0.01,0,96,32,50.0,OK,0,0,1,0,0
C_vs_tamano,CRC32,8,64,0.01,0,96,32,50.0,OK,0,0,1,0,0
C_vs_tamano,CRC32,8,64,0.01,0,96,32,50.0,OK,0,0,1,0,0
C_vs_tamano,CRC32,8,64,0.01,1,96,32,50.0,ERROR_DETECTED,1,0,0,0,0
C_vs_tamano,CRC32,8,64,0.01,0,96,32,50.0,OK,0,0,1,0,0
C_vs_tamano,CRC32,8,64,0.01,0,96,32,50.0,OK,0,0,1,0,0
C_vs_tamano,CRC32,8,64,0.01,0,96,32,50.0,OK,0,0,1,0,0
C_vs_tamano,CRC32,8,64,0.01,0,96,32,50.0,OK,0,0,1,0,0
C_vs_tamano,CRC32,8,64,0.01,2,96,32,50.0,ERROR_DETECTED,1,0,0,0,0
C_vs_tamano,CRC32,8,64,0.01,0,96,32,50.0,OK,0,0,1,0,0
C_vs_tamano,CRC32,8,64,0.01,1,96,32,50.0,ERROR_DETECTED,1,0,0,0,0
C_vs_tamano,CRC32,8,64,0.01,3,96,32,50.0,ERROR_DETECTED,1,0,0,0,0
C_vs_tamano,CRC32,8,64,0.01,1,96,32,50.0,ERROR_DETECTED,1,0,0,0,0
C_vs_tamano,CRC32,8,64,0.01,0,96,32,50.0,OK,0,0,1,0,0
C_vs_tamano,CRC32,8,64,0.01,0,96,32,50.0,OK,0,0,1,0,0
C_vs_tamano,CRC32,8,64,0.01,1,96,32,50.0,ERROR_DETECTED,1,0,0,0,0
C_vs_tamano,CRC32,8,64,0.01,1,96,32,50.0,ERROR_DETECTED,1,0,0,0,0
C_vs_tamano,CRC32,8,64,0.01,1,96,32,50.0,ERROR_DETECTED,1,0,0,0,0
C_vs_tamano,CRC32,8,64,0.01,1,96,32,50.0,ERROR_DETECTED,1,0,0,0,0
C_vs_tamano,CRC32,8,64,0.01,0,96,32,50.0,OK,0,0,1,0,0
C_vs_tamano,CRC32,8,64,0.01,0,96,32,50.0,OK,0,0,1,0,0
C_vs_tamano,CRC32,8,64,0.01,2,96,32,50.0,ERROR_DETECTED,1,0,0,0,0
C_vs_tamano,CRC32,8,64,0.01,0,96,32,50.0,OK,0,0,1,0,0
C_vs_tamano,CRC32,8,64,0.01,1,96,32,50.0,ERROR_DETECTED,1,0,0,0,0
C_vs_tamano,CRC32,8,64,0.01,1,96,32,50.0,ERROR_DETECTED,1,0,0,0,0
C_vs_tamano,CRC32,8,64,0.01,2,96,32,50.0,ERROR_DETECTED,1,0,0,0,0
C_vs_tamano,CRC32,8,64,0.01,1,96,32,50.0,ERROR_DETECTED,1,0,0,0,0
C_vs_tamano,CRC32,8,64,0.01,1,96,32,50.0,ERROR_DETECTED,1,0,0,0,0
C_vs_tamano,CRC32,8,64,0.01,0,96,32,50.0,OK,0,0,1,0,0
C_vs_tamano,CRC32,8,64,0.01,2,96,32,50.0,ERROR_DETECTED,1,0,0,0,0
C_vs_tamano,CRC32,8,64,0.01,2,96,32,50.0,ERROR_DETECTED,1,0,0,0,0
C_vs_tamano,CRC32,8,64,0.01,1,96,32,50.0,ERROR_DETECTED,1,0,0,0,0
C_vs_tamano,CRC32,8,64,0.01,0,96,32,50.0,OK,0,0,1,0,0
C_vs_tamano,CRC32,8,64,0.01,1,96,32,50.0,ERROR_DETECTED,1,0,0,0,0
C_vs_tamano,CRC32,8,64,0.01,1,96,32,50.0,ERROR_DETECTED,1,0,0,0,0
C_vs_tamano,CRC32,8,64,0.01,1,96,32,50.0,ERROR_DETECTED,1,0,0,0,0
C_vs_tamano,CRC32,8,64,0.01,1,96,32,50.0,ERROR_DETECTED,1,0,0,0,0
C_vs_tamano,CRC32,8,64,0.01,0,96,32,50.0,OK,0,0,1,0,0
C_vs_tamano,CRC32,8,64,0.01,1,96,32,50.0,ERROR_DETECTED,1,0,0,0,0
C_vs_tamano,CRC32,8,64,0.01,1,96,32,50.0,ERROR_DETECTED,1,0,0,0,0
C_vs_tamano,CRC32,8,64,0.01,0,96,32,50.0,OK,0,0,1,0,0
C_vs_tamano,CRC32,8,64,0.01,0,96,32,50.0,OK,0,0,1,0,0
C_vs_tamano,CRC32,8,64,0.01,0,96,32,50.0,OK,0,0,1,0,0
C_vs_tamano,CRC32,8,64,0.01,2,96,32,50.0,ERROR_DETECTED,1,0,0,0,0
C_vs_tamano,CRC32,8,64,0.01,1,96,32,50.0,ERROR_DETECTED,1,0,0,0,0
C_vs_tamano,CRC32,8,64,0.01,2,96,32,50.0,ERROR_DETECTED,1,0,0,0,0
C_vs_tamano,CRC32,8,64,0.01,1,96,32,50.0,ERROR_DETECTED,1,0,0,0,0
C_vs_tamano,CRC32,8,64,0.01,1,96,32,50.0,ERROR_DETECTED,1,0,0,0,0
C_vs_tamano,CRC32,8,64,0.01,2,96,32,50.0,ERROR_DETECTED,1,0,0,0,0
C_vs_tamano,CRC32,8,64,0.01,1,96,32,50.0,ERROR_DETECTED,1,0,0,0,0
C_vs_tamano,CRC32,8,64,0.01,2,96,32,50.0,ERROR_DETECTED,1,0,0,0,0
C_vs_tamano,CRC32,8,64,0.01,0,96,32,50.0,OK,0,0,1,0,0
C_vs_tamano,CRC32,8,64,0.01,2,96,32,50.0,ERROR_DETECTED,1,0,0,0,0
C_vs_tamano,CRC32,8,64,0.01,0,96,32,50.0,OK,0,0,1,0,0
C_vs_tamano,CRC32,8,64,0.01,0,96,32,50.0,OK,0,0,1,0,0
C_vs_tamano,CRC32,8,64,0.01,0,96,32,50.0,OK,0,0,1,0,0
C_vs_tamano,CRC32,8,64,0.01,3,96,32,50.0,ERROR_DETECTED,1,0,0,0,0
C_vs_tamano,CRC32,8,64,0.01,0,96,32,50.0,OK,0,0,1,0,0
C_vs_tamano,CRC32,8,64,0.01,2,96,32,50.0,ERROR_DETECTED,1,0,0,0,0
C_vs_tamano,CRC32,8,64,0.01,0,96,32,50.0,OK,0,0,1,0,0
C_vs_tamano,CRC32,8,64,0.01,1,96,32,50.0,ERROR_DETECTED,1,0,0,0,0
C_vs_tamano,CRC32,8,64,0.01,2,96,32,50.0,ERROR_DETECTED,1,0,0,0,0
C_vs_tamano,CRC32,8,64,0.01,1,96,32,50.0,ERROR_DETECTED,1,0,0,0,0
C_vs_tamano,CRC32,8,64,0.01,2,96,32,50.0,ERROR_DETECTED,1,0,0,0,0
C_vs_tamano,CRC32,8,64,0.01,1,96,32,50.0,ERROR_DETECTED,1,0,0,0,0
C_vs_tamano,CRC32,8,64,0.01,1,96,32,50.0,ERROR_DETECTED,1,0,0,0,0
C_vs_tamano,CRC32,8,64,0.01,0,96,32,50.0,OK,0,0,1,0,0
C_vs_tamano,CRC32,8,64,0.01,2,96,32,50.0,ERROR_DETECTED,1,0,0,0,0
C_vs_tamano,CRC32,8,64,0.01,0,96,32,50.0,OK,0,0,1,0,0
C_vs_tamano,CRC32,8,64,0.01,1,96,32,50.0,ERROR_DETECTED,1,0,0,0,0
C_vs_tamano,CRC32,8,64,0.01,0,96,32,50.0,OK,0,0,1,0,0
C_vs_tamano,CRC32,8,64,0.01,0,96,32,50.0,OK,0,0,1,0,0
C_vs_tamano,CRC32,8,64,0.01,3,96,32,50.0,ERROR_DETECTED,1,0,0,0,0
C_vs_tamano,CRC32,8,64,0.01,0,96,32,50.0,OK,0,0,1,0,0
C_vs_tamano,CRC32,8,64,0.01,0,96,32,50.0,OK,0,0,1,0,0
C_vs_tamano,CRC32,8,64,0.01,1,96,32,50.0,ERROR_DETECTED,1,0,0,0,0
C_vs_tamano,CRC32,8,64,0.01,2,96,32,50.0,ERROR_DETECTED,1,0,0,0,0
C_vs_tamano,CRC32,8,64,0.01,0,96,32,50.0,OK,0,0,1,0,0
C_vs_tamano,CRC32,8,64,0.01,1,96,32,50.0,ERROR_DETECTED,1,0,0,0,0
C_vs_tamano,CRC32,8,64,0.01,1,96,32,50.0,ERROR_DETECTED,1,0,0,0,0
C_vs_tamano,CRC32,8,64,0.01,1,96,32,50.0,ERROR_DETECTED,1,0,0,0,0
C_vs_tamano,CRC32,8,64,0.01,0,96,32,50.0,OK,0,0,1,0,0
C_vs_tamano,CRC32,8,64,0.01,2,96,32,50.0,ERROR_DETECTED,1,0,0,0,0
C_vs_tamano,CRC32,8,64,0.01,2,96,32,50.0,ERROR_DETECTED,1,0,0,0,0
C_vs_tamano,CRC32,8,64,0.01,0,96,32,50.0,OK,0,0,1,0,0
C_vs_tamano,CRC32,8,64,0.01,3,96,32,50.0,ERROR_DETECTED,1,0,0,0,0
C_vs_tamano,CRC32,8,64,0.01,0,96,32,50.0,OK,0,0,1,0,0
C_vs_tamano,CRC32,8,64,0.01,1,96,32,50.0,ERROR_DETECTED,1,0,0,0,0
C_vs_tamano,CRC32,8,64,0.01,0,96,32,50.0,OK,0,0,1,0,0
C_vs_tamano,CRC32,8,64,0.01,0,96,32,50.0,OK,0,0,1,0,0
C_vs_tamano,CRC32,8,64,0.01,2,96,32,50.0,ERROR_DETECTED,1,0,0,0,0
C_vs_tamano,CRC32,8,64,0.01,0,96,32,50.0,OK,0,0,1,0,0
C_vs_tamano,CRC32,8,64,0.01,1,96,32,50.0,ERROR_DETECTED,1,0,0,0,0
C_vs_tamano,CRC32,16,128,0.01,3,160,32,25.0,ERROR_DETECTED,1,0,0,0,0
C_vs_tamano,CRC32,16,128,0.01,0,160,32,25.0,OK,0,0,1,0,0
C_vs_tamano,CRC32,16,128,0.01,2,160,32,25.0,ERROR_DETECTED,1,0,0,0,0
C_vs_tamano,CRC32,16,128,0.01,1,160,32,25.0,ERROR_DETECTED,1,0,0,0,0
C_vs_tamano,CRC32,16,128,0.01,0,160,32,25.0,OK,0,0,1,0,0
C_vs_tamano,CRC32,16,128,0.01,3,160,32,25.0,ERROR_DETECTED,1,0,0,0,0
C_vs_tamano,CRC32,16,128,0.01,0,160,32,25.0,OK,0,0,1,0,0
C_vs_tamano,CRC32,16,128,0.01,4,160,32,25.0,ERROR_DETECTED,1,0,0,0,0
C_vs_tamano,CRC32,16,128,0.01,3,160,32,25.0,ERROR_DETECTED,1,0,0,0,0
C_vs_tamano,CRC32,16,128,0.01,2,160,32,25.0,ERROR_DETECTED,1,0,0,0,0
C_vs_tamano,CRC32,16,128,0.01,1,160,32,25.0,ERROR_DETECTED,1,0,0,0,0
C_vs_tamano,CRC32,16,128,0.01,3,160,32,25.0,ERROR_DETECTED,1,0,0,0,0
C_vs_tamano,CRC32,16,128,0.01,1,160,32,25.0,ERROR_DETECTED,1,0,0,0,0
C_vs_tamano,CRC32,16,128,0.01,3,160,32,25.0,ERROR_DETECTED,1,0,0,0,0
C_vs_tamano,CRC32,16,128,0.01,1,160,32,25.0,ERROR_DETECTED,1,0,0,0,0
C_vs_tamano,CRC32,16,128,0.01,0,160,32,25.0,OK,0,0,1,0,0
C_vs_tamano,CRC32,16,128,0.01,1,160,32,25.0,ERROR_DETECTED,1,0,0,0,0
C_vs_tamano,CRC32,16,128,0.01,1,160,32,25.0,ERROR_DETECTED,1,0,0,0,0
C_vs_tamano,CRC32,16,128,0.01,3,160,32,25.0,ERROR_DETECTED,1,0,0,0,0
C_vs_tamano,CRC32,16,128,0.01,2,160,32,25.0,ERROR_DETECTED,1,0,0,0,0
C_vs_tamano,CRC32,16,128,0.01,2,160,32,25.0,ERROR_DETECTED,1,0,0,0,0
C_vs_tamano,CRC32,16,128,0.01,1,160,32,25.0,ERROR_DETECTED,1,0,0,0,0
C_vs_tamano,CRC32,16,128,0.01,1,160,32,25.0,ERROR_DETECTED,1,0,0,0,0
C_vs_tamano,CRC32,16,128,0.01,1,160,32,25.0,ERROR_DETECTED,1,0,0,0,0
C_vs_tamano,CRC32,16,128,0.01,1,160,32,25.0,ERROR_DETECTED,1,0,0,0,0
C_vs_tamano,CRC32,16,128,0.01,1,160,32,25.0,ERROR_DETECTED,1,0,0,0,0
C_vs_tamano,CRC32,16,128,0.01,1,160,32,25.0,ERROR_DETECTED,1,0,0,0,0
C_vs_tamano,CRC32,16,128,0.01,1,160,32,25.0,ERROR_DETECTED,1,0,0,0,0
C_vs_tamano,CRC32,16,128,0.01,2,160,32,25.0,ERROR_DETECTED,1,0,0,0,0
C_vs_tamano,CRC32,16,128,0.01,0,160,32,25.0,OK,0,0,1,0,0
C_vs_tamano,CRC32,16,128,0.01,0,160,32,25.0,OK,0,0,1,0,0
C_vs_tamano,CRC32,16,128,0.01,2,160,32,25.0,ERROR_DETECTED,1,0,0,0,0
C_vs_tamano,CRC32,16,128,0.01,3,160,32,25.0,ERROR_DETECTED,1,0,0,0,0
C_vs_tamano,CRC32,16,128,0.01,2,160,32,25.0,ERROR_DETECTED,1,0,0,0,0
C_vs_tamano,CRC32,16,128,0.01,2,160,32,25.0,ERROR_DETECTED,1,0,0,0,0
C_vs_tamano,CRC32,16,128,0.01,2,160,32,25.0,ERROR_DETECTED,1,0,0,0,0
C_vs_tamano,CRC32,16,128,0.01,2,160,32,25.0,ERROR_DETECTED,1,0,0,0,0
C_vs_tamano,CRC32,16,128,0.01,0,160,32,25.0,OK,0,0,1,0,0
C_vs_tamano,CRC32,16,128,0.01,0,160,32,25.0,OK,0,0,1,0,0
C_vs_tamano,CRC32,16,128,0.01,1,160,32,25.0,ERROR_DETECTED,1,0,0,0,0
C_vs_tamano,CRC32,16,128,0.01,1,160,32,25.0,ERROR_DETECTED,1,0,0,0,0
C_vs_tamano,CRC32,16,128,0.01,5,160,32,25.0,ERROR_DETECTED,1,0,0,0,0
C_vs_tamano,CRC32,16,128,0.01,1,160,32,25.0,ERROR_DETECTED,1,0,0,0,0
C_vs_tamano,CRC32,16,128,0.01,3,160,32,25.0,ERROR_DETECTED,1,0,0,0,0
C_vs_tamano,CRC32,16,128,0.01,2,160,32,25.0,ERROR_DETECTED,1,0,0,0,0
C_vs_tamano,CRC32,16,128,0.01,1,160,32,25.0,ERROR_DETECTED,1,0,0,0,0
C_vs_tamano,CRC32,16,128,0.01,2,160,32,25.0,ERROR_DETECTED,1,0,0,0,0
C_vs_tamano,CRC32,16,128,0.01,3,160,32,25.0,ERROR_DETECTED,1,0,0,0,0
C_vs_tamano,CRC32,16,128,0.01,4,160,32,25.0,ERROR_DETECTED,1,0,0,0,0
C_vs_tamano,CRC32,16,128,0.01,2,160,32,25.0,ERROR_DETECTED,1,0,0,0,0
C_vs_tamano,CRC32,16,128,0.01,1,160,32,25.0,ERROR_DETECTED,1,0,0,0,0
C_vs_tamano,CRC32,16,128,0.01,2,160,32,25.0,ERROR_DETECTED,1,0,0,0,0
C_vs_tamano,CRC32,16,128,0.01,1,160,32,25.0,ERROR_DETECTED,1,0,0,0,0
C_vs_tamano,CRC32,16,128,0.01,2,160,32,25.0,ERROR_DETECTED,1,0,0,0,0
C_vs_tamano,CRC32,16,128,0.01,2,160,32,25.0,ERROR_DETECTED,1,0,0,0,0
C_vs_tamano,CRC32,16,128,0.01,4,160,32,25.0,ERROR_DETECTED,1,0,0,0,0
C_vs_tamano,CRC32,16,128,0.01,1,160,32,25.0,ERROR_DETECTED,1,0,0,0,0
C_vs_tamano,CRC32,16,128,0.01,0,160,32,25.0,OK,0,0,1,0,0
C_vs_tamano,CRC32,16,128,0.01,2,160,32,25.0,ERROR_DETECTED,1,0,0,0,0
C_vs_tamano,CRC32,16,128,0.01,3,160,32,25.0,ERROR_DETECTED,1,0,0,0,0
C_vs_tamano,CRC32,16,128,0.01,1,160,32,25.0,ERROR_DETECTED,1,0,0,0,0
C_vs_tamano,CRC32,16,128,0.01,0,160,32,25.0,OK,0,0,1,0,0
C_vs_tamano,CRC32,16,128,0.01,3,160,32,25.0,ERROR_DETECTED,1,0,0,0,0
C_vs_tamano,CRC32,16,128,0.01,1,160,32,25.0,ERROR_DETECTED,1,0,0,0,0
C_vs_tamano,CRC32,16,128,0.01,2,160,32,25.0,ERROR_DETECTED,1,0,0,0,0
C_vs_tamano,CRC32,16,128,0.01,1,160,32,25.0,ERROR_DETECTED,1,0,0,0,0
C_vs_tamano,CRC32,16,128,0.01,4,160,32,25.0,ERROR_DETECTED,1,0,0,0,0
C_vs_tamano,CRC32,16,128,0.01,1,160,32,25.0,ERROR_DETECTED,1,0,0,0,0
C_vs_tamano,CRC32,16,128,0.01,2,160,32,25.0,ERROR_DETECTED,1,0,0,0,0
C_vs_tamano,CRC32,16,128,0.01,1,160,32,25.0,ERROR_DETECTED,1,0,0,0,0
C_vs_tamano,CRC32,16,128,0.01,3,160,32,25.0,ERROR_DETECTED,1,0,0,0,0
C_vs_tamano,CRC32,16,128,0.01,0,160,32,25.0,OK,0,0,1,0,0
C_vs_tamano,CRC32,16,128,0.01,1,160,32,25.0,ERROR_DETECTED,1,0,0,0,0
C_vs_tamano,CRC32,16,128,0.01,2,160,32,25.0,ERROR_DETECTED,1,0,0,0,0
C_vs_tamano,CRC32,16,128,0.01,1,160,32,25.0,ERROR_DETECTED,1,0,0,0,0
C_vs_tamano,CRC32,16,128,0.01,2,160,32,25.0,ERROR_DETECTED,1,0,0,0,0
C_vs_tamano,CRC32,16,128,0.01,1,160,32,25.0,ERROR_DETECTED,1,0,0,0,0
C_vs_tamano,CRC32,16,128,0.01,1,160,32,25.0,ERROR_DETECTED,1,0,0,0,0
C_vs_tamano,CRC32,16,128,0.01,2,160,32,25.0,ERROR_DETECTED,1,0,0,0,0
C_vs_tamano,CRC32,16,128,0.01,1,160,32,25.0,ERROR_DETECTED,1,0,0,0,0
C_vs_tamano,CRC32,16,128,0.01,1,160,32,25.0,ERROR_DETECTED,1,0,0,0,0
C_vs_tamano,CRC32,16,128,0.01,1,160,32,25.0,ERROR_DETECTED,1,0,0,0,0
C_vs_tamano,CRC32,16,128,0.01,1,160,32,25.0,ERROR_DETECTED,1,0,0,0,0
C_vs_tamano,CRC32,16,128,0.01,2,160,32,25.0,ERROR_DETECTED,1,0,0,0,0
C_vs_tamano,CRC32,16,128,0.01,2,160,32,25.0,ERROR_DETECTED,1,0,0,0,0
C_vs_tamano,CRC32,16,128,0.01,1,160,32,25.0,ERROR_DETECTED,1,0,0,0,0
C_vs_tamano,CRC32,16,128,0.01,2,160,32,25.0,ERROR_DETECTED,1,0,0,0,0
C_vs_tamano,CRC32,16,128,0.01,1,160,32,25.0,ERROR_DETECTED,1,0,0,0,0
C_vs_tamano,CRC32,16,128,0.01,3,160,32,25.0,ERROR_DETECTED,1,0,0,0,0
C_vs_tamano,CRC32,16,128,0.01,2,160,32,25.0,ERROR_DETECTED,1,0,0,0,0
C_vs_tamano,CRC32,16,128,0.01,1,160,32,25.0,ERROR_DETECTED,1,0,0,0,0
C_vs_tamano,CRC32,16,128,0.01,5,160,32,25.0,ERROR_DETECTED,1,0,0,0,0
C_vs_tamano,CRC32,16,128,0.01,0,160,32,25.0,OK,0,0,1,0,0
C_vs_tamano,CRC32,16,128,0.01,0,160,32,25.0,OK,0,0,1,0,0
C_vs_tamano,CRC32,16,128,0.01,4,160,32,25.0,ERROR_DETECTED,1,0,0,0,0
C_vs_tamano,CRC32,16,128,0.01,2,160,32,25.0,ERROR_DETECTED,1,0,0,0,0
C_vs_tamano,CRC32,16,128,0.01,0,160,32,25.0,OK,0,0,1,0,0
C_vs_tamano,CRC32,16,128,0.01,0,160,32,25.0,OK,0,0,1,0,0
C_vs_tamano,CRC32,16,128,0.01,1,160,32,25.0,ERROR_DETECTED,1,0,0,0,0
C_vs_tamano,CRC32,16,128,0.01,3,160,32,25.0,ERROR_DETECTED,1,0,0,0,0
C_vs_tamano,CRC32,16,128,0.01,2,160,32,25.0,ERROR_DETECTED,1,0,0,0,0
C_vs_tamano,CRC32,16,128,0.01,2,160,32,25.0,ERROR_DETECTED,1,0,0,0,0
C_vs_tamano,CRC32,16,128,0.01,0,160,32,25.0,OK,0,0,1,0,0
C_vs_tamano,CRC32,16,128,0.01,1,160,32,25.0,ERROR_DETECTED,1,0,0,0,0
C_vs_tamano,CRC32,16,128,0.01,0,160,32,25.0,OK,0,0,1,0,0
C_vs_tamano,CRC32,16,128,0.01,1,160,32,25.0,ERROR_DETECTED,1,0,0,0,0
C_vs_tamano,CRC32,16,128,0.01,1,160,32,25.0,ERROR_DETECTED,1,0,0,0,0
C_vs_tamano,CRC32,16,128,0.01,1,160,32,25.0,ERROR_DETECTED,1,0,0,0,0
C_vs_tamano,CRC32,16,128,0.01,0,160,32,25.0,OK,0,0,1,0,0
C_vs_tamano,CRC32,16,128,0.01,2,160,32,25.0,ERROR_DETECTED,1,0,0,0,0
C_vs_tamano,CRC32,16,128,0.01,0,160,32,25.0,OK,0,0,1,0,0
C_vs_tamano,CRC32,16,128,0.01,1,160,32,25.0,ERROR_DETECTED,1,0,0,0,0
C_vs_tamano,CRC32,16,128,0.01,1,160,32,25.0,ERROR_DETECTED,1,0,0,0,0
C_vs_tamano,CRC32,16,128,0.01,4,160,32,25.0,ERROR_DETECTED,1,0,0,0,0
C_vs_tamano,CRC32,16,128,0.01,2,160,32,25.0,ERROR_DETECTED,1,0,0,0,0
C_vs_tamano,CRC32,16,128,0.01,1,160,32,25.0,ERROR_DETECTED,1,0,0,0,0
C_vs_tamano,CRC32,16,128,0.01,2,160,32,25.0,ERROR_DETECTED,1,0,0,0,0
C_vs_tamano,CRC32,16,128,0.01,0,160,32,25.0,OK,0,0,1,0,0
C_vs_tamano,CRC32,16,128,0.01,1,160,32,25.0,ERROR_DETECTED,1,0,0,0,0
C_vs_tamano,CRC32,16,128,0.01,0,160,32,25.0,OK,0,0,1,0,0
C_vs_tamano,CRC32,16,128,0.01,2,160,32,25.0,ERROR_DETECTED,1,0,0,0,0
C_vs_tamano,CRC32,16,128,0.01,2,160,32,25.0,ERROR_DETECTED,1,0,0,0,0
C_vs_tamano,CRC32,16,128,0.01,1,160,32,25.0,ERROR_DETECTED,1,0,0,0,0
C_vs_tamano,CRC32,16,128,0.01,1,160,32,25.0,ERROR_DETECTED,1,0,0,0,0
C_vs_tamano,CRC32,16,128,0.01,1,160,32,25.0,ERROR_DETECTED,1,0,0,0,0
C_vs_tamano,CRC32,16,128,0.01,2,160,32,25.0,ERROR_DETECTED,1,0,0,0,0
C_vs_tamano,CRC32,16,128,0.01,3,160,32,25.0,ERROR_DETECTED,1,0,0,0,0
C_vs_tamano,CRC32,16,128,0.01,1,160,32,25.0,ERROR_DETECTED,1,0,0,0,0
C_vs_tamano,CRC32,16,128,0.01,1,160,32,25.0,ERROR_DETECTED,1,0,0,0,0
C_vs_tamano,CRC32,16,128,0.01,0,160,32,25.0,OK,0,0,1,0,0
C_vs_tamano,CRC32,16,128,0.01,2,160,32,25.0,ERROR_DETECTED,1,0,0,0,0
C_vs_tamano,CRC32,16,128,0.01,1,160,32,25.0,ERROR_DETECTED,1,0,0,0,0
C_vs_tamano,CRC32,16,128,0.01,0,160,32,25.0,OK,0,0,1,0,0
C_vs_tamano,CRC32,16,128,0.01,2,160,32,25.0,ERROR_DETECTED,1,0,0,0,0
C_vs_tamano,CRC32,16,128,0.01,2,160,32,25.0,ERROR_DETECTED,1,0,0,0,0
C_vs_tamano,CRC32,16,128,0.01,3,160,32,25.0,ERROR_DETECTED,1,0,0,0,0
C_vs_tamano,CRC32,16,128,0.01,0,160,32,25.0,OK,0,0,1,0,0
C_vs_tamano,CRC32,16,128,0.01,6,160,32,25.0,ERROR_DETECTED,1,0,0,0,0
C_vs_tamano,CRC32,16,128,0.01,1,160,32,25.0,ERROR_DETECTED,1,0,0,0,0
C_vs_tamano,CRC32,16,128,0.01,1,160,32,25.0,ERROR_DETECTED,1,0,0,0,0
C_vs_tamano,CRC32,16,128,0.01,2,160,32,25.0,ERROR_DETECTED,1,0,0,0,0
C_vs_tamano,CRC32,16,128,0.01,2,160,32,25.0,ERROR_DETECTED,1,0,0,0,0
C_vs_tamano,CRC32,16,128,0.01,0,160,32,25.0,OK,0,0,1,0,0
C_vs_tamano,CRC32,16,128,0.01,0,160,32,25.0,OK,0,0,1,0,0
C_vs_tamano,CRC32,16,128,0.01,1,160,32,25.0,ERROR_DETECTED,1,0,0,0,0
C_vs_tamano,CRC32,16,128,0.01,2,160,32,25.0,ERROR_DETECTED,1,0,0,0,0
C_vs_tamano,CRC32,16,128,0.01,1,160,32,25.0,ERROR_DETECTED,1,0,0,0,0
C_vs_tamano,CRC32,16,128,0.01,4,160,32,25.0,ERROR_DETECTED,1,0,0,0,0
C_vs_tamano,CRC32,16,128,0.01,2,160,32,25.0,ERROR_DETECTED,1,0,0,0,0
C_vs_tamano,CRC32,16,128,0.01,1,160,32,25.0,ERROR_DETECTED,1,0,0,0,0
C_vs_tamano,CRC32,32,256,0.01,2,288,32,12.5,ERROR_DETECTED,1,0,0,0,0
C_vs_tamano,CRC32,32,256,0.01,6,288,32,12.5,ERROR_DETECTED,1,0,0,0,0
C_vs_tamano,CRC32,32,256,0.01,2,288,32,12.5,ERROR_DETECTED,1,0,0,0,0
C_vs_tamano,CRC32,32,256,0.01,3,288,32,12.5,ERROR_DETECTED,1,0,0,0,0
C_vs_tamano,CRC32,32,256,0.01,4,288,32,12.5,ERROR_DETECTED,1,0,0,0,0
C_vs_tamano,CRC32,32,256,0.01,7,288,32,12.5,ERROR_DETECTED,1,0,0,0,0
C_vs_tamano,CRC32,32,256,0.01,4,288,32,12.5,ERROR_DETECTED,1,0,0,0,0
C_vs_tamano,CRC32,32,256,0.01,5,288,32,12.5,ERROR_DETECTED,1,0,0,0,0
C_vs_tamano,CRC32,32,256,0.01,0,288,32,12.5,OK,0,0,1,0,0
C_vs_tamano,CRC32,32,256,0.01,4,288,32,12.5,ERROR_DETECTED,1,0,0,0,0
C_vs_tamano,CRC32,32,256,0.01,1,288,32,12.5,ERROR_DETECTED,1,0,0,0,0
C_vs_tamano,CRC32,32,256,0.01,3,288,32,12.5,ERROR_DETECTED,1,0,0,0,0
C_vs_tamano,CRC32,32,256,0.01,3,288,32,12.5,ERROR_DETECTED,1,0,0,0,0
C_vs_tamano,CRC32,32,256,0.01,3,288,32,12.5,ERROR_DETECTED,1,0,0,0,0
C_vs_tamano,CRC32,32,256,0.01,4,288,32,12.5,ERROR_DETECTED,1,0,0,0,0
C_vs_tamano,CRC32,32,256,0.01,4,288,32,12.5,ERROR_DETECTED,1,0,0,0,0
C_vs_tamano,CRC32,32,256,0.01,4,288,32,12.5,ERROR_DETECTED,1,0,0,0,0
C_vs_tamano,CRC32,32,256,0.01,2,288,32,12.5,ERROR_DETECTED,1,0,0,0,0
C_vs_tamano,CRC32,32,256,0.01,6,288,32,12.5,ERROR_DETECTED,1,0,0,0,0
C_vs_tamano,CRC32,32,256,0.01,3,288,32,12.5,ERROR_DETECTED,1,0,0,0,0
C_vs_tamano,CRC32,32,256,0.01,2,288,32,12.5,ERROR_DETECTED,1,0,0,0,0
C_vs_tamano,CRC32,32,256,0.01,2,288,32,12.5,ERROR_DETECTED,1,0,0,0,0
C_vs_tamano,CRC32,32,256,0.01,4,288,32,12.5,ERROR_DETECTED,1,0,0,0,0
C_vs_tamano,CRC32,32,256,0.01,2,288,32,12.5,ERROR_DETECTED,1,0,0,0,0
C_vs_tamano,CRC32,32,256,0.01,3,288,32,12.5,ERROR_DETECTED,1,0,0,0,0
C_vs_tamano,CRC32,32,256,0.01,2,288,32,12.5,ERROR_DETECTED,1,0,0,0,0
C_vs_tamano,CRC32,32,256,0.01,2,288,32,12.5,ERROR_DETECTED,1,0,0,0,0
C_vs_tamano,CRC32,32,256,0.01,3,288,32,12.5,ERROR_DETECTED,1,0,0,0,0
C_vs_tamano,CRC32,32,256,0.01,2,288,32,12.5,ERROR_DETECTED,1,0,0,0,0
C_vs_tamano,CRC32,32,256,0.01,2,288,32,12.5,ERROR_DETECTED,1,0,0,0,0
C_vs_tamano,CRC32,32,256,0.01,2,288,32,12.5,ERROR_DETECTED,1,0,0,0,0
C_vs_tamano,CRC32,32,256,0.01,3,288,32,12.5,ERROR_DETECTED,1,0,0,0,0
C_vs_tamano,CRC32,32,256,0.01,2,288,32,12.5,ERROR_DETECTED,1,0,0,0,0
C_vs_tamano,CRC32,32,256,0.01,5,288,32,12.5,ERROR_DETECTED,1,0,0,0,0
C_vs_tamano,CRC32,32,256,0.01,4,288,32,12.5,ERROR_DETECTED,1,0,0,0,0
C_vs_tamano,CRC32,32,256,0.01,1,288,32,12.5,ERROR_DETECTED,1,0,0,0,0
C_vs_tamano,CRC32,32,256,0.01,2,288,32,12.5,ERROR_DETECTED,1,0,0,0,0
C_vs_tamano,CRC32,32,256,0.01,1,288,32,12.5,ERROR_DETECTED,1,0,0,0,0
C_vs_tamano,CRC32,32,256,0.01,7,288,32,12.5,ERROR_DETECTED,1,0,0,0,0
C_vs_tamano,CRC32,32,256,0.01,5,288,32,12.5,ERROR_DETECTED,1,0,0,0,0
C_vs_tamano,CRC32,32,256,0.01,3,288,32,12.5,ERROR_DETECTED,1,0,0,0,0
C_vs_tamano,CRC32,32,256,0.01,3,288,32,12.5,ERROR_DETECTED,1,0,0,0,0
C_vs_tamano,CRC32,32,256,0.01,3,288,32,12.5,ERROR_DETECTED,1,0,0,0,0
C_vs_tamano,CRC32,32,256,0.01,2,288,32,12.5,ERROR_DETECTED,1,0,0,0,0
C_vs_tamano,CRC32,32,256,0.01,2,288,32,12.5,ERROR_DETECTED,1,0,0,0,0
C_vs_tamano,CRC32,32,256,0.01,2,288,32,12.5,ERROR_DETECTED,1,0,0,0,0
C_vs_tamano,CRC32,32,256,0.01,2,288,32,12.5,ERROR_DETECTED,1,0,0,0,0
C_vs_tamano,CRC32,32,256,0.01,7,288,32,12.5,ERROR_DETECTED,1,0,0,0,0
C_vs_tamano,CRC32,32,256,0.01,1,288,32,12.5,ERROR_DETECTED,1,0,0,0,0
C_vs_tamano,CRC32,32,256,0.01,6,288,32,12.5,ERROR_DETECTED,1,0,0,0,0
C_vs_tamano,CRC32,32,256,0.01,5,288,32,12.5,ERROR_DETECTED,1,0,0,0,0
C_vs_tamano,CRC32,32,256,0.01,2,288,32,12.5,ERROR_DETECTED,1,0,0,0,0
C_vs_tamano,CRC32,32,256,0.01,4,288,32,12.5,ERROR_DETECTED,1,0,0,0,0
C_vs_tamano,CRC32,32,256,0.01,3,288,32,12.5,ERROR_DETECTED,1,0,0,0,0
C_vs_tamano,CRC32,32,256,0.01,3,288,32,12.5,ERROR_DETECTED,1,0,0,0,0
C_vs_tamano,CRC32,32,256,0.01,4,288,32,12.5,ERROR_DETECTED,1,0,0,0,0
C_vs_tamano,CRC32,32,256,0.01,5,288,32,12.5,ERROR_DETECTED,1,0,0,0,0
C_vs_tamano,CRC32,32,256,0.01,4,288,32,12.5,ERROR_DETECTED,1,0,0,0,0
C_vs_tamano,CRC32,32,256,0.01,3,288,32,12.5,ERROR_DETECTED,1,0,0,0,0
C_vs_tamano,CRC32,32,256,0.01,2,288,32,12.5,ERROR_DETECTED,1,0,0,0,0
C_vs_tamano,CRC32,32,256,0.01,3,288,32,12.5,ERROR_DETECTED,1,0,0,0,0
C_vs_tamano,CRC32,32,256,0.01,5,288,32,12.5,ERROR_DETECTED,1,0,0,0,0
C_vs_tamano,CRC32,32,256,0.01,5,288,32,12.5,ERROR_DETECTED,1,0,0,0,0
C_vs_tamano,CRC32,32,256,0.01,2,288,32,12.5,ERROR_DETECTED,1,0,0,0,0
C_vs_tamano,CRC32,32,256,0.01,3,288,32,12.5,ERROR_DETECTED,1,0,0,0,0
C_vs_tamano,CRC32,32,256,0.01,5,288,32,12.5,ERROR_DETECTED,1,0,0,0,0
C_vs_tamano,CRC32,32,256,0.01,1,288,32,12.5,ERROR_DETECTED,1,0,0,0,0
C_vs_tamano,CRC32,32,256,0.01,3,288,32,12.5,ERROR_DETECTED,1,0,0,0,0
C_vs_tamano,CRC32,32,256,0.01,2,288,32,12.5,ERROR_DETECTED,1,0,0,0,0
C_vs_tamano,CRC32,32,256,0.01,3,288,32,12.5,ERROR_DETECTED,1,0,0,0,0
C_vs_tamano,CRC32,32,256,0.01,3,288,32,12.5,ERROR_DETECTED,1,0,0,0,0
C_vs_tamano,CRC32,32,256,0.01,1,288,32,12.5,ERROR_DETECTED,1,0,0,0,0
C_vs_tamano,CRC32,32,256,0.01,4,288,32,12.5,ERROR_DETECTED,1,0,0,0,0
C_vs_tamano,CRC32,32,256,0.01,4,288,32,12.5,ERROR_DETECTED,1,0,0,0,0
C_vs_tamano,CRC32,32,256,0.01,1,288,32,12.5,ERROR_DETECTED,1,0,0,0,0
C_vs_tamano,CRC32,32,256,0.01,5,288,32,12.5,ERROR_DETECTED,1,0,0,0,0
C_vs_tamano,CRC32,32,256,0.01,0,288,32,12.5,OK,0,0,1,0,0
C_vs_tamano,CRC32,32,256,0.01,1,288,32,12.5,ERROR_DETECTED,1,0,0,0,0
C_vs_tamano,CRC32,32,256,0.01,1,288,32,12.5,ERROR_DETECTED,1,0,0,0,0
C_vs_tamano,CRC32,32,256,0.01,4,288,32,12.5,ERROR_DETECTED,1,0,0,0,0
C_vs_tamano,CRC32,32,256,0.01,2,288,32,12.5,ERROR_DETECTED,1,0,0,0,0
C_vs_tamano,CRC32,32,256,0.01,3,288,32,12.5,ERROR_DETECTED,1,0,0,0,0
C_vs_tamano,CRC32,32,256,0.01,3,288,32,12.5,ERROR_DETECTED,1,0,0,0,0
C_vs_tamano,CRC32,32,256,0.01,2,288,32,12.5,ERROR_DETECTED,1,0,0,0,0
C_vs_tamano,CRC32,32,256,0.01,2,288,32,12.5,ERROR_DETECTED,1,0,0,0,0
C_vs_tamano,CRC32,32,256,0.01,3,288,32,12.5,ERROR_DETECTED,1,0,0,0,0
C_vs_tamano,CRC32,32,256,0.01,2,288,32,12.5,ERROR_DETECTED,1,0,0,0,0
C_vs_tamano,CRC32,32,256,0.01,2,288,32,12.5,ERROR_DETECTED,1,0,0,0,0
C_vs_tamano,CRC32,32,256,0.01,5,288,32,12.5,ERROR_DETECTED,1,0,0,0,0
C_vs_tamano,CRC32,32,256,0.01,1,288,32,12.5,ERROR_DETECTED,1,0,0,0,0
C_vs_tamano,CRC32,32,256,0.01,2,288,32,12.5,ERROR_DETECTED,1,0,0,0,0
C_vs_tamano,CRC32,32,256,0.01,2,288,32,12.5,ERROR_DETECTED,1,0,0,0,0
C_vs_tamano,CRC32,32,256,0.01,0,288,32,12.5,OK,0,0,1,0,0
C_vs_tamano,CRC32,32,256,0.01,1,288,32,12.5,ERROR_DETECTED,1,0,0,0,0
C_vs_tamano,CRC32,32,256,0.01,2,288,32,12.5,ERROR_DETECTED,1,0,0,0,0
C_vs_tamano,CRC32,32,256,0.01,4,288,32,12.5,ERROR_DETECTED,1,0,0,0,0
C_vs_tamano,CRC32,32,256,0.01,1,288,32,12.5,ERROR_DETECTED,1,0,0,0,0
C_vs_tamano,CRC32,32,256,0.01,3,288,32,12.5,ERROR_DETECTED,1,0,0,0,0
C_vs_tamano,CRC32,32,256,0.01,1,288,32,12.5,ERROR_DETECTED,1,0,0,0,0
C_vs_tamano,CRC32,32,256,0.01,1,288,32,12.5,ERROR_DETECTED,1,0,0,0,0
C_vs_tamano,CRC32,32,256,0.01,3,288,32,12.5,ERROR_DETECTED,1,0,0,0,0
C_vs_tamano,CRC32,32,256,0.01,4,288,32,12.5,ERROR_DETECTED,1,0,0,0,0
C_vs_tamano,CRC32,32,256,0.01,2,288,32,12.5,ERROR_DETECTED,1,0,0,0,0
C_vs_tamano,CRC32,32,256,0.01,2,288,32,12.5,ERROR_DETECTED,1,0,0,0,0
C_vs_tamano,CRC32,32,256,0.01,1,288,32,12.5,ERROR_DETECTED,1,0,0,0,0
C_vs_tamano,CRC32,32,256,0.01,6,288,32,12.5,ERROR_DETECTED,1,0,0,0,0
C_vs_tamano,CRC32,32,256,0.01,2,288,32,12.5,ERROR_DETECTED,1,0,0,0,0
C_vs_tamano,CRC32,32,256,0.01,5,288,32,12.5,ERROR_DETECTED,1,0,0,0,0
C_vs_tamano,CRC32,32,256,0.01,3,288,32,12.5,ERROR_DETECTED,1,0,0,0,0
C_vs_tamano,CRC32,32,256,0.01,5,288,32,12.5,ERROR_DETECTED,1,0,0,0,0
C_vs_tamano,CRC32,32,256,0.01,4,288,32,12.5,ERROR_DETECTED,1,0,0,0,0
C_vs_tamano,CRC32,32,256,0.01,3,288,32,12.5,ERROR_DETECTED,1,0,0,0,0
C_vs_tamano,CRC32,32,256,0.01,4,288,32,12.5,ERROR_DETECTED,1,0,0,0,0
C_vs_tamano,CRC32,32,256,0.01,3,288,32,12.5,ERROR_DETECTED,1,0,0,0,0
C_vs_tamano,CRC32,32,256,0.01,0,288,32,12.5,OK,0,0,1,0,0
C_vs_tamano,CRC32,32,256,0.01,3,288,32,12.5,ERROR_DETECTED,1,0,0,0,0
C_vs_tamano,CRC32,32,256,0.01,3,288,32,12.5,ERROR_DETECTED,1,0,0,0,0
C_vs_tamano,CRC32,32,256,0.01,1,288,32,12.5,ERROR_DETECTED,1,0,0,0,0
C_vs_tamano,CRC32,32,256,0.01,1,288,32,12.5,ERROR_DETECTED,1,0,0,0,0
C_vs_tamano,CRC32,32,256,0.01,3,288,32,12.5,ERROR_DETECTED,1,0,0,0,0
C_vs_tamano,CRC32,32,256,0.01,0,288,32,12.5,OK,0,0,1,0,0
C_vs_tamano,CRC32,32,256,0.01,2,288,32,12.5,ERROR_DETECTED,1,0,0,0,0
C_vs_tamano,CRC32,32,256,0.01,3,288,32,12.5,ERROR_DETECTED,1,0,0,0,0
C_vs_tamano,CRC32,32,256,0.01,0,288,32,12.5,OK,0,0,1,0,0
C_vs_tamano,CRC32,32,256,0.01,4,288,32,12.5,ERROR_DETECTED,1,0,0,0,0
C_vs_tamano,CRC32,32,256,0.01,6,288,32,12.5,ERROR_DETECTED,1,0,0,0,0
C_vs_tamano,CRC32,32,256,0.01,2,288,32,12.5,ERROR_DETECTED,1,0,0,0,0
C_vs_tamano,CRC32,32,256,0.01,4,288,32,12.5,ERROR_DETECTED,1,0,0,0,0
C_vs_tamano,CRC32,32,256,0.01,2,288,32,12.5,ERROR_DETECTED,1,0,0,0,0
C_vs_tamano,CRC32,32,256,0.01,0,288,32,12.5,OK,0,0,1,0,0
C_vs_tamano,CRC32,32,256,0.01,3,288,32,12.5,ERROR_DETECTED,1,0,0,0,0
C_vs_tamano,CRC32,32,256,0.01,4,288,32,12.5,ERROR_DETECTED,1,0,0,0,0
C_vs_tamano,CRC32,32,256,0.01,1,288,32,12.5,ERROR_DETECTED,1,0,0,0,0
C_vs_tamano,CRC32,32,256,0.01,0,288,32,12.5,OK,0,0,1,0,0
C_vs_tamano,CRC32,32,256,0.01,2,288,32,12.5,ERROR_DETECTED,1,0,0,0,0
C_vs_tamano,CRC32,32,256,0.01,1,288,32,12.5,ERROR_DETECTED,1,0,0,0,0
C_vs_tamano,CRC32,32,256,0.01,1,288,32,12.5,ERROR_DETECTED,1,0,0,0,0
C_vs_tamano,CRC32,32,256,0.01,2,288,32,12.5,ERROR_DETECTED,1,0,0,0,0
C_vs_tamano,CRC32,32,256,0.01,5,288,32,12.5,ERROR_DETECTED,1,0,0,0,0
C_vs_tamano,CRC32,32,256,0.01,2,288,32,12.5,ERROR_DETECTED,1,0,0,0,0
C_vs_tamano,CRC32,32,256,0.01,2,288,32,12.5,ERROR_DETECTED,1,0,0,0,0
C_vs_tamano,CRC32,32,256,0.01,1,288,32,12.5,ERROR_DETECTED,1,0,0,0,0
C_vs_tamano,CRC32,32,256,0.01,2,288,32,12.5,ERROR_DETECTED,1,0,0,0,0
C_vs_tamano,CRC32,32,256,0.01,3,288,32,12.5,ERROR_DETECTED,1,0,0,0,0
C_vs_tamano,CRC32,32,256,0.01,4,288,32,12.5,ERROR_DETECTED,1,0,0,0,0
C_vs_tamano,CRC32,32,256,0.01,0,288,32,12.5,OK,0,0,1,0,0
C_vs_tamano,CRC32,32,256,0.01,1,288,32,12.5,ERROR_DETECTED,1,0,0,0,0
C_vs_tamano,CRC32,32,256,0.01,4,288,32,12.5,ERROR_DETECTED,1,0,0,0,0
C_vs_tamano,CRC32,32,256,0.01,5,288,32,12.5,ERROR_DETECTED,1,0,0,0,0
C_vs_tamano,CRC32,32,256,0.01,1,288,32,12.5,ERROR_DETECTED,1,0,0,0,0
C_vs_tamano,CRC32,64,512,0.01,4,544,32,6.25,ERROR_DETECTED,1,0,0,0,0
C_vs_tamano,CRC32,64,512,0.01,4,544,32,6.25,ERROR_DETECTED,1,0,0,0,0
C_vs_tamano,CRC32,64,512,0.01,8,544,32,6.25,ERROR_DETECTED,1,0,0,0,0
C_vs_tamano,CRC32,64,512,0.01,5,544,32,6.25,ERROR_DETECTED,1,0,0,0,0
C_vs_tamano,CRC32,64,512,0.01,11,544,32,6.25,ERROR_DETECTED,1,0,0,0,0
C_vs_tamano,CRC32,64,512,0.01,5,544,32,6.25,ERROR_DETECTED,1,0,0,0,0
C_vs_tamano,CRC32,64,512,0.01,7,544,32,6.25,ERROR_DETECTED,1,0,0,0,0
C_vs_tamano,CRC32,64,512,0.01,7,544,32,6.25,ERROR_DETECTED,1,0,0,0,0
C_vs_tamano,CRC32,64,512,0.01,5,544,32,6.25,ERROR_DETECTED,1,0,0,0,0
C_vs_tamano,CRC32,64,512,0.01,1,544,32,6.25,ERROR_DETECTED,1,0,0,0,0
C_vs_tamano,CRC32,64,512,0.01,7,544,32,6.25,ERROR_DETECTED,1,0,0,0,0
C_vs_tamano,CRC32,64,512,0.01,4,544,32,6.25,ERROR_DETECTED,1,0,0,0,0
C_vs_tamano,CRC32,64,512,0.01,3,544,32,6.25,ERROR_DETECTED,1,0,0,0,0
C_vs_tamano,CRC32,64,512,0.01,6,544,32,6.25,ERROR_DETECTED,1,0,0,0,0
C_vs_tamano,CRC32,64,512,0.01,4,544,32,6.25,ERROR_DETECTED,1,0,0,0,0
C_vs_tamano,CRC32,64,512,0.01,7,544,32,6.25,ERROR_DETECTED,1,0,0,0,0
C_vs_tamano,CRC32,64,512,0.01,7,544,32,6.25,ERROR_DETECTED,1,0,0,0,0
C_vs_tamano,CRC32,64,512,0.01,4,544,32,6.25,ERROR_DETECTED,1,0,0,0,0
C_vs_tamano,CRC32,64,512,0.01,6,544,32,6.25,ERROR_DETECTED,1,0,0,0,0
C_vs_tamano,CRC32,64,512,0.01,2,544,32,6.25,ERROR_DETECTED,1,0,0,0,0
C_vs_tamano,CRC32,64,512,0.01,2,544,32,6.25,ERROR_DETECTED,1,0,0,0,0
C_vs_tamano,CRC32,64,512,0.01,7,544,32,6.25,ERROR_DETECTED,1,0,0,0,0
C_vs_tamano,CRC32,64,512,0.01,5,544,32,6.25,ERROR_DETECTED,1,0,0,0,0
C_vs_tamano,CRC32,64,512,0.01,5,544,32,6.25,ERROR_DETECTED,1,0,0,0,0
C_vs_tamano,CRC32,64,512,0.01,6,544,32,6.25,ERROR_DETECTED,1,0,0,0,0
C_vs_tamano,CRC32,64,512,0.01,4,544,32,6.25,ERROR_DETECTED,1,0,0,0,0
C_vs_tamano,CRC32,64,512,0.01,6,544,32,6.25,ERROR_DETECTED,1,0,0,0,0
C_vs_tamano,CRC32,64,512,0.01,4,544,32,6.25,ERROR_DETECTED,1,0,0,0,0
C_vs_tamano,CRC32,64,512,0.01,8,544,32,6.25,ERROR_DETECTED,1,0,0,0,0
C_vs_tamano,CRC32,64,512,0.01,6,544,32,6.25,ERROR_DETECTED,1,0,0,0,0
C_vs_tamano,CRC32,64,512,0.01,5,544,32,6.25,ERROR_DETECTED,1,0,0,0,0
C_vs_tamano,CRC32,64,512,0.01,6,544,32,6.25,ERROR_DETECTED,1,0,0,0,0
C_vs_tamano,CRC32,64,512,0.01,7,544,32,6.25,ERROR_DETECTED,1,0,0,0,0
C_vs_tamano,CRC32,64,512,0.01,4,544,32,6.25,ERROR_DETECTED,1,0,0,0,0
C_vs_tamano,CRC32,64,512,0.01,7,544,32,6.25,ERROR_DETECTED,1,0,0,0,0
C_vs_tamano,CRC32,64,512,0.01,3,544,32,6.25,ERROR_DETECTED,1,0,0,0,0
C_vs_tamano,CRC32,64,512,0.01,8,544,32,6.25,ERROR_DETECTED,1,0,0,0,0
C_vs_tamano,CRC32,64,512,0.01,2,544,32,6.25,ERROR_DETECTED,1,0,0,0,0
C_vs_tamano,CRC32,64,512,0.01,2,544,32,6.25,ERROR_DETECTED,1,0,0,0,0
C_vs_tamano,CRC32,64,512,0.01,8,544,32,6.25,ERROR_DETECTED,1,0,0,0,0
C_vs_tamano,CRC32,64,512,0.01,5,544,32,6.25,ERROR_DETECTED,1,0,0,0,0
C_vs_tamano,CRC32,64,512,0.01,8,544,32,6.25,ERROR_DETECTED,1,0,0,0,0
C_vs_tamano,CRC32,64,512,0.01,5,544,32,6.25,ERROR_DETECTED,1,0,0,0,0
C_vs_tamano,CRC32,64,512,0.01,5,544,32,6.25,ERROR_DETECTED,1,0,0,0,0
C_vs_tamano,CRC32,64,512,0.01,5,544,32,6.25,ERROR_DETECTED,1,0,0,0,0
C_vs_tamano,CRC32,64,512,0.01,8,544,32,6.25,ERROR_DETECTED,1,0,0,0,0
C_vs_tamano,CRC32,64,512,0.01,2,544,32,6.25,ERROR_DETECTED,1,0,0,0,0
C_vs_tamano,CRC32,64,512,0.01,5,544,32,6.25,ERROR_DETECTED,1,0,0,0,0
C_vs_tamano,CRC32,64,512,0.01,3,544,32,6.25,ERROR_DETECTED,1,0,0,0,0
C_vs_tamano,CRC32,64,512,0.01,2,544,32,6.25,ERROR_DETECTED,1,0,0,0,0
C_vs_tamano,CRC32,64,512,0.01,10,544,32,6.25,ERROR_DETECTED,1,0,0,0,0
C_vs_tamano,CRC32,64,512,0.01,4,544,32,6.25,ERROR_DETECTED,1,0,0,0,0
C_vs_tamano,CRC32,64,512,0.01,3,544,32,6.25,ERROR_DETECTED,1,0,0,0,0
C_vs_tamano,CRC32,64,512,0.01,5,544,32,6.25,ERROR_DETECTED,1,0,0,0,0
C_vs_tamano,CRC32,64,512,0.01,7,544,32,6.25,ERROR_DETECTED,1,0,0,0,0
C_vs_tamano,CRC32,64,512,0.01,6,544,32,6.25,ERROR_DETECTED,1,0,0,0,0
C_vs_tamano,CRC32,64,512,0.01,10,544,32,6.25,ERROR_DETECTED,1,0,0,0,0
C_vs_tamano,CRC32,64,512,0.01,3,544,32,6.25,ERROR_DETECTED,1,0,0,0,0
C_vs_tamano,CRC32,64,512,0.01,5,544,32,6.25,ERROR_DETECTED,1,0,0,0,0
C_vs_tamano,CRC32,64,512,0.01,6,544,32,6.25,ERROR_DETECTED,1,0,0,0,0
C_vs_tamano,CRC32,64,512,0.01,4,544,32,6.25,ERROR_DETECTED,1,0,0,0,0
C_vs_tamano,CRC32,64,512,0.01,3,544,32,6.25,ERROR_DETECTED,1,0,0,0,0
C_vs_tamano,CRC32,64,512,0.01,2,544,32,6.25,ERROR_DETECTED,1,0,0,0,0
C_vs_tamano,CRC32,64,512,0.01,9,544,32,6.25,ERROR_DETECTED,1,0,0,0,0
C_vs_tamano,CRC32,64,512,0.01,4,544,32,6.25,ERROR_DETECTED,1,0,0,0,0
C_vs_tamano,CRC32,64,512,0.01,8,544,32,6.25,ERROR_DETECTED,1,0,0,0,0
C_vs_tamano,CRC32,64,512,0.01,3,544,32,6.25,ERROR_DETECTED,1,0,0,0,0
C_vs_tamano,CRC32,64,512,0.01,2,544,32,6.25,ERROR_DETECTED,1,0,0,0,0
C_vs_tamano,CRC32,64,512,0.01,6,544,32,6.25,ERROR_DETECTED,1,0,0,0,0
C_vs_tamano,CRC32,64,512,0.01,4,544,32,6.25,ERROR_DETECTED,1,0,0,0,0
C_vs_tamano,CRC32,64,512,0.01,5,544,32,6.25,ERROR_DETECTED,1,0,0,0,0
C_vs_tamano,CRC32,64,512,0.01,9,544,32,6.25,ERROR_DETECTED,1,0,0,0,0
C_vs_tamano,CRC32,64,512,0.01,6,544,32,6.25,ERROR_DETECTED,1,0,0,0,0
C_vs_tamano,CRC32,64,512,0.01,4,544,32,6.25,ERROR_DETECTED,1,0,0,0,0
C_vs_tamano,CRC32,64,512,0.01,3,544,32,6.25,ERROR_DETECTED,1,0,0,0,0
C_vs_tamano,CRC32,64,512,0.01,4,544,32,6.25,ERROR_DETECTED,1,0,0,0,0
C_vs_tamano,CRC32,64,512,0.01,5,544,32,6.25,ERROR_DETECTED,1,0,0,0,0
C_vs_tamano,CRC32,64,512,0.01,3,544,32,6.25,ERROR_DETECTED,1,0,0,0,0
C_vs_tamano,CRC32,64,512,0.01,5,544,32,6.25,ERROR_DETECTED,1,0,0,0,0
C_vs_tamano,CRC32,64,512,0.01,3,544,32,6.25,ERROR_DETECTED,1,0,0,0,0
C_vs_tamano,CRC32,64,512,0.01,3,544,32,6.25,ERROR_DETECTED,1,0,0,0,0
C_vs_tamano,CRC32,64,512,0.01,2,544,32,6.25,ERROR_DETECTED,1,0,0,0,0
C_vs_tamano,CRC32,64,512,0.01,6,544,32,6.25,ERROR_DETECTED,1,0,0,0,0
C_vs_tamano,CRC32,64,512,0.01,8,544,32,6.25,ERROR_DETECTED,1,0,0,0,0
C_vs_tamano,CRC32,64,512,0.01,5,544,32,6.25,ERROR_DETECTED,1,0,0,0,0
C_vs_tamano,CRC32,64,512,0.01,5,544,32,6.25,ERROR_DETECTED,1,0,0,0,0
C_vs_tamano,CRC32,64,512,0.01,7,544,32,6.25,ERROR_DETECTED,1,0,0,0,0
C_vs_tamano,CRC32,64,512,0.01,7,544,32,6.25,ERROR_DETECTED,1,0,0,0,0
C_vs_tamano,CRC32,64,512,0.01,7,544,32,6.25,ERROR_DETECTED,1,0,0,0,0
C_vs_tamano,CRC32,64,512,0.01,2,544,32,6.25,ERROR_DETECTED,1,0,0,0,0
C_vs_tamano,CRC32,64,512,0.01,5,544,32,6.25,ERROR_DETECTED,1,0,0,0,0
C_vs_tamano,CRC32,64,512,0.01,2,544,32,6.25,ERROR_DETECTED,1,0,0,0,0
C_vs_tamano,CRC32,64,512,0.01,5,544,32,6.25,ERROR_DETECTED,1,0,0,0,0
C_vs_tamano,CRC32,64,512,0.01,5,544,32,6.25,ERROR_DETECTED,1,0,0,0,0
C_vs_tamano,CRC32,64,512,0.01,3,544,32,6.25,ERROR_DETECTED,1,0,0,0,0
C_vs_tamano,CRC32,64,512,0.01,5,544,32,6.25,ERROR_DETECTED,1,0,0,0,0
C_vs_tamano,CRC32,64,512,0.01,5,544,32,6.25,ERROR_DETECTED,1,0,0,0,0
C_vs_tamano,CRC32,64,512,0.01,7,544,32,6.25,ERROR_DETECTED,1,0,0,0,0
C_vs_tamano,CRC32,64,512,0.01,6,544,32,6.25,ERROR_DETECTED,1,0,0,0,0
C_vs_tamano,CRC32,64,512,0.01,6,544,32,6.25,ERROR_DETECTED,1,0,0,0,0
C_vs_tamano,CRC32,64,512,0.01,4,544,32,6.25,ERROR_DETECTED,1,0,0,0,0
C_vs_tamano,CRC32,64,512,0.01,5,544,32,6.25,ERROR_DETECTED,1,0,0,0,0
C_vs_tamano,CRC32,64,512,0.01,4,544,32,6.25,ERROR_DETECTED,1,0,0,0,0
C_vs_tamano,CRC32,64,512,0.01,4,544,32,6.25,ERROR_DETECTED,1,0,0,0,0
C_vs_tamano,CRC32,64,512,0.01,4,544,32,6.25,ERROR_DETECTED,1,0,0,0,0
C_vs_tamano,CRC32,64,512,0.01,4,544,32,6.25,ERROR_DETECTED,1,0,0,0,0
C_vs_tamano,CRC32,64,512,0.01,8,544,32,6.25,ERROR_DETECTED,1,0,0,0,0
C_vs_tamano,CRC32,64,512,0.01,3,544,32,6.25,ERROR_DETECTED,1,0,0,0,0
C_vs_tamano,CRC32,64,512,0.01,6,544,32,6.25,ERROR_DETECTED,1,0,0,0,0
C_vs_tamano,CRC32,64,512,0.01,6,544,32,6.25,ERROR_DETECTED,1,0,0,0,0
C_vs_tamano,CRC32,64,512,0.01,4,544,32,6.25,ERROR_DETECTED,1,0,0,0,0
C_vs_tamano,CRC32,64,512,0.01,4,544,32,6.25,ERROR_DETECTED,1,0,0,0,0
C_vs_tamano,CRC32,64,512,0.01,10,544,32,6.25,ERROR_DETECTED,1,0,0,0,0
C_vs_tamano,CRC32,64,512,0.01,11,544,32,6.25,ERROR_DETECTED,1,0,0,0,0
C_vs_tamano,CRC32,64,512,0.01,5,544,32,6.25,ERROR_DETECTED,1,0,0,0,0
C_vs_tamano,CRC32,64,512,0.01,7,544,32,6.25,ERROR_DETECTED,1,0,0,0,0
C_vs_tamano,CRC32,64,512,0.01,6,544,32,6.25,ERROR_DETECTED,1,0,0,0,0
C_vs_tamano,CRC32,64,512,0.01,8,544,32,6.25,ERROR_DETECTED,1,0,0,0,0
C_vs_tamano,CRC32,64,512,0.01,5,544,32,6.25,ERROR_DETECTED,1,0,0,0,0
C_vs_tamano,CRC32,64,512,0.01,5,544,32,6.25,ERROR_DETECTED,1,0,0,0,0
C_vs_tamano,CRC32,64,512,0.01,4,544,32,6.25,ERROR_DETECTED,1,0,0,0,0
C_vs_tamano,CRC32,64,512,0.01,8,544,32,6.25,ERROR_DETECTED,1,0,0,0,0
C_vs_tamano,CRC32,64,512,0.01,2,544,32,6.25,ERROR_DETECTED,1,0,0,0,0
C_vs_tamano,CRC32,64,512,0.01,5,544,32,6.25,ERROR_DETECTED,1,0,0,0,0
C_vs_tamano,CRC32,64,512,0.01,6,544,32,6.25,ERROR_DETECTED,1,0,0,0,0
C_vs_tamano,CRC32,64,512,0.01,8,544,32,6.25,ERROR_DETECTED,1,0,0,0,0
C_vs_tamano,CRC32,64,512,0.01,3,544,32,6.25,ERROR_DETECTED,1,0,0,0,0
C_vs_tamano,CRC32,64,512,0.01,5,544,32,6.25,ERROR_DETECTED,1,0,0,0,0
C_vs_tamano,CRC32,64,512,0.01,4,544,32,6.25,ERROR_DETECTED,1,0,0,0,0
C_vs_tamano,CRC32,64,512,0.01,9,544,32,6.25,ERROR_DETECTED,1,0,0,0,0
C_vs_tamano,CRC32,64,512,0.01,6,544,32,6.25,ERROR_DETECTED,1,0,0,0,0
C_vs_tamano,CRC32,64,512,0.01,4,544,32,6.25,ERROR_DETECTED,1,0,0,0,0
C_vs_tamano,CRC32,64,512,0.01,4,544,32,6.25,ERROR_DETECTED,1,0,0,0,0
C_vs_tamano,CRC32,64,512,0.01,6,544,32,6.25,ERROR_DETECTED,1,0,0,0,0
C_vs_tamano,CRC32,64,512,0.01,6,544,32,6.25,ERROR_DETECTED,1,0,0,0,0
C_vs_tamano,CRC32,64,512,0.01,3,544,32,6.25,ERROR_DETECTED,1,0,0,0,0
C_vs_tamano,CRC32,64,512,0.01,4,544,32,6.25,ERROR_DETECTED,1,0,0,0,0
C_vs_tamano,CRC32,64,512,0.01,6,544,32,6.25,ERROR_DETECTED,1,0,0,0,0
C_vs_tamano,CRC32,64,512,0.01,2,544,32,6.25,ERROR_DETECTED,1,0,0,0,0
C_vs_tamano,CRC32,64,512,0.01,5,544,32,6.25,ERROR_DETECTED,1,0,0,0,0
C_vs_tamano,CRC32,64,512,0.01,6,544,32,6.25,ERROR_DETECTED,1,0,0,0,0
C_vs_tamano,CRC32,64,512,0.01,5,544,32,6.25,ERROR_DETECTED,1,0,0,0,0
C_vs_tamano,CRC32,64,512,0.01,8,544,32,6.25,ERROR_DETECTED,1,0,0,0,0
C_vs_tamano,CRC32,64,512,0.01,6,544,32,6.25,ERROR_DETECTED,1,0,0,0,0
C_vs_tamano,CRC32,64,512,0.01,1,544,32,6.25,ERROR_DETECTED,1,0,0,0,0
C_vs_tamano,CRC32,64,512,0.01,2,544,32,6.25,ERROR_DETECTED,1,0,0,0,0
C_vs_tamano,CRC32,64,512,0.01,9,544,32,6.25,ERROR_DETECTED,1,0,0,0,0
C_vs_tamano,CRC32,64,512,0.01,4,544,32,6.25,ERROR_DETECTED,1,0,0,0,0
C_vs_tamano,CRC32,64,512,0.01,5,544,32,6.25,ERROR_DETECTED,1,0,0,0,0
C_vs_tamano,CRC32,64,512,0.01,6,544,32,6.25,ERROR_DETECTED,1,0,0,0,0
C_vs_tamano,CRC32,128,1024,0.01,9,1056,32,3.125,ERROR_DETECTED,1,0,0,0,0
C_vs_tamano,CRC32,128,1024,0.01,11,1056,32,3.125,ERROR_DETECTED,1,0,0,0,0
C_vs_tamano,CRC32,128,1024,0.01,10,1056,32,3.125,ERROR_DETECTED,1,0,0,0,0
C_vs_tamano,CRC32,128,1024,0.01,9,1056,32,3.125,ERROR_DETECTED,1,0,0,0,0
C_vs_tamano,CRC32,128,1024,0.01,8,1056,32,3.125,ERROR_DETECTED,1,0,0,0,0
C_vs_tamano,CRC32,128,1024,0.01,9,1056,32,3.125,ERROR_DETECTED,1,0,0,0,0
C_vs_tamano,CRC32,128,1024,0.01,11,1056,32,3.125,ERROR_DETECTED,1,0,0,0,0
C_vs_tamano,CRC32,128,1024,0.01,10,1056,32,3.125,ERROR_DETECTED,1,0,0,0,0
C_vs_tamano,CRC32,128,1024,0.01,8,1056,32,3.125,ERROR_DETECTED,1,0,0,0,0
C_vs_tamano,CRC32,128,1024,0.01,9,1056,32,3.125,ERROR_DETECTED,1,0,0,0,0
C_vs_tamano,CRC32,128,1024,0.01,9,1056,32,3.125,ERROR_DETECTED,1,0,0,0,0
C_vs_tamano,CRC32,128,1024,0.01,9,1056,32,3.125,ERROR_DETECTED,1,0,0,0,0
C_vs_tamano,CRC32,128,1024,0.01,16,1056,32,3.125,ERROR_DETECTED,1,0,0,0,0
C_vs_tamano,CRC32,128,1024,0.01,12,1056,32,3.125,ERROR_DETECTED,1,0,0,0,0
C_vs_tamano,CRC32,128,1024,0.01,11,1056,32,3.125,ERROR_DETECTED,1,0,0,0,0
C_vs_tamano,CRC32,128,1024,0.01,5,1056,32,3.125,ERROR_DETECTED,1,0,0,0,0
C_vs_tamano,CRC32,128,1024,0.01,14,1056,32,3.125,ERROR_DETECTED,1,0,0,0,0
C_vs_tamano,CRC32,128,1024,0.01,15,1056,32,3.125,ERROR_DETECTED,1,0,0,0,0
C_vs_tamano,CRC32,128,1024,0.01,11,1056,32,3.125,ERROR_DETECTED,1,0,0,0,0
C_vs_tamano,CRC32,128,1024,0.01,13,1056,32,3.125,ERROR_DETECTED,1,0,0,0,0
C_vs_tamano,CRC32,128,1024,0.01,17,1056,32,3.125,ERROR_DETECTED,1,0,0,0,0
C_vs_tamano,CRC32,128,1024,0.01,10,1056,32,3.125,ERROR_DETECTED,1,0,0,0,0
C_vs_tamano,CRC32,128,1024,0.01,10,1056,32,3.125,ERROR_DETECTED,1,0,0,0,0
C_vs_tamano,CRC32,128,1024,0.01,11,1056,32,3.125,ERROR_DETECTED,1,0,0,0,0
C_vs_tamano,CRC32,128,1024,0.01,11,1056,32,3.125,ERROR_DETECTED,1,0,0,0,0
C_vs_tamano,CRC32,128,1024,0.01,12,1056,32,3.125,ERROR_DETECTED,1,0,0,0,0
C_vs_tamano,CRC32,128,1024,0.01,9,1056,32,3.125,ERROR_DETECTED,1,0,0,0,0
C_vs_tamano,CRC32,128,1024,0.01,9,1056,32,3.125,ERROR_DETECTED,1,0,0,0,0
C_vs_tamano,CRC32,128,1024,0.01,8,1056,32,3.125,ERROR_DETECTED,1,0,0,0,0
C_vs_tamano,CRC32,128,1024,0.01,8,1056,32,3.125,ERROR_DETECTED,1,0,0,0,0
C_vs_tamano,CRC32,128,1024,0.01,7,1056,32,3.125,ERROR_DETECTED,1,0,0,0,0
C_vs_tamano,CRC32,128,1024,0.01,6,1056,32,3.125,ERROR_DETECTED,1,0,0,0,0
C_vs_tamano,CRC32,128,1024,0.01,12,1056,32,3.125,ERROR_DETECTED,1,0,0,0,0
C_vs_tamano,CRC32,128,1024,0.01,13,1056,32,3.125,ERROR_DETECTED,1,0,0,0,0
C_vs_tamano,CRC32,128,1024,0.01,10,1056,32,3.125,ERROR_DETECTED,1,0,0,0,0
C_vs_tamano,CRC32,128,1024,0.01,10,1056,32,3.125,ERROR_DETECTED,1,0,0,0,0
C_vs_tamano,CRC32,128,1024,0.01,9,1056,32,3.125,ERROR_DETECTED,1,0,0,0,0
C_vs_tamano,CRC32,128,1024,0.01,8,1056,32,3.125,ERROR_DETECTED,1,0,0,0,0
C_vs_tamano,CRC32,128,1024,0.01,8,1056,32,3.125,ERROR_DETECTED,1,0,0,0,0
C_vs_tamano,CRC32,128,1024,0.01,14,1056,32,3.125,ERROR_DETECTED,1,0,0,0,0
C_vs_tamano,CRC32,128,1024,0.01,10,1056,32,3.125,ERROR_DETECTED,1,0,0,0,0
C_vs_tamano,CRC32,128,1024,0.01,14,1056,32,3.125,ERROR_DETECTED,1,0,0,0,0
C_vs_tamano,CRC32,128,1024,0.01,4,1056,32,3.125,ERROR_DETECTED,1,0,0,0,0
C_vs_tamano,CRC32,128,1024,0.01,16,1056,32,3.125,ERROR_DETECTED,1,0,0,0,0
C_vs_tamano,CRC32,128,1024,0.01,11,1056,32,3.125,ERROR_DETECTED,1,0,0,0,0
C_vs_tamano,CRC32,128,1024,0.01,11,1056,32,3.125,ERROR_DETECTED,1,0,0,0,0
C_vs_tamano,CRC32,128,1024,0.01,5,1056,32,3.125,ERROR_DETECTED,1,0,0,0,0
C_vs_tamano,CRC32,128,1024,0.01,12,1056,32,3.125,ERROR_DETECTED,1,0,0,0,0
C_vs_tamano,CRC32,128,1024,0.01,11,1056,32,3.125,ERROR_DETECTED,1,0,0,0,0
C_vs_tamano,CRC32,128,1024,0.01,5,1056,32,3.125,ERROR_DETECTED,1,0,0,0,0
C_vs_tamano,CRC32,128,1024,0.01,5,1056,32,3.125,ERROR_DETECTED,1,0,0,0,0
C_vs_tamano,CRC32,128,1024,0.01,2,1056,32,3.125,ERROR_DETECTED,1,0,0,0,0
C_vs_tamano,CRC32,128,1024,0.01,4,1056,32,3.125,ERROR_DETECTED,1,0,0,0,0
C_vs_tamano,CRC32,128,1024,0.01,14,1056,32,3.125,ERROR_DETECTED,1,0,0,0,0
C_vs_tamano,CRC32,128,1024,0.01,3,1056,32,3.125,ERROR_DETECTED,1,0,0,0,0
C_vs_tamano,CRC32,128,1024,0.01,16,1056,32,3.125,ERROR_DETECTED,1,0,0,0,0
C_vs_tamano,CRC32,128,1024,0.01,12,1056,32,3.125,ERROR_DETECTED,1,0,0,0,0
C_vs_tamano,CRC32,128,1024,0.01,13,1056,32,3.125,ERROR_DETECTED,1,0,0,0,0
C_vs_tamano,CRC32,128,1024,0.01,12,1056,32,3.125,ERROR_DETECTED,1,0,0,0,0
C_vs_tamano,CRC32,128,1024,0.01,8,1056,32,3.125,ERROR_DETECTED,1,0,0,0,0
C_vs_tamano,CRC32,128,1024,0.01,18,1056,32,3.125,ERROR_DETECTED,1,0,0,0,0
C_vs_tamano,CRC32,128,1024,0.01,7,1056,32,3.125,ERROR_DETECTED,1,0,0,0,0
C_vs_tamano,CRC32,128,1024,0.01,14,1056,32,3.125,ERROR_DETECTED,1,0,0,0,0
C_vs_tamano,CRC32,128,1024,0.01,15,1056,32,3.125,ERROR_DETECTED,1,0,0,0,0
C_vs_tamano,CRC32,128,1024,0.01,19,1056,32,3.125,ERROR_DETECTED,1,0,0,0,0
C_vs_tamano,CRC32,128,1024,0.01,13,1056,32,3.125,ERROR_DETECTED,1,0,0,0,0
C_vs_tamano,CRC32,128,1024,0.01,6,1056,32,3.125,ERROR_DETECTED,1,0,0,0,0
C_vs_tamano,CRC32,128,1024,0.01,15,1056,32,3.125,ERROR_DETECTED,1,0,0,0,0
C_vs_tamano,CRC32,128,1024,0.01,6,1056,32,3.125,ERROR_DETECTED,1,0,0,0,0
C_vs_tamano,CRC32,128,1024,0.01,15,1056,32,3.125,ERROR_DETECTED,1,0,0,0,0
C_vs_tamano,CRC32,128,1024,0.01,8,1056,32,3.125,ERROR_DETECTED,1,0,0,0,0
C_vs_tamano,CRC32,128,1024,0.01,20,1056,32,3.125,ERROR_DETECTED,1,0,0,0,0
C_vs_tamano,CRC32,128,1024,0.01,12,1056,32,3.125,ERROR_DETECTED,1,0,0,0,0
C_vs_tamano,CRC32,128,1024,0.01,6,1056,32,3.125,ERROR_DETECTED,1,0,0,0,0
C_vs_tamano,CRC32,128,1024,0.01,4,1056,32,3.125,ERROR_DETECTED,1,0,0,0,0
C_vs_tamano,CRC32,128,1024,0.01,12,1056,32,3.125,ERROR_DETECTED,1,0,0,0,0
C_vs_tamano,CRC32,128,1024,0.01,15,1056,32,3.125,ERROR_DETECTED,1,0,0,0,0
C_vs_tamano,CRC32,128,1024,0.01,12,1056,32,3.125,ERROR_DETECTED,1,0,0,0,0
C_vs_tamano,CRC32,128,1024,0.01,13,1056,32,3.125,ERROR_DETECTED,1,0,0,0,0
C_vs_tamano,CRC32,128,1024,0.01,11,1056,32,3.125,ERROR_DETECTED,1,0,0,0,0
C_vs_tamano,CRC32,128,1024,0.01,12,1056,32,3.125,ERROR_DETECTED,1,0,0,0,0
C_vs_tamano,CRC32,128,1024,0.01,13,1056,32,3.125,ERROR_DETECTED,1,0,0,0,0
C_vs_tamano,CRC32,128,1024,0.01,11,1056,32,3.125,ERROR_DETECTED,1,0,0,0,0
C_vs_tamano,CRC32,128,1024,0.01,16,1056,32,3.125,ERROR_DETECTED,1,0,0,0,0
C_vs_tamano,CRC32,128,1024,0.01,13,1056,32,3.125,ERROR_DETECTED,1,0,0,0,0
C_vs_tamano,CRC32,128,1024,0.01,14,1056,32,3.125,ERROR_DETECTED,1,0,0,0,0
C_vs_tamano,CRC32,128,1024,0.01,9,1056,32,3.125,ERROR_DETECTED,1,0,0,0,0
C_vs_tamano,CRC32,128,1024,0.01,6,1056,32,3.125,ERROR_DETECTED,1,0,0,0,0
C_vs_tamano,CRC32,128,1024,0.01,11,1056,32,3.125,ERROR_DETECTED,1,0,0,0,0
C_vs_tamano,CRC32,128,1024,0.01,18,1056,32,3.125,ERROR_DETECTED,1,0,0,0,0
C_vs_tamano,CRC32,128,1024,0.01,8,1056,32,3.125,ERROR_DETECTED,1,0,0,0,0
C_vs_tamano,CRC32,128,1024,0.01,15,1056,32,3.125,ERROR_DETECTED,1,0,0,0,0
C_vs_tamano,CRC32,128,1024,0.01,10,1056,32,3.125,ERROR_DETECTED,1,0,0,0,0
C_vs_tamano,CRC32,128,1024,0.01,3,1056,32,3.125,ERROR_DETECTED,1,0,0,0,0
C_vs_tamano,CRC32,128,1024,0.01,12,1056,32,3.125,ERROR_DETECTED,1,0,0,0,0
C_vs_tamano,CRC32,128,1024,0.01,14,1056,32,3.125,ERROR_DETECTED,1,0,0,0,0
C_vs_tamano,CRC32,128,1024,0.01,9,1056,32,3.125,ERROR_DETECTED,1,0,0,0,0
C_vs_tamano,CRC32,128,1024,0.01,13,1056,32,3.125,ERROR_DETECTED,1,0,0,0,0
C_vs_tamano,CRC32,128,1024,0.01,8,1056,32,3.125,ERROR_DETECTED,1,0,0,0,0
C_vs_tamano,CRC32,128,1024,0.01,11,1056,32,3.125,ERROR_DETECTED,1,0,0,0,0
C_vs_tamano,CRC32,128,1024,0.01,16,1056,32,3.125,ERROR_DETECTED,1,0,0,0,0
C_vs_tamano,CRC32,128,1024,0.01,11,1056,32,3.125,ERROR_DETECTED,1,0,0,0,0
C_vs_tamano,CRC32,128,1024,0.01,6,1056,32,3.125,ERROR_DETECTED,1,0,0,0,0
C_vs_tamano,CRC32,128,1024,0.01,14,1056,32,3.125,ERROR_DETECTED,1,0,0,0,0
C_vs_tamano,CRC32,128,1024,0.01,7,1056,32,3.125,ERROR_DETECTED,1,0,0,0,0
C_vs_tamano,CRC32,128,1024,0.01,6,1056,32,3.125,ERROR_DETECTED,1,0,0,0,0
C_vs_tamano,CRC32,128,1024,0.01,14,1056,32,3.125,ERROR_DETECTED,1,0,0,0,0
C_vs_tamano,CRC32,128,1024,0.01,16,1056,32,3.125,ERROR_DETECTED,1,0,0,0,0
C_vs_tamano,CRC32,128,1024,0.01,7,1056,32,3.125,ERROR_DETECTED,1,0,0,0,0
C_vs_tamano,CRC32,128,1024,0.01,11,1056,32,3.125,ERROR_DETECTED,1,0,0,0,0
C_vs_tamano,CRC32,128,1024,0.01,4,1056,32,3.125,ERROR_DETECTED,1,0,0,0,0
C_vs_tamano,CRC32,128,1024,0.01,19,1056,32,3.125,ERROR_DETECTED,1,0,0,0,0
C_vs_tamano,CRC32,128,1024,0.01,11,1056,32,3.125,ERROR_DETECTED,1,0,0,0,0
C_vs_tamano,CRC32,128,1024,0.01,9,1056,32,3.125,ERROR_DETECTED,1,0,0,0,0
C_vs_tamano,CRC32,128,1024,0.01,12,1056,32,3.125,ERROR_DETECTED,1,0,0,0,0
C_vs_tamano,CRC32,128,1024,0.01,16,1056,32,3.125,ERROR_DETECTED,1,0,0,0,0
C_vs_tamano,CRC32,128,1024,0.01,9,1056,32,3.125,ERROR_DETECTED,1,0,0,0,0
C_vs_tamano,CRC32,128,1024,0.01,12,1056,32,3.125,ERROR_DETECTED,1,0,0,0,0
C_vs_tamano,CRC32,128,1024,0.01,13,1056,32,3.125,ERROR_DETECTED,1,0,0,0,0
C_vs_tamano,CRC32,128,1024,0.01,17,1056,32,3.125,ERROR_DETECTED,1,0,0,0,0
C_vs_tamano,CRC32,128,1024,0.01,15,1056,32,3.125,ERROR_DETECTED,1,0,0,0,0
C_vs_tamano,CRC32,128,1024,0.01,9,1056,32,3.125,ERROR_DETECTED,1,0,0,0,0
C_vs_tamano,CRC32,128,1024,0.01,9,1056,32,3.125,ERROR_DETECTED,1,0,0,0,0
C_vs_tamano,CRC32,128,1024,0.01,13,1056,32,3.125,ERROR_DETECTED,1,0,0,0,0
C_vs_tamano,CRC32,128,1024,0.01,21,1056,32,3.125,ERROR_DETECTED,1,0,0,0,0
C_vs_tamano,CRC32,128,1024,0.01,20,1056,32,3.125,ERROR_DETECTED,1,0,0,0,0
C_vs_tamano,CRC32,128,1024,0.01,10,1056,32,3.125,ERROR_DETECTED,1,0,0,0,0
C_vs_tamano,CRC32,128,1024,0.01,13,1056,32,3.125,ERROR_DETECTED,1,0,0,0,0
C_vs_tamano,CRC32,128,1024,0.01,17,1056,32,3.125,ERROR_DETECTED,1,0,0,0,0
C_vs_tamano,CRC32,128,1024,0.01,14,1056,32,3.125,ERROR_DETECTED,1,0,0,0,0
C_vs_tamano,CRC32,128,1024,0.01,14,1056,32,3.125,ERROR_DETECTED,1,0,0,0,0
C_vs_tamano,CRC32,128,1024,0.01,10,1056,32,3.125,ERROR_DETECTED,1,0,0,0,0
C_vs_tamano,CRC32,128,1024,0.01,14,1056,32,3.125,ERROR_DETECTED,1,0,0,0,0
C_vs_tamano,CRC32,128,1024,0.01,11,1056,32,3.125,ERROR_DETECTED,1,0,0,0,0
C_vs_tamano,CRC32,128,1024,0.01,12,1056,32,3.125,ERROR_DETECTED,1,0,0,0,0
C_vs_tamano,CRC32,128,1024,0.01,13,1056,32,3.125,ERROR_DETECTED,1,0,0,0,0
C_vs_tamano,CRC32,128,1024,0.01,5,1056,32,3.125,ERROR_DETECTED,1,0,0,0,0
C_vs_tamano,CRC32,128,1024,0.01,10,1056,32,3.125,ERROR_DETECTED,1,0,0,0,0
C_vs_tamano,CRC32,128,1024,0.01,8,1056,32,3.125,ERROR_DETECTED,1,0,0,0,0
C_vs_tamano,CRC32,128,1024,0.01,17,1056,32,3.125,ERROR_DETECTED,1,0,0,0,0
C_vs_tamano,CRC32,128,1024,0.01,12,1056,32,3.125,ERROR_DETECTED,1,0,0,0,0
C_vs_tamano,CRC32,128,1024,0.01,6,1056,32,3.125,ERROR_DETECTED,1,0,0,0,0
C_vs_tamano,CRC32,128,1024,0.01,7,1056,32,3.125,ERROR_DETECTED,1,0,0,0,0
C_vs_tamano,CRC32,128,1024,0.01,10,1056,32,3.125,ERROR_DETECTED,1,0,0,0,0
C_vs_tamano,CRC32,128,1024,0.01,7,1056,32,3.125,ERROR_DETECTED,1,0,0,0,0
C_vs_tamano,CRC32,128,1024,0.01,18,1056,32,3.125,ERROR_DETECTED,1,0,0,0,0
C_vs_tamano,CRC32,128,1024,0.01,18,1056,32,3.125,ERROR_DETECTED,1,0,0,0,0
C_vs_tamano,CRC32,128,1024,0.01,8,1056,32,3.125,ERROR_DETECTED,1,0,0,0,0
C_vs_tamano,CRC32,128,1024,0.01,14,1056,32,3.125,ERROR_DETECTED,1,0,0,0,0
C_vs_tamano,CRC32,128,1024,0.01,12,1056,32,3.125,ERROR_DETECTED,1,0,0,0,0
